client_id,split,n_rows,n_subjects,AD,CN,Uncertain,Others,Non-AD
0,federation,37,11,17,16,2.0,1.0,1.0
0,personalization,19,4,4,13,2.0,0.0,0.0
0,test,15,4,8,5,2.0,0.0,0.0
1,federation,573,116,11,536,18.0,1.0,7.0
1,personalization,242,39,1,231,8.0,2.0,0.0
1,test,171,39,5,156,8.0,2.0,0.0
2,federation,245,48,31,186,19.0,1.0,8.0
2,personalization,89,16,6,79,4.0,0.0,0.0
2,test,78,16,6,63,9.0,0.0,0.0
3,federation,99,23,12,80,6.0,1.0,0.0
3,personalization,41,8,11,28,2.0,0.0,0.0
3,test,27,8,4,23,0.0,0.0,0.0
4,federation,95,30,39,39,14.0,0.0,3.0
4,personalization,65,10,32,14,16.0,0.0,3.0
4,test,48,10,20,26,2.0,0.0,0.0
5,federation,412,77,20,356,28.0,3.0,5.0
5,personalization,119,25,14,101,4.0,0.0,0.0
5,test,122,25,7,112,3.0,0.0,0.0
6,federation,364,92,96,234,28.0,0.0,6.0
6,personalization,129,30,46,56,21.0,2.0,4.0
6,test,114,30,44,60,10.0,0.0,0.0
7,federation,118,29,21,80,14.0,2.0,1.0
7,personalization,57,10,10,43,4.0,0.0,0.0
7,test,43,10,10,30,3.0,0.0,0.0
8,federation,567,116,84,435,32.0,10.0,6.0
8,personalization,187,38,16,161,10.0,0.0,0.0
8,test,174,38,25,132,13.0,2.0,2.0
9,federation,285,76,38,208,27.0,4.0,8.0
9,personalization,119,26,16,95,8.0,0.0,0.0
9,test,161,26,16,128,14.0,2.0,1.0
