OASISID,client_id,split
OAS30091,0,test
OAS30527,0,test
OAS30941,0,test
OAS30108,0,test
OAS30765,0,personalization
OAS31229,0,personalization
OAS30178,0,personalization
OAS31112,0,personalization
OAS31214,0,federation
OAS31268,0,federation
OAS30114,0,federation
OAS30809,0,federation
OAS31348,0,federation
OAS30457,0,federation
OAS31078,0,federation
OAS30593,0,federation
OAS30838,0,federation
OAS31124,0,federation
OAS30534,0,federation
OAS30844,1,test
OAS30706,1,test
OAS31101,1,test
OAS31338,1,test
OAS30129,1,test
OAS31202,1,test
OAS31293,1,test
OAS30574,1,test
OAS30605,1,test
OAS31104,1,test
OAS31430,1,test
OAS30241,1,test
OAS31429,1,test
OAS30093,1,test
OAS30538,1,test
OAS31333,1,test
OAS31312,1,test
OAS30161,1,test
OAS31203,1,test
OAS30532,1,test
OAS31465,1,test
OAS31133,1,test
OAS30634,1,test
OAS30208,1,test
OAS30946,1,test
OAS31149,1,test
OAS31329,1,test
OAS30139,1,test
OAS30392,1,test
OAS31198,1,test
OAS30906,1,test
OAS30475,1,test
OAS30887,1,test
OAS30335,1,test
OAS30905,1,test
OAS31248,1,test
OAS30607,1,test
OAS31091,1,test
OAS30992,1,test
OAS30819,1,personalization
OAS30747,1,personalization
OAS31381,1,personalization
OAS30991,1,personalization
OAS30710,1,personalization
OAS30664,1,personalization
OAS30737,1,personalization
OAS30928,1,personalization
OAS31028,1,personalization
OAS30668,1,personalization
OAS31255,1,personalization
OAS30871,1,personalization
OAS30337,1,personalization
OAS30201,1,personalization
OAS31271,1,personalization
OAS31019,1,personalization
OAS30240,1,personalization
OAS30163,1,personalization
OAS30551,1,personalization
OAS30806,1,personalization
OAS30489,1,personalization
OAS30543,1,personalization
OAS30038,1,personalization
OAS31096,1,personalization
OAS30479,1,personalization
OAS30852,1,personalization
OAS31073,1,personalization
OAS30652,1,personalization
OAS30525,1,personalization
OAS31099,1,personalization
OAS31367,1,personalization
OAS30254,1,personalization
OAS30117,1,personalization
OAS30307,1,personalization
OAS30229,1,personalization
OAS30365,1,personalization
OAS31243,1,personalization
OAS30942,1,personalization
OAS31158,1,personalization
OAS30432,1,federation
OAS31020,1,federation
OAS31322,1,federation
OAS30624,1,federation
OAS30359,1,federation
OAS31180,1,federation
OAS30633,1,federation
OAS31047,1,federation
OAS30211,1,federation
OAS31136,1,federation
OAS31005,1,federation
OAS31037,1,federation
OAS30012,1,federation
OAS30632,1,federation
OAS30400,1,federation
OAS31199,1,federation
OAS30968,1,federation
OAS30693,1,federation
OAS30666,1,federation
OAS31143,1,federation
OAS30811,1,federation
OAS30309,1,federation
OAS31090,1,federation
OAS30500,1,federation
OAS30184,1,federation
OAS31131,1,federation
OAS30967,1,federation
OAS30264,1,federation
OAS30107,1,federation
OAS30568,1,federation
OAS31311,1,federation
OAS30048,1,federation
OAS30228,1,federation
OAS31350,1,federation
OAS30861,1,federation
OAS31168,1,federation
OAS30021,1,federation
OAS30263,1,federation
OAS30973,1,federation
OAS31226,1,federation
OAS31025,1,federation
OAS31224,1,federation
OAS30963,1,federation
OAS30103,1,federation
OAS30506,1,federation
OAS31040,1,federation
OAS31235,1,federation
OAS31339,1,federation
OAS30003,1,federation
OAS30676,1,federation
OAS31263,1,federation
OAS30557,1,federation
OAS31276,1,federation
OAS30515,1,federation
OAS30382,1,federation
OAS31115,1,federation
OAS30355,1,federation
OAS31022,1,federation
OAS30195,1,federation
OAS31252,1,federation
OAS31237,1,federation
OAS30647,1,federation
OAS30350,1,federation
OAS31356,1,federation
OAS30402,1,federation
OAS30717,1,federation
OAS31307,1,federation
OAS30371,1,federation
OAS31138,1,federation
OAS31175,1,federation
OAS30017,1,federation
OAS30875,1,federation
OAS30451,1,federation
OAS31076,1,federation
OAS30004,1,federation
OAS31362,1,federation
OAS30869,1,federation
OAS30423,1,federation
OAS30636,1,federation
OAS30274,1,federation
OAS30049,1,federation
OAS30908,1,federation
OAS30698,1,federation
OAS30663,1,federation
OAS31470,1,federation
OAS30438,1,federation
OAS30688,1,federation
OAS30072,1,federation
OAS30123,1,federation
OAS30484,1,federation
OAS31383,1,federation
OAS31071,1,federation
OAS30142,1,federation
OAS31269,1,federation
OAS30569,1,federation
OAS31453,1,federation
OAS31077,1,federation
OAS31343,1,federation
OAS31068,1,federation
OAS30509,1,federation
OAS30464,1,federation
OAS30888,1,federation
OAS30430,1,federation
OAS31315,1,federation
OAS30125,1,federation
OAS31279,1,federation
OAS30483,1,federation
OAS30420,1,federation
OAS30685,1,federation
OAS30183,1,federation
OAS30482,1,federation
OAS31238,1,federation
OAS30164,1,federation
OAS31414,1,federation
OAS31455,1,federation
OAS31057,1,federation
OAS30900,2,test
OAS30586,2,test
OAS31014,2,test
OAS30736,2,test
OAS30261,2,test
OAS30146,2,test
OAS30786,2,test
OAS30512,2,test
OAS31379,2,test
OAS30820,2,test
OAS30821,2,test
OAS30579,2,test
OAS31075,2,test
OAS30203,2,test
OAS30468,2,test
OAS30867,2,test
OAS30855,2,personalization
OAS30769,2,personalization
OAS30225,2,personalization
OAS31080,2,personalization
OAS30977,2,personalization
OAS30939,2,personalization
OAS31340,2,personalization
OAS30958,2,personalization
OAS31039,2,personalization
OAS30109,2,personalization
OAS30088,2,personalization
OAS30133,2,personalization
OAS30363,2,personalization
OAS31409,2,personalization
OAS31086,2,personalization
OAS30680,2,personalization
OAS31188,2,federation
OAS30564,2,federation
OAS31251,2,federation
OAS31376,2,federation
OAS30898,2,federation
OAS31257,2,federation
OAS30998,2,federation
OAS30145,2,federation
OAS30612,2,federation
OAS30715,2,federation
OAS30104,2,federation
OAS30194,2,federation
OAS31070,2,federation
OAS30040,2,federation
OAS30572,2,federation
OAS31424,2,federation
OAS30132,2,federation
OAS30683,2,federation
OAS30778,2,federation
OAS30587,2,federation
OAS30606,2,federation
OAS30518,2,federation
OAS30935,2,federation
OAS30571,2,federation
OAS31035,2,federation
OAS30580,2,federation
OAS31442,2,federation
OAS30032,2,federation
OAS31171,2,federation
OAS30364,2,federation
OAS30754,2,federation
OAS31105,2,federation
OAS30757,2,federation
OAS30656,2,federation
OAS30945,2,federation
OAS31373,2,federation
OAS31262,2,federation
OAS31222,2,federation
OAS30422,2,federation
OAS30705,2,federation
OAS31407,2,federation
OAS30463,2,federation
OAS30083,2,federation
OAS31261,2,federation
OAS31058,2,federation
OAS31365,2,federation
OAS30298,2,federation
OAS30173,2,federation
OAS31161,3,test
OAS30209,3,test
OAS30327,3,test
OAS30470,3,test
OAS31391,3,test
OAS30780,3,test
OAS30417,3,test
OAS31177,3,test
OAS31032,3,personalization
OAS31309,3,personalization
OAS30794,3,personalization
OAS30323,3,personalization
OAS30662,3,personalization
OAS31141,3,personalization
OAS30156,3,personalization
OAS30957,3,personalization
OAS30490,3,federation
OAS31474,3,federation
OAS30728,3,federation
OAS30608,3,federation
OAS30116,3,federation
OAS30119,3,federation
OAS30703,3,federation
OAS30498,3,federation
OAS30122,3,federation
OAS31126,3,federation
OAS30492,3,federation
OAS31125,3,federation
OAS30046,3,federation
OAS31327,3,federation
OAS30743,3,federation
OAS30070,3,federation
OAS31288,3,federation
OAS31065,3,federation
OAS30318,3,federation
OAS31140,3,federation
OAS31400,3,federation
OAS30763,3,federation
OAS30444,3,federation
OAS30141,4,test
OAS31179,4,test
OAS30729,4,test
OAS30377,4,test
OAS31129,4,test
OAS30152,4,test
OAS30853,4,test
OAS30373,4,test
OAS30878,4,test
OAS31359,4,test
OAS30472,4,personalization
OAS30914,4,personalization
OAS30322,4,personalization
OAS30759,4,personalization
OAS30734,4,personalization
OAS31459,4,personalization
OAS30474,4,personalization
OAS30136,4,personalization
OAS30923,4,personalization
OAS30344,4,personalization
OAS31230,4,federation
OAS31024,4,federation
OAS30255,4,federation
OAS30157,4,federation
OAS30410,4,federation
OAS30884,4,federation
OAS30259,4,federation
OAS30205,4,federation
OAS30053,4,federation
OAS30175,4,federation
OAS30413,4,federation
OAS30702,4,federation
OAS30873,4,federation
OAS30711,4,federation
OAS30110,4,federation
OAS31396,4,federation
OAS30556,4,federation
OAS31402,4,federation
OAS30654,4,federation
OAS30987,4,federation
OAS31260,4,federation
OAS30779,4,federation
OAS31038,4,federation
OAS30661,4,federation
OAS30416,4,federation
OAS30131,4,federation
OAS30848,4,federation
OAS30585,4,federation
OAS30802,4,federation
OAS30508,4,federation
OAS31303,5,test
OAS30781,5,test
OAS31135,5,test
OAS30832,5,test
OAS30918,5,test
OAS30562,5,test
OAS30061,5,test
OAS30154,5,test
OAS31036,5,test
OAS30708,5,test
OAS31145,5,test
OAS30814,5,test
OAS31274,5,test
OAS31335,5,test
OAS31196,5,test
OAS31048,5,test
OAS30934,5,test
OAS30341,5,test
OAS30631,5,test
OAS30478,5,test
OAS30121,5,test
OAS30503,5,test
OAS30558,5,test
OAS31193,5,test
OAS30008,5,test
OAS30235,5,personalization
OAS30731,5,personalization
OAS30458,5,personalization
OAS30285,5,personalization
OAS30390,5,personalization
OAS30391,5,personalization
OAS30986,5,personalization
OAS30006,5,personalization
OAS30600,5,personalization
OAS30320,5,personalization
OAS30895,5,personalization
OAS30010,5,personalization
OAS30927,5,personalization
OAS30870,5,personalization
OAS30428,5,personalization
OAS30950,5,personalization
OAS30775,5,personalization
OAS30411,5,personalization
OAS30881,5,personalization
OAS30842,5,personalization
OAS31192,5,personalization
OAS30115,5,personalization
OAS31358,5,personalization
OAS30467,5,personalization
OAS30824,5,personalization
OAS30429,5,federation
OAS30459,5,federation
OAS30481,5,federation
OAS30288,5,federation
OAS30879,5,federation
OAS30800,5,federation
OAS31320,5,federation
OAS30817,5,federation
OAS30909,5,federation
OAS31236,5,federation
OAS31205,5,federation
OAS30619,5,federation
OAS31110,5,federation
OAS31346,5,federation
OAS31217,5,federation
OAS30405,5,federation
OAS30713,5,federation
OAS30642,5,federation
OAS30845,5,federation
OAS30357,5,federation
OAS30784,5,federation
OAS31415,5,federation
OAS30788,5,federation
OAS30982,5,federation
OAS30755,5,federation
OAS30744,5,federation
OAS31150,5,federation
OAS30885,5,federation
OAS30626,5,federation
OAS30450,5,federation
OAS30902,5,federation
OAS30937,5,federation
OAS30001,5,federation
OAS30143,5,federation
OAS30082,5,federation
OAS30306,5,federation
OAS31448,5,federation
OAS31088,5,federation
OAS31380,5,federation
OAS31011,5,federation
OAS30751,5,federation
OAS30223,5,federation
OAS30250,5,federation
OAS30407,5,federation
OAS30149,5,federation
OAS30191,5,federation
OAS31345,5,federation
OAS30493,5,federation
OAS30695,5,federation
OAS31060,5,federation
OAS30621,5,federation
OAS31013,5,federation
OAS31041,5,federation
OAS30042,5,federation
OAS30787,5,federation
OAS31128,5,federation
OAS30018,5,federation
OAS31165,5,federation
OAS31232,5,federation
OAS30678,5,federation
OAS30074,5,federation
OAS31042,5,federation
OAS31094,5,federation
OAS30742,5,federation
OAS31155,5,federation
OAS30689,5,federation
OAS30179,5,federation
OAS30790,5,federation
OAS30528,5,federation
OAS30657,5,federation
OAS30628,5,federation
OAS30920,5,federation
OAS31393,5,federation
OAS30723,5,federation
OAS30293,5,federation
OAS31408,5,federation
OAS30745,5,federation
OAS30862,6,test
OAS30253,6,test
OAS31044,6,test
OAS31052,6,test
OAS30651,6,test
OAS30926,6,test
OAS31190,6,test
OAS31239,6,test
OAS30362,6,test
OAS31146,6,test
OAS30549,6,test
OAS31472,6,test
OAS30013,6,test
OAS30830,6,test
OAS31062,6,test
OAS31191,6,test
OAS30570,6,test
OAS30827,6,test
OAS30591,6,test
OAS30094,6,test
OAS30198,6,test
OAS30533,6,test
OAS30925,6,test
OAS30443,6,test
OAS30127,6,test
OAS30421,6,test
OAS31336,6,test
OAS30960,6,test
OAS31397,6,test
OAS30248,6,test
OAS31388,6,personalization
OAS30447,6,personalization
OAS30249,6,personalization
OAS30469,6,personalization
OAS30287,6,personalization
OAS30896,6,personalization
OAS30999,6,personalization
OAS30007,6,personalization
OAS30349,6,personalization
OAS31166,6,personalization
OAS30326,6,personalization
OAS30165,6,personalization
OAS31003,6,personalization
OAS30739,6,personalization
OAS31111,6,personalization
OAS30019,6,personalization
OAS30495,6,personalization
OAS30442,6,personalization
OAS30212,6,personalization
OAS30085,6,personalization
OAS30630,6,personalization
OAS30866,6,personalization
OAS30328,6,personalization
OAS31471,6,personalization
OAS30244,6,personalization
OAS30043,6,personalization
OAS31337,6,personalization
OAS30029,6,personalization
OAS30334,6,personalization
OAS30954,6,personalization
OAS30810,6,federation
OAS30826,6,federation
OAS31372,6,federation
OAS30190,6,federation
OAS30542,6,federation
OAS30064,6,federation
OAS30281,6,federation
OAS31378,6,federation
OAS30227,6,federation
OAS31152,6,federation
OAS30548,6,federation
OAS30217,6,federation
OAS30383,6,federation
OAS30984,6,federation
OAS30893,6,federation
OAS30283,6,federation
OAS31134,6,federation
OAS30336,6,federation
OAS30044,6,federation
OAS31227,6,federation
OAS30868,6,federation
OAS30658,6,federation
OAS31201,6,federation
OAS31406,6,federation
OAS30151,6,federation
OAS31404,6,federation
OAS30859,6,federation
OAS30267,6,federation
OAS30039,6,federation
OAS30105,6,federation
OAS30993,6,federation
OAS31420,6,federation
OAS30313,6,federation
OAS30962,6,federation
OAS30282,6,federation
OAS30448,6,federation
OAS30975,6,federation
OAS31270,6,federation
OAS30433,6,federation
OAS30841,6,federation
OAS30990,6,federation
OAS30202,6,federation
OAS31059,6,federation
OAS31259,6,federation
OAS30578,6,federation
OAS30134,6,federation
OAS30834,6,federation
OAS30431,6,federation
OAS30910,6,federation
OAS30795,6,federation
OAS30226,6,federation
OAS30592,6,federation
OAS30077,6,federation
OAS30732,6,federation
OAS31108,6,federation
OAS31241,6,federation
OAS30476,6,federation
OAS31325,6,federation
OAS30931,6,federation
OAS30367,6,federation
OAS30158,6,federation
OAS30453,6,federation
OAS31437,6,federation
OAS30850,6,federation
OAS30864,6,federation
OAS31008,6,federation
OAS30839,6,federation
OAS30494,6,federation
OAS31283,6,federation
OAS30150,6,federation
OAS30239,6,federation
OAS31469,6,federation
OAS31357,6,federation
OAS30197,6,federation
OAS30098,6,federation
OAS31015,6,federation
OAS30095,6,federation
OAS30280,6,federation
OAS30913,6,federation
OAS30269,6,federation
OAS30930,6,federation
OAS30947,6,federation
OAS31330,6,federation
OAS30168,6,federation
OAS31081,6,federation
OAS30719,6,federation
OAS31029,6,federation
OAS30452,6,federation
OAS31275,6,federation
OAS30966,6,federation
OAS31043,6,federation
OAS30865,6,federation
OAS30113,7,test
OAS31049,7,test
OAS31351,7,test
OAS31324,7,test
OAS31122,7,test
OAS30955,7,test
OAS31007,7,test
OAS30725,7,test
OAS31004,7,test
OAS31056,7,test
OAS30286,7,personalization
OAS30899,7,personalization
OAS30369,7,personalization
OAS30724,7,personalization
OAS30766,7,personalization
OAS31098,7,personalization
OAS30358,7,personalization
OAS30031,7,personalization
OAS30524,7,personalization
OAS30155,7,personalization
OAS30597,7,federation
OAS30577,7,federation
OAS30262,7,federation
OAS30099,7,federation
OAS30434,7,federation
OAS30880,7,federation
OAS31464,7,federation
OAS31084,7,federation
OAS30414,7,federation
OAS30655,7,federation
OAS30671,7,federation
OAS30027,7,federation
OAS30353,7,federation
OAS30536,7,federation
OAS30782,7,federation
OAS31197,7,federation
OAS31435,7,federation
OAS31281,7,federation
OAS31302,7,federation
OAS30776,7,federation
OAS31083,7,federation
OAS31323,7,federation
OAS31450,7,federation
OAS30858,7,federation
OAS30746,7,federation
OAS30398,7,federation
OAS31087,7,federation
OAS30315,7,federation
OAS30530,7,federation
OAS30863,8,test
OAS30076,8,test
OAS30187,8,test
OAS30296,8,test
OAS31395,8,test
OAS30435,8,test
OAS31085,8,test
OAS31285,8,test
OAS30961,8,test
OAS30210,8,test
OAS30486,8,test
OAS31417,8,test
OAS30403,8,test
OAS31411,8,test
OAS30825,8,test
OAS31204,8,test
OAS31273,8,test
OAS30237,8,test
OAS30238,8,test
OAS31245,8,test
OAS30068,8,test
OAS31284,8,test
OAS31221,8,test
OAS30727,8,test
OAS30924,8,test
OAS30128,8,test
OAS30079,8,test
OAS30762,8,test
OAS30220,8,test
OAS31113,8,test
OAS30978,8,test
OAS30531,8,test
OAS30797,8,test
OAS30883,8,test
OAS30919,8,test
OAS31440,8,test
OAS31063,8,test
OAS30387,8,test
OAS30397,8,personalization
OAS31072,8,personalization
OAS30106,8,personalization
OAS30638,8,personalization
OAS31189,8,personalization
OAS30055,8,personalization
OAS31018,8,personalization
OAS30818,8,personalization
OAS30510,8,personalization
OAS30015,8,personalization
OAS30159,8,personalization
OAS31153,8,personalization
OAS30783,8,personalization
OAS30174,8,personalization
OAS30436,8,personalization
OAS30086,8,personalization
OAS31119,8,personalization
OAS30854,8,personalization
OAS30974,8,personalization
OAS30096,8,personalization
OAS31142,8,personalization
OAS30216,8,personalization
OAS30886,8,personalization
OAS31418,8,personalization
OAS30988,8,personalization
OAS30218,8,personalization
OAS30499,8,personalization
OAS31310,8,personalization
OAS30316,8,personalization
OAS31462,8,personalization
OAS31410,8,personalization
OAS31109,8,personalization
OAS30169,8,personalization
OAS30679,8,personalization
OAS30303,8,personalization
OAS30325,8,personalization
OAS30840,8,personalization
OAS30304,8,personalization
OAS31157,8,federation
OAS31457,8,federation
OAS31282,8,federation
OAS30496,8,federation
OAS30625,8,federation
OAS30138,8,federation
OAS30643,8,federation
OAS30252,8,federation
OAS31046,8,federation
OAS30959,8,federation
OAS30137,8,federation
OAS30126,8,federation
OAS31398,8,federation
OAS30399,8,federation
OAS31064,8,federation
OAS31265,8,federation
OAS30677,8,federation
OAS31432,8,federation
OAS30707,8,federation
OAS30701,8,federation
OAS30471,8,federation
OAS30167,8,federation
OAS31210,8,federation
OAS30735,8,federation
OAS30922,8,federation
OAS30059,8,federation
OAS30100,8,federation
OAS30789,8,federation
OAS31246,8,federation
OAS30565,8,federation
OAS31394,8,federation
OAS31316,8,federation
OAS31100,8,federation
OAS30276,8,federation
OAS30770,8,federation
OAS30535,8,federation
OAS31097,8,federation
OAS31314,8,federation
OAS31374,8,federation
OAS31256,8,federation
OAS30487,8,federation
OAS30635,8,federation
OAS30603,8,federation
OAS30892,8,federation
OAS30523,8,federation
OAS30101,8,federation
OAS30376,8,federation
OAS30071,8,federation
OAS31313,8,federation
OAS30176,8,federation
OAS30030,8,federation
OAS30567,8,federation
OAS31280,8,federation
OAS30767,8,federation
OAS31033,8,federation
OAS31021,8,federation
OAS30352,8,federation
OAS30648,8,federation
OAS30561,8,federation
OAS30182,8,federation
OAS30576,8,federation
OAS31412,8,federation
OAS31170,8,federation
OAS30231,8,federation
OAS30750,8,federation
OAS30529,8,federation
OAS30446,8,federation
OAS31093,8,federation
OAS31297,8,federation
OAS30311,8,federation
OAS30798,8,federation
OAS31306,8,federation
OAS30378,8,federation
OAS31334,8,federation
OAS30370,8,federation
OAS30078,8,federation
OAS30329,8,federation
OAS30901,8,federation
OAS31319,8,federation
OAS30857,8,federation
OAS31172,8,federation
OAS30236,8,federation
OAS30502,8,federation
OAS31349,8,federation
OAS30667,8,federation
OAS30213,8,federation
OAS30193,8,federation
OAS30805,8,federation
OAS30026,8,federation
OAS30331,8,federation
OAS30005,8,federation
OAS30791,8,federation
OAS30552,8,federation
OAS30616,8,federation
OAS31107,8,federation
OAS30582,8,federation
OAS31277,8,federation
OAS30360,8,federation
OAS30147,8,federation
OAS30022,8,federation
OAS30741,8,federation
OAS31002,8,federation
OAS30691,8,federation
OAS30035,8,federation
OAS30375,8,federation
OAS31139,8,federation
OAS30964,8,federation
OAS30726,8,federation
OAS30764,8,federation
OAS30714,8,federation
OAS31249,8,federation
OAS31321,8,federation
OAS30171,8,federation
OAS30396,8,federation
OAS30618,8,federation
OAS30412,8,federation
OAS30801,9,test
OAS30721,9,test
OAS31433,9,test
OAS30777,9,test
OAS30965,9,test
OAS30314,9,test
OAS30733,9,test
OAS30224,9,test
OAS30052,9,test
OAS30876,9,test
OAS30308,9,test
OAS30602,9,test
OAS30189,9,test
OAS30985,9,test
OAS30641,9,test
OAS30300,9,test
OAS31012,9,test
OAS30687,9,test
OAS30933,9,test
OAS30504,9,test
OAS31370,9,test
OAS30455,9,test
OAS30560,9,test
OAS30497,9,test
OAS30465,9,test
OAS31178,9,test
OAS30317,9,personalization
OAS31382,9,personalization
OAS31089,9,personalization
OAS30995,9,personalization
OAS30342,9,personalization
OAS30760,9,personalization
OAS30808,9,personalization
OAS30379,9,personalization
OAS30547,9,personalization
OAS30921,9,personalization
OAS30890,9,personalization
OAS31466,9,personalization
OAS31184,9,personalization
OAS30319,9,personalization
OAS30385,9,personalization
OAS30860,9,personalization
OAS31162,9,personalization
OAS30181,9,personalization
OAS30976,9,personalization
OAS30559,9,personalization
OAS30207,9,personalization
OAS31209,9,personalization
OAS30768,9,personalization
OAS30793,9,personalization
OAS30836,9,personalization
OAS31219,9,personalization
OAS31181,9,federation
OAS30111,9,federation
OAS30009,9,federation
OAS30917,9,federation
OAS30720,9,federation
OAS30277,9,federation
OAS30969,9,federation
OAS30084,9,federation
OAS31473,9,federation
OAS30581,9,federation
OAS31009,9,federation
OAS31431,9,federation
OAS31208,9,federation
OAS30090,9,federation
OAS30441,9,federation
OAS30454,9,federation
OAS30752,9,federation
OAS30144,9,federation
OAS30002,9,federation
OAS30555,9,federation
OAS30102,9,federation
OAS30251,9,federation
OAS30247,9,federation
OAS30772,9,federation
OAS30938,9,federation
OAS31361,9,federation
OAS30033,9,federation
OAS30514,9,federation
OAS30522,9,federation
OAS31001,9,federation
OAS30302,9,federation
OAS30062,9,federation
OAS31267,9,federation
OAS31132,9,federation
OAS31103,9,federation
OAS30686,9,federation
OAS31278,9,federation
OAS30595,9,federation
OAS31118,9,federation
OAS30891,9,federation
OAS31317,9,federation
OAS31301,9,federation
OAS31010,9,federation
OAS30951,9,federation
OAS30761,9,federation
OAS30041,9,federation
OAS31449,9,federation
OAS31247,9,federation
OAS30419,9,federation
OAS31446,9,federation
OAS30461,9,federation
OAS30339,9,federation
OAS30024,9,federation
OAS30066,9,federation
OAS30653,9,federation
OAS30297,9,federation
OAS31066,9,federation
OAS31305,9,federation
OAS31326,9,federation
OAS30730,9,federation
OAS30843,9,federation
OAS31016,9,federation
OAS30025,9,federation
OAS31300,9,federation
OAS31368,9,federation
OAS31447,9,federation
OAS30257,9,federation
OAS30273,9,federation
OAS30613,9,federation
OAS30361,9,federation
OAS31384,9,federation
OAS31176,9,federation
OAS30785,9,federation
OAS31254,9,federation
OAS30690,9,federation
OAS30669,9,federation
