round,task,upload_bytes,simulated_broadcast_bytes,simulated_total_communication,cumulative_upload_bytes,cumulative_simulated_broadcast_bytes,cumulative_simulated_total_bytes,average_bytes_per_client_upload,average_bytes_per_client_round_total
1,diagnosis,955858,969978,1925836,955858,969978,1925836,95585.8,192583.6
2,diagnosis,959794,973914,1933708,1915652,1943892,3859544,95979.4,193370.8
3,diagnosis,958034,972154,1930188,2873686,2916046,5789732,95803.4,193018.8
4,diagnosis,939618,953738,1893356,3813304,3869784,7683088,93961.8,189335.6
5,diagnosis,955010,969130,1924140,4768314,4838914,9607228,95501.0,192414.0
6,diagnosis,952178,966298,1918476,5720492,5805212,11525704,95217.8,191847.6
7,diagnosis,932802,946906,1879708,6653294,6752118,13405412,93280.2,187970.8
8,diagnosis,951506,965610,1917116,7604800,7717728,15322528,95150.6,191711.6
9,diagnosis,948434,962538,1910972,8553234,8680266,17233500,94843.4,191097.2
10,diagnosis,956322,970426,1926748,9509556,9650692,19160248,95632.2,192674.8
11,diagnosis,941394,955498,1896892,10450950,10606190,21057140,94139.4,189689.2
12,diagnosis,960290,974394,1934684,11411240,11580584,22991824,96029.0,193468.4
13,diagnosis,914994,929098,1844092,12326234,12509682,24835916,91499.4,184409.2
14,diagnosis,945746,959850,1905596,13271980,13469532,26741512,94574.6,190559.6
15,diagnosis,948914,963018,1911932,14220894,14432550,28653444,94891.4,191193.2
16,diagnosis,986226,1000330,1986556,15207120,15432880,30640000,98622.6,198655.6
17,diagnosis,945650,959754,1905404,16152770,16392634,32545404,94565.0,190540.4
18,diagnosis,933666,947770,1881436,17086436,17340404,34426840,93366.6,188143.6
19,diagnosis,950434,964538,1914972,18036870,18304942,36341812,95043.4,191497.2
20,diagnosis,930786,944890,1875676,18967656,19249832,38217488,93078.6,187567.6
21,diagnosis,942978,957082,1900060,19910634,20206914,40117548,94297.8,190006.0
22,diagnosis,959522,973626,1933148,20870156,21180540,42050696,95952.2,193314.8
23,diagnosis,941346,955450,1896796,21811502,22135990,43947492,94134.6,189679.6
24,diagnosis,942130,956234,1898364,22753632,23092224,45845856,94213.0,189836.4
25,diagnosis,953298,967402,1920700,23706930,24059626,47766556,95329.8,192070.0
26,diagnosis,967554,981658,1949212,24674484,25041284,49715768,96755.4,194921.2
27,diagnosis,937890,951994,1889884,25612374,25993278,51605652,93789.0,188988.4
28,diagnosis,956850,970954,1927804,26569224,26964232,53533456,95685.0,192780.4
29,diagnosis,948994,963098,1912092,27518218,27927330,55445548,94899.4,191209.2
30,diagnosis,936066,950170,1886236,28454284,28877500,57331784,93606.6,188623.6
31,diagnosis,948402,962506,1910908,29402686,29840006,59242692,94840.2,191090.8
32,diagnosis,926498,940602,1867100,30329184,30780608,61109792,92649.8,186710.0
33,diagnosis,961138,975242,1936380,31290322,31755850,63046172,96113.8,193638.0
34,diagnosis,911058,925162,1836220,32201380,32681012,64882392,91105.8,183622.0
35,diagnosis,931442,945546,1876988,33132822,33626558,66759380,93144.2,187698.8
36,diagnosis,953474,967578,1921052,34086296,34594136,68680432,95347.4,192105.2
37,diagnosis,934514,948618,1883132,35020810,35542754,70563564,93451.4,188313.2
38,diagnosis,903682,917786,1821468,35924492,36460540,72385032,90368.2,182146.8
39,diagnosis,954978,969082,1924060,36879470,37429622,74309092,95497.8,192406.0
40,diagnosis,946018,960122,1906140,37825488,38389744,76215232,94601.8,190614.0
41,diagnosis,948642,962746,1911388,38774130,39352490,78126620,94864.2,191138.8
42,diagnosis,973858,987962,1961820,39747988,40340452,80088440,97385.8,196182.0
43,diagnosis,936818,950922,1887740,40684806,41291374,81976180,93681.8,188774.0
44,diagnosis,966450,980554,1947004,41651256,42271928,83923184,96645.0,194700.4
45,diagnosis,931730,945834,1877564,42582986,43217762,85800748,93173.0,187756.4
46,diagnosis,931810,945914,1877724,43514796,44163676,87678472,93181.0,187772.4
47,diagnosis,967282,981386,1948668,44482078,45145062,89627140,96728.2,194866.8
48,diagnosis,966850,980954,1947804,45448928,46126016,91574944,96685.0,194780.4
49,diagnosis,939858,953962,1893820,46388786,47079978,93468764,93985.8,189382.0
50,diagnosis,960930,975034,1935964,47349716,48055012,95404728,96093.0,193596.4
1,severity,1098554,1097228,2195782,1098554,1097228,2195782,109855.4,219578.2
2,severity,1099786,1098460,2198246,2198340,2195688,4394028,109978.6,219824.6
3,severity,1086234,1084908,2171142,3284574,3280596,6565170,108623.4,217114.2
4,severity,1119146,1117820,2236966,4403720,4398416,8802136,111914.6,223696.6
5,severity,1095386,1094060,2189446,5499106,5492476,10991582,109538.6,218944.6
6,severity,1079546,1078220,2157766,6578652,6570696,13149348,107954.6,215776.6
7,severity,1081834,1080556,2162390,7660486,7651252,15311738,108183.4,216239.0
8,severity,1118266,1116988,2235254,8778752,8768240,17546992,111826.6,223525.4
9,severity,1086410,1085132,2171542,9865162,9853372,19718534,108641.0,217154.2
10,severity,1098026,1096748,2194774,10963188,10950120,21913308,109802.6,219477.4
11,severity,1110346,1109068,2219414,12073534,12059188,24132722,111034.6,221941.4
12,severity,1080426,1079148,2159574,13153960,13138336,26292296,108042.6,215957.4
13,severity,1091514,1090236,2181750,14245474,14228572,28474046,109151.4,218175.0
14,severity,1107530,1106252,2213782,15353004,15334824,30687828,110753.0,221378.2
15,severity,1103306,1102028,2205334,16456310,16436852,32893162,110330.6,220533.4
16,severity,1085706,1084428,2170134,17542016,17521280,35063296,108570.6,217013.4
17,severity,1093098,1091820,2184918,18635114,18613100,37248214,109309.8,218491.8
18,severity,1094682,1093404,2188086,19729796,19706504,39436300,109468.2,218808.6
19,severity,1094506,1093228,2187734,20824302,20799732,41624034,109450.6,218773.4
20,severity,1109114,1107836,2216950,21933416,21907568,43840984,110911.4,221695.0
21,severity,1102426,1101148,2203574,23035842,23008716,46044558,110242.6,220357.4
22,severity,1105418,1104140,2209558,24141260,24112856,48254116,110541.8,220955.8
23,severity,1104362,1103084,2207446,25245622,25215940,50461562,110436.2,220744.6
24,severity,1103482,1102204,2205686,26349104,26318144,52667248,110348.2,220568.6
25,severity,1090810,1089532,2180342,27439914,27407676,54847590,109081.0,218034.2
26,severity,1079194,1077916,2157110,28519108,28485592,57004700,107919.4,215711.0
27,severity,1088346,1087068,2175414,29607454,29572660,59180114,108834.6,217541.4
28,severity,1106826,1105548,2212374,30714280,30678208,61392488,110682.6,221237.4
29,severity,1103306,1102028,2205334,31817586,31780236,63597822,110330.6,220533.4
30,severity,1083946,1082668,2166614,32901532,32862904,65764436,108394.6,216661.4
31,severity,1095738,1094460,2190198,33997270,33957364,67954634,109573.8,219019.8
32,severity,1088522,1087244,2175766,35085792,35044608,70130400,108852.2,217576.6
33,severity,1107178,1105900,2213078,36192970,36150508,72343478,110717.8,221307.8
34,severity,1089754,1088476,2178230,37282724,37238984,74521708,108975.4,217823.0
35,severity,1075146,1073868,2149014,38357870,38312852,76670722,107514.6,214901.4
36,severity,1094858,1093580,2188438,39452728,39406432,78859160,109485.8,218843.8
37,severity,1083594,1082316,2165910,40536322,40488748,81025070,108359.4,216591.0
38,severity,1097322,1096044,2193366,41633644,41584792,83218436,109732.2,219336.6
39,severity,1079194,1077916,2157110,42712838,42662708,85375546,107919.4,215711.0
40,severity,1073210,1071932,2145142,43786048,43734640,87520688,107321.0,214514.2
41,severity,1085354,1084076,2169430,44871402,44818716,89690118,108535.4,216943.0
42,severity,1102074,1100796,2202870,45973476,45919512,91892988,110207.4,220287.0
43,severity,1099082,1097804,2196886,47072558,47017316,94089874,109908.2,219688.6
44,severity,1101194,1099916,2201110,48173752,48117232,96290984,110119.4,220111.0
45,severity,1105242,1103964,2209206,49278994,49221196,98500190,110524.2,220920.6
46,severity,1079546,1078268,2157814,50358540,50299464,100658004,107954.6,215781.4
47,severity,1081482,1080204,2161686,51440022,51379668,102819690,108148.2,216168.6
48,severity,1111578,1110300,2221878,52551600,52489968,105041568,111157.8,222187.8
49,severity,1099610,1098332,2197942,53651210,53588300,107239510,109961.0,219794.2
50,severity,1097146,1095868,2193014,54748356,54684168,109432524,109714.6,219301.4
