round,client_id,client_training_time,serialization_time,upload_bytes,simulated_broadcast_bytes,client_cpu_time,server_aggregation_time,round_total_time
1,0,0.09404959999665152,0.002594999998109415,19585,969978,0.046875,0.006381899991538376,1.0203445000079228
1,1,0.0974251000006916,0.002257500003906898,160193,969978,0.140625,0.006381899991538376,1.0203445000079228
1,2,0.07952299999305978,0.0017739000031724572,90929,969978,0.046875,0.006381899991538376,1.0203445000079228
1,3,0.10449709999375045,0.002450100000714883,27289,969978,0.0625,0.006381899991538376,1.0203445000079228
1,4,0.10873419999552425,0.0017174999957205728,39753,969978,0.109375,0.006381899991538376,1.0203445000079228
1,5,0.12721109999984037,0.0024679999914951622,149585,969978,0.046875,0.006381899991538376,1.0203445000079228
1,6,0.10059599998930935,0.0021871999924769625,130009,969978,0.03125,0.006381899991538376,1.0203445000079228
1,7,0.0873245999973733,0.0027950999938184395,37473,969978,0.015625,0.006381899991538376,1.0203445000079228
1,8,0.07144059998972807,0.0040240999951492995,206993,969978,0.046875,0.006381899991538376,1.0203445000079228
1,9,0.09595239999180194,0.004675599993788637,94049,969978,0.0625,0.006381899991538376,1.0203445000079228
2,0,0.06336649999138899,0.002433100002235733,19585,973914,0.046875,0.007700200003455393,0.9193434000044363
2,1,0.08155110001098365,0.0017513000057078898,138353,973914,0.0625,0.007700200003455393,0.9193434000044363
2,2,0.05407549999654293,0.005538800003705546,100497,973914,0.0625,0.007700200003455393,0.9193434000044363
2,3,0.08274820000224281,0.0018051999941235408,25369,973914,0.03125,0.007700200003455393,0.9193434000044363
2,4,0.08164150000084192,0.0016599000082351267,37833,973914,0.046875,0.007700200003455393,0.9193434000044363
2,5,0.09295879999990575,0.003894699999364093,151873,973914,0.109375,0.007700200003455393,0.9193434000044363
2,6,0.09672540001338348,0.00330989999929443,136537,973914,0.0625,0.007700200003455393,0.9193434000044363
2,7,0.0827069999941159,0.0032174000079976395,35601,973914,0.078125,0.007700200003455393,0.9193434000044363
2,8,0.08248019999882672,0.00559669999347534,210945,973914,0.046875,0.007700200003455393,0.9193434000044363
2,9,0.1222626999951899,0.002084500010823831,103201,973914,0.03125,0.007700200003455393,0.9193434000044363
3,0,0.13593289999698754,0.001622800002223812,17297,972154,0.015625,0.007990300000528805,1.8074429000116652
3,1,0.1624461000028532,0.0036287999973865226,155825,972154,0.0625,0.007990300000528805,1.8074429000116652
3,2,0.18553450000763405,0.00621310000133235,96129,972154,0.046875,0.007990300000528805,1.8074429000116652
3,3,0.20542709999426734,0.002926600005594082,26713,972154,0.09375,0.007990300000528805,1.8074429000116652
3,4,0.16794290000689216,0.005146099996636622,39945,972154,0.046875,0.007990300000528805,1.8074429000116652
3,5,0.12843909999355674,0.00233719999960158,135649,972154,0.109375,0.007990300000528805,1.8074429000116652
3,6,0.1425747000030242,0.006175000002258457,141721,972154,0.03125,0.007990300000528805,1.8074429000116652
3,7,0.1353784000093583,0.003412300007767044,30817,972154,0.046875,0.007990300000528805,1.8074429000116652
3,8,0.2605242999998154,0.0073019999981625006,213025,972154,0.078125,0.007990300000528805,1.8074429000116652
3,9,0.2080086000059964,0.006186200000229292,100913,972154,0.078125,0.007990300000528805,1.8074429000116652
4,0,0.12914250000903849,0.0016031999984988943,20001,953738,0.03125,0.0073847000021487474,1.0457483000063803
4,1,0.10167760000331327,0.0017292999982601032,135025,953738,0.078125,0.0073847000021487474,1.0457483000063803
4,2,0.1036663000122644,0.007173599995439872,90929,953738,0.078125,0.0073847000021487474,1.0457483000063803
4,3,0.1235305000009248,0.001984500006074086,23641,953738,0.046875,0.0073847000021487474,1.0457483000063803
4,4,0.10646260000066832,0.0066285000066272914,39177,953738,0.03125,0.0073847000021487474,1.0457483000063803
4,5,0.08507010000175796,0.0018635999877005816,146049,953738,0.046875,0.0073847000021487474,1.0457483000063803
4,6,0.08485979998658877,0.005792500000097789,139417,953738,0.078125,0.0073847000021487474,1.0457483000063803
4,7,0.08755880000535399,0.004648400004953146,30401,953738,0.046875,0.0073847000021487474,1.0457483000063803
4,8,0.07884570000169333,0.005962099996395409,210737,953738,0.078125,0.0073847000021487474,1.0457483000063803
4,9,0.07001389999641106,0.0032815000013215467,104241,953738,0.03125,0.0073847000021487474,1.0457483000063803
5,0,0.06744340001023374,0.0016102000081446022,18961,969130,0.015625,0.006295600003795698,0.8351401000109036
5,1,0.0965139000036288,0.002070399990770966,154369,969130,0.0625,0.006295600003795698,0.8351401000109036
5,2,0.06919359999301378,0.005948000005446374,88849,969130,0.0625,0.006295600003795698,0.8351401000109036
5,3,0.07675819999712985,0.0016944000090006739,26713,969130,0.0625,0.006295600003795698,0.8351401000109036
5,4,0.08885239998926409,0.00609009999607224,40521,969130,0.046875,0.006295600003795698,0.8351401000109036
5,5,0.07759059999079909,0.006946500012418255,142513,969130,0.078125,0.006295600003795698,0.8351401000109036
5,6,0.07621829998970497,0.006100600003264844,132505,969130,0.0625,0.006295600003795698,0.8351401000109036
5,7,0.07068730000173673,0.002516100008506328,34977,969130,0.078125,0.006295600003795698,0.8351401000109036
5,8,0.06090960001165513,0.00515080000332091,211361,969130,0.03125,0.006295600003795698,0.8351401000109036
5,9,0.08039460000873078,0.0040939000027719885,104241,969130,0.03125,0.006295600003795698,0.8351401000109036
6,0,0.05905189999612048,0.0028781000000890344,18753,966298,0.015625,0.004597400009515695,0.8586281999887433
6,1,0.09256299999833573,0.0017810999997891486,140849,966298,0.03125,0.004597400009515695,0.8586281999887433
6,2,0.0966447000100743,0.002641999992192723,98209,966298,0.109375,0.004597400009515695,0.8586281999887433
6,3,0.08243799999763723,0.001753200005623512,24985,966298,0.015625,0.004597400009515695,0.8586281999887433
6,4,0.08587029999762308,0.00383509999664966,41673,966298,0.0625,0.004597400009515695,0.8586281999887433
6,5,0.07664400000066962,0.005968199999188073,142929,966298,0.109375,0.004597400009515695,0.8586281999887433
6,6,0.06955259999085683,0.005837200005771592,139609,966298,0.046875,0.004597400009515695,0.8586281999887433
6,7,0.07116839999798685,0.0029008000128669664,37265,966298,0.03125,0.004597400009515695,0.8586281999887433
6,8,0.0923633000056725,0.002034400007687509,200129,966298,0.109375,0.004597400009515695,0.8586281999887433
6,9,0.07690649999130983,0.0023633999953744933,107777,966298,0.046875,0.004597400009515695,0.8586281999887433
7,0,0.07324060000246391,0.004979499994078651,19585,946906,0.046875,0.0045261999912327155,0.9102946000057273
7,1,0.1024357999995118,0.006024100002832711,131281,946906,0.046875,0.0045261999912327155,0.9102946000057273
7,2,0.07513240000116639,0.0018008000042755157,100497,946906,0.03125,0.0045261999912327155,0.9102946000057273
7,3,0.07911009999224916,0.001786499997251667,22681,946906,0.0625,0.0045261999912327155,0.9102946000057273
7,4,0.07546290000027511,0.0016691999917384237,39385,946906,0.046875,0.0045261999912327155,0.9102946000057273
7,5,0.07650259998627007,0.005538500001421198,135025,946906,0.109375,0.0045261999912327155,0.9102946000057273
7,6,0.0644857999868691,0.0018265000107930973,137305,946906,0.0625,0.0045261999912327155,0.9102946000057273
7,7,0.07125510000332724,0.002077800003462471,34353,946906,0.078125,0.0045261999912327155,0.9102946000057273
7,8,0.10430790000827983,0.006270300000323914,206577,946906,0.078125,0.0045261999912327155,0.9102946000057273
7,9,0.09278429999540094,0.006499299997813068,106113,946906,0.078125,0.0045261999912327155,0.9102946000057273
8,0,0.09747170000628103,0.002064800006337464,19169,965610,0.03125,0.010212199995294213,1.2392634000134422
8,1,0.09789170000294689,0.0026228000060655177,141889,965610,0.046875,0.010212199995294213,1.2392634000134422
8,2,0.08107220000238158,0.006408399989595637,87601,965610,0.03125,0.010212199995294213,1.2392634000134422
8,3,0.07603660000313539,0.0018277000053785741,21337,965610,0.03125,0.010212199995294213,1.2392634000134422
8,4,0.08031059999484569,0.006226299999980256,39961,965610,0.03125,0.010212199995294213,1.2392634000134422
8,5,0.07618809999257792,0.004687299995566718,152913,965610,0.078125,0.010212199995294213,1.2392634000134422
8,6,0.1149806999892462,0.0037428000068757683,148249,965610,0.03125,0.010212199995294213,1.2392634000134422
8,7,0.14744939999945927,0.0026545000000623986,33937,965610,0.0625,0.010212199995294213,1.2392634000134422
8,8,0.20204830000875518,0.006248999998206273,205329,965610,0.09375,0.010212199995294213,1.2392634000134422
8,9,0.18736820000049192,0.0016848999948706478,101121,965610,0.046875,0.010212199995294213,1.2392634000134422
9,0,0.15241619999869727,0.0018788000015774742,18545,962538,0.0625,0.005848999993759207,1.510758699994767
9,1,0.1699226000055205,0.005031699998653494,145633,962538,0.03125,0.005848999993759207,1.510758699994767
9,2,0.11992499999178108,0.006740400000126101,88641,962538,0.078125,0.005848999993759207,1.510758699994767
9,3,0.18199349999486003,0.006744400001480244,24217,962538,0.0625,0.005848999993759207,1.510758699994767
9,4,0.17965669999830425,0.006437199990614317,43417,962538,0.125,0.005848999993759207,1.510758699994767
9,5,0.2091154999943683,0.0018112999969162047,137937,962538,0.125,0.005848999993759207,1.510758699994767
9,6,0.15029830001003575,0.003962100003263913,136345,962538,0.0625,0.005848999993759207,1.510758699994767
9,7,0.10679089999757707,0.0019348999921930954,38305,962538,0.046875,0.005848999993759207,1.510758699994767
9,8,0.10673580000002403,0.0025400000013178214,215521,962538,0.0625,0.005848999993759207,1.510758699994767
9,9,0.06929340001079254,0.0016757999983383343,99873,962538,0.015625,0.005848999993759207,1.510758699994767
10,0,0.050411599993822165,0.0053189000027487054,18545,970426,0.03125,0.0062043000070843846,0.8464164000033634
10,1,0.08057829999597743,0.004221199997118674,142929,970426,0.109375,0.0062043000070843846,0.8464164000033634
10,2,0.08649069999228232,0.0052543000056175515,95713,970426,0.03125,0.0062043000070843846,0.8464164000033634
10,3,0.07554320000053849,0.001793299990822561,24985,970426,0.0625,0.0062043000070843846,0.8464164000033634
10,4,0.09826210000028368,0.0017252999969059601,40729,970426,0.09375,0.0062043000070843846,0.8464164000033634
10,5,0.09654470000532456,0.001909500002511777,143761,970426,0.078125,0.0062043000070843846,0.8464164000033634
10,6,0.0805335000040941,0.004568299991660751,140953,970426,0.0625,0.0062043000070843846,0.8464164000033634
10,7,0.05306130000099074,0.0019220999965909868,35393,970426,0.046875,0.0062043000070843846,0.8464164000033634
10,8,0.07418580001103692,0.0031100000051083043,212817,970426,0.03125,0.0062043000070843846,0.8464164000033634
10,9,0.06721470000047702,0.005986099989968352,100497,970426,0.03125,0.0062043000070843846,0.8464164000033634
11,0,0.06654140001046471,0.0016979999927571043,18961,955498,0.03125,0.007619399999384768,0.9732444000110263
11,1,0.08334430000104476,0.0020162000000709668,151041,955498,0.15625,0.007619399999384768,0.9732444000110263
11,2,0.0785704000008991,0.0020446999988052994,89681,955498,0.0625,0.007619399999384768,0.9732444000110263
11,3,0.08264639999833889,0.0017318000027444214,21337,955498,0.046875,0.007619399999384768,0.9732444000110263
11,4,0.08982470000046305,0.0016420000029029325,39961,955498,0.03125,0.007619399999384768,0.9732444000110263
11,5,0.11622070000157692,0.0027812999906018376,129409,955498,0.09375,0.007619399999384768,0.9732444000110263
11,6,0.11294099999940954,0.002012900004046969,144793,955498,0.046875,0.007619399999384768,0.9732444000110263
11,7,0.11422659999516327,0.001763399995979853,33937,955498,0.015625,0.007619399999384768,0.9732444000110263
11,8,0.07199680000485387,0.0023859999928390607,214689,955498,0.078125,0.007619399999384768,0.9732444000110263
11,9,0.08589220000430942,0.0017197999986819923,97585,955498,0.0625,0.007619399999384768,0.9732444000110263
12,0,0.08235770001192577,0.005921299991314299,18129,974394,0.03125,0.004731299995910376,0.7744993000087561
12,1,0.09285709999676328,0.0019193000043742359,150417,974394,0.078125,0.004731299995910376,0.7744993000087561
12,2,0.06523480000032578,0.0034629000001586974,101537,974394,0.046875,0.004731299995910376,0.7744993000087561
12,3,0.05395139999745879,0.0018031999934464693,25945,974394,0.03125,0.004731299995910376,0.7744993000087561
12,4,0.07498350000241771,0.005781200001365505,39193,974394,0.03125,0.004731299995910376,0.7744993000087561
12,5,0.06868680000479799,0.0040148000116460025,138977,974394,0.046875,0.004731299995910376,0.7744993000087561
12,6,0.08774370000173803,0.005469600000651553,141337,974394,0.109375,0.004731299995910376,0.7744993000087561
12,7,0.08018049999373034,0.002035700003034435,34977,974394,0.03125,0.004731299995910376,0.7744993000087561
12,8,0.06172030000016093,0.004359800004749559,206993,974394,0.09375,0.004731299995910376,0.7744993000087561
12,9,0.04619090000051074,0.0033359999943058938,102785,974394,0.078125,0.004731299995910376,0.7744993000087561
13,0,0.06541300000390038,0.0016948999982560053,18961,929098,0.046875,0.0072844000096665695,0.8294058000028599
13,1,0.05726649999269284,0.0028082000062568113,144385,929098,0.046875,0.0072844000096665695,0.8294058000028599
13,2,0.07995569999911822,0.0017619999998714775,102785,929098,0.0625,0.0072844000096665695,0.8294058000028599
13,3,0.09266379999462515,0.0020814000017708167,22681,929098,0.046875,0.0072844000096665695,0.8294058000028599
13,4,0.07343000000400934,0.0016869999963091686,40153,929098,0.09375,0.0072844000096665695,0.8294058000028599
13,5,0.06943660000979435,0.003965299998526461,129409,929098,0.046875,0.0072844000096665695,0.8294058000028599
13,6,0.09307840000838041,0.0018094999977620319,128089,929098,0.109375,0.0072844000096665695,0.8294058000028599
13,7,0.07898549998935778,0.006061099993530661,40801,929098,0.09375,0.0072844000096665695,0.8294058000028599
13,8,0.07417349999013823,0.004113799994229339,199297,929098,0.046875,0.0072844000096665695,0.8294058000028599
13,9,0.0651990000042133,0.0018845000013243407,88433,929098,0.046875,0.0072844000096665695,0.8294058000028599
14,0,0.06097500000032596,0.0036551000084728003,18961,959850,0.03125,0.008121000006212853,1.6487419000040973
14,1,0.10687869999674149,0.003534499992383644,139185,959850,0.078125,0.008121000006212853,1.6487419000040973
14,2,0.09481730000698008,0.00606869999319315,93009,959850,0.0625,0.008121000006212853,1.6487419000040973
14,3,0.07374510000227019,0.0016505000094184652,24409,959850,0.078125,0.008121000006212853,1.6487419000040973
14,4,0.11290309998730663,0.002531599995563738,40537,959850,0.078125,0.008121000006212853,1.6487419000040973
14,5,0.20533909999358002,0.0029821000061929226,140433,959850,0.109375,0.008121000006212853,1.6487419000040973
14,6,0.231317300000228,0.0018693000019993633,138841,959850,0.09375,0.008121000006212853,1.6487419000040973
14,7,0.23858930000278633,0.005748899988248013,34353,959850,0.046875,0.008121000006212853,1.6487419000040973
14,8,0.28484010000829585,0.002418399992166087,213233,959850,0.203125,0.008121000006212853,1.6487419000040973
14,9,0.17025309999007732,0.005144399998243898,102785,959850,0.03125,0.008121000006212853,1.6487419000040973
15,0,0.22754630001145415,0.005884900005185045,19585,963018,0.046875,0.00914599999669008,2.0833978000009665
15,1,0.5094895999936853,0.005571000001509674,147713,963018,0.109375,0.00914599999669008,2.0833978000009665
15,2,0.21842789999209344,0.002525799995055422,96753,963018,0.0625,0.00914599999669008,2.0833978000009665
15,3,0.2013928000087617,0.0021739000076195225,26905,963018,0.03125,0.00914599999669008,2.0833978000009665
15,4,0.14909239999542478,0.0030580999882658944,38809,963018,0.0625,0.00914599999669008,2.0833978000009665
15,5,0.14226500000222586,0.006202299991855398,133985,963018,0.125,0.00914599999669008,2.0833978000009665
15,6,0.13366680000035558,0.002562699999543838,142489,963018,0.09375,0.00914599999669008,2.0833978000009665
15,7,0.14409229999000672,0.002130399996531196,35601,963018,0.046875,0.00914599999669008,2.0833978000009665
15,8,0.13212549999298062,0.003324099991004914,210113,963018,0.125,0.00914599999669008,2.0833978000009665
15,9,0.15066899999510497,0.006268400000408292,96961,963018,0.0625,0.00914599999669008,2.0833978000009665
16,0,0.180613300006371,0.002787499994155951,18129,1000330,0.0625,0.00576569999975618,1.2364635999983875
16,1,0.13936390000162646,0.0022529999987455085,157905,1000330,0.0625,0.00576569999975618,1.2364635999983875
16,2,0.09672709999722429,0.0027977999998256564,91345,1000330,0.078125,0.00576569999975618,1.2364635999983875
16,3,0.10265259999141563,0.0019074000010732561,28057,1000330,0.03125,0.00576569999975618,1.2364635999983875
16,4,0.11971410000114702,0.0016203999985009432,39577,1000330,0.125,0.00576569999975618,1.2364635999983875
16,5,0.10090269999636803,0.006504500008304603,152913,1000330,0.078125,0.00576569999975618,1.2364635999983875
16,6,0.09897229999478441,0.0018033000087598339,142105,1000330,0.078125,0.00576569999975618,1.2364635999983875
16,7,0.0978117999911774,0.0015830999909667298,36641,1000330,0.078125,0.00576569999975618,1.2364635999983875
16,8,0.09929990000091493,0.0021853000071132556,209073,1000330,0.0625,0.00576569999975618,1.2364635999983875
16,9,0.1267684000049485,0.006255100000998937,110481,1000330,0.03125,0.00576569999975618,1.2364635999983875
17,0,0.11145009999745525,0.0016387000068789348,17713,959754,0.0625,0.009966400000848807,1.250620799997705
17,1,0.10703250000369735,0.0023077999940142035,147921,959754,0.046875,0.009966400000848807,1.250620799997705
17,2,0.09362909999617841,0.0063293999992311,101745,959754,0.0625,0.009966400000848807,1.250620799997705
17,3,0.1448369999998249,0.002933099996880628,25561,959754,0.078125,0.009966400000848807,1.250620799997705
17,4,0.11376710000331514,0.003547100001014769,40921,959754,0.0625,0.009966400000848807,1.250620799997705
17,5,0.11133149999659508,0.005169199997908436,140433,959754,0.109375,0.009966400000848807,1.250620799997705
17,6,0.13070439999864902,0.0023963999992702156,130969,959754,0.03125,0.009966400000848807,1.250620799997705
17,7,0.12449190000188537,0.0032992000051308423,35393,959754,0.078125,0.009966400000848807,1.250620799997705
17,8,0.12915580000844784,0.0017909000016516075,205745,959754,0.09375,0.009966400000848807,1.250620799997705
17,9,0.09885300000314601,0.0017231000092579052,99249,959754,0.03125,0.009966400000848807,1.250620799997705
18,0,0.07553629999165423,0.00601240000105463,18545,947770,0.03125,0.00637980000465177,1.9630481999920448
18,1,0.1172964999859687,0.006298299995251,142721,947770,0.078125,0.00637980000465177,1.9630481999920448
18,2,0.11610250000376254,0.0019479000038700178,91553,947770,0.09375,0.00637980000465177,1.9630481999920448
18,3,0.18543529999442399,0.0027427000022726133,27673,947770,0.09375,0.00637980000465177,1.9630481999920448
18,4,0.24034659999597352,0.001679099994362332,40153,947770,0.03125,0.00637980000465177,1.9630481999920448
18,5,0.3046896000014385,0.0024686999968253076,142721,947770,0.078125,0.00637980000465177,1.9630481999920448
18,6,0.23247979998996016,0.0017876000056276098,136153,947770,0.03125,0.00637980000465177,1.9630481999920448
18,7,0.16854529999545775,0.0018008000042755157,34145,947770,0.078125,0.00637980000465177,1.9630481999920448
18,8,0.2245444000000134,0.003022599994437769,200129,947770,0.125,0.00637980000465177,1.9630481999920448
18,9,0.239471599998069,0.0037749999901279807,99873,947770,0.046875,0.00637980000465177,1.9630481999920448
19,0,0.2217912000051001,0.001648300007218495,20417,964538,0.03125,0.008763400008319877,1.181237600001623
19,1,0.23868270000093617,0.0024264000094262883,149585,964538,0.046875,0.008763400008319877,1.181237600001623
19,2,0.08360509999329224,0.004956699995091185,99665,964538,0.0625,0.008763400008319877,1.181237600001623
19,3,0.07796090000192635,0.006052800003089942,26137,964538,0.0625,0.008763400008319877,1.181237600001623
19,4,0.09417620000021998,0.0017250999953830615,42841,964538,0.078125,0.008763400008319877,1.181237600001623
19,5,0.09623670000291895,0.001760600003763102,125041,964538,0.109375,0.008763400008319877,1.181237600001623
19,6,0.07043680000060704,0.006052899989299476,143449,964538,0.109375,0.008763400008319877,1.181237600001623
19,7,0.06356509999022819,0.0016953000013018027,32689,964538,0.046875,0.008763400008319877,1.181237600001623
19,8,0.09308160000364296,0.00622049999947194,210737,964538,0.125,0.008763400008319877,1.181237600001623
19,9,0.0736447999952361,0.0017032000032486394,99873,964538,0.0625,0.008763400008319877,1.181237600001623
20,0,0.06019210000522435,0.004868399992119521,19377,944890,0.03125,0.005363700009183958,0.816681600001175
20,1,0.06066099999588914,0.0034484000061638653,151873,944890,0.109375,0.005363700009183958,0.816681600001175
20,2,0.05494679999537766,0.005292999994708225,89473,944890,0.03125,0.005363700009183958,0.816681600001175
20,3,0.09198350000951905,0.0016089999990072101,29785,944890,0.0625,0.005363700009183958,0.816681600001175
20,4,0.07157960000040475,0.002700500001083128,40153,944890,0.0625,0.005363700009183958,0.816681600001175
20,5,0.07378390000667423,0.0019075999880442396,127329,944890,0.03125,0.005363700009183958,0.816681600001175
20,6,0.0705117000034079,0.0064598000026308,138649,944890,0.03125,0.005363700009183958,0.816681600001175
20,7,0.0936618000123417,0.004431199995451607,33313,944890,0.03125,0.005363700009183958,0.816681600001175
20,8,0.0910647999990033,0.00641909999831114,201585,944890,0.109375,0.005363700009183958,0.816681600001175
20,9,0.08132640000258107,0.0051558999984990805,99249,944890,0.046875,0.005363700009183958,0.816681600001175
21,0,0.06428799999412149,0.0016351999947801232,18337,957082,0.03125,0.004752599998028018,0.8553399999946123
21,1,0.08592779999889899,0.0017059999954653904,148961,957082,0.046875,0.004752599998028018,0.8553399999946123
21,2,0.07464489999983925,0.0034105999948224053,94881,957082,0.0625,0.004752599998028018,0.8553399999946123
21,3,0.08434899999701884,0.0035749999951804057,22681,957082,0.0625,0.004752599998028018,0.8553399999946123
21,4,0.10961139999562874,0.0030374000052688643,39961,957082,0.078125,0.004752599998028018,0.8553399999946123
21,5,0.07720820000395179,0.0018922999879578128,135441,957082,0.046875,0.004752599998028018,0.8553399999946123
21,6,0.05188329999509733,0.002222700000857003,136921,957082,0.046875,0.004752599998028018,0.8553399999946123
21,7,0.06846960000984836,0.0023024000111036003,36641,957082,0.0625,0.004752599998028018,0.8553399999946123
21,8,0.10547789999691304,0.006875199993373826,208449,957082,0.21875,0.004752599998028018,0.8553399999946123
21,9,0.07968739999341778,0.0030550999945262447,100705,957082,0.03125,0.004752599998028018,0.8553399999946123
22,0,0.07061740000790451,0.006050600000889972,19377,973626,0.03125,0.0032946999999694526,0.8997473000054015
22,1,0.09297879999212455,0.0026255999982822686,151041,973626,0.046875,0.0032946999999694526,0.8997473000054015
22,2,0.0799914999952307,0.0024638000031700358,93425,973626,0.078125,0.0032946999999694526,0.8997473000054015
22,3,0.07512530000531115,0.003942199997254647,25177,973626,0.046875,0.0032946999999694526,0.8997473000054015
22,4,0.07846350000181701,0.006716499992762692,41881,973626,0.046875,0.0032946999999694526,0.8997473000054015
22,5,0.07279649999691173,0.0017575999954715371,139601,973626,0.078125,0.0032946999999694526,0.8997473000054015
22,6,0.09137029999692459,0.00503010000102222,141145,973626,0.078125,0.0032946999999694526,0.8997473000054015
22,7,0.0999805000028573,0.005533700008527376,33313,973626,0.109375,0.0032946999999694526,0.8997473000054015
22,8,0.09779379999963567,0.004567399999359623,204705,973626,0.09375,0.0032946999999694526,0.8997473000054015
22,9,0.07320959999924526,0.004635299992514774,109857,973626,0.03125,0.0032946999999694526,0.8997473000054015
23,0,0.10273799998685718,0.0056404000060865656,20625,955450,0.046875,0.009334500005934387,1.1151727999967989
23,1,0.09151449998898897,0.0018016999965766445,142721,955450,0.171875,0.009334500005934387,1.1151727999967989
23,2,0.07976020000933204,0.006082400010200217,97793,955450,0.078125,0.009334500005934387,1.1151727999967989
23,3,0.08754619999672286,0.0017410999862477183,25753,955450,0.0625,0.009334500005934387,1.1151727999967989
23,4,0.08116629999130964,0.0016155000048456714,40921,955450,0.078125,0.009334500005934387,1.1151727999967989
23,5,0.09102140000322834,0.002191099993069656,137729,955450,0.046875,0.009334500005934387,1.1151727999967989
23,6,0.1083546000008937,0.002744199999142438,135001,955450,0.046875,0.009334500005934387,1.1151727999967989
23,7,0.12893069999699946,0.0016866000078152865,34561,955450,0.015625,0.009334500005934387,1.1151727999967989
23,8,0.12611359999573324,0.0022339999995892867,202209,955450,0.03125,0.009334500005934387,1.1151727999967989
23,9,0.15381040000647772,0.006439200005843304,104033,955450,0.0625,0.009334500005934387,1.1151727999967989
24,0,0.19145209999987856,0.0025104000087594613,18545,956234,0.03125,0.008022599999094382,1.7682636000099592
24,1,0.1354762999981176,0.001779400001396425,160193,956234,0.0625,0.008022599999094382,1.7682636000099592
24,2,0.19431340000301134,0.0016451000119559467,90929,956234,0.0625,0.008022599999094382,1.7682636000099592
24,3,0.12623729999177158,0.0017094000068027526,23449,956234,0.078125,0.008022599999094382,1.7682636000099592
24,4,0.09978899999987334,0.0021111999958520755,41113,956234,0.015625,0.008022599999094382,1.7682636000099592
24,5,0.18801900000835303,0.006462500008638017,130865,956234,0.046875,0.008022599999094382,1.7682636000099592
24,6,0.20902149999164976,0.006961399994906969,140185,956234,0.046875,0.008022599999094382,1.7682636000099592
24,7,0.22296249998908024,0.002430099993944168,32689,956234,0.046875,0.008022599999094382,1.7682636000099592
24,8,0.17394849999982398,0.004797099987627007,204289,956234,0.09375,0.008022599999094382,1.7682636000099592
24,9,0.14860060000501107,0.002031700001680292,99873,956234,0.0625,0.008022599999094382,1.7682636000099592
25,0,0.07749200001126155,0.006010599987348542,19793,967402,0.015625,0.008551899998565204,0.9087601999926846
25,1,0.09498510000412352,0.004418700002133846,156657,967402,0.0625,0.008551899998565204,0.9087601999926846
25,2,0.07014000001072418,0.006178499999805354,94049,967402,0.078125,0.008551899998565204,0.9087601999926846
25,3,0.0732296999922255,0.0015654000017093495,22489,967402,0.015625,0.008551899998565204,0.9087601999926846
25,4,0.08474069999647327,0.005496400000993162,38617,967402,0.046875,0.008551899998565204,0.9087601999926846
25,5,0.07386910000059288,0.0020358000037958845,136897,967402,0.109375,0.008551899998565204,0.9087601999926846
25,6,0.08708169999590609,0.003641599992988631,139417,967402,0.109375,0.008551899998565204,0.9087601999926846
25,7,0.08392269999603741,0.005981399997835979,40385,967402,0.046875,0.008551899998565204,0.9087601999926846
25,8,0.08070340000267606,0.0038410999986808747,205121,967402,0.09375,0.008551899998565204,0.9087601999926846
25,9,0.09317260001262184,0.006730899985996075,99873,967402,0.15625,0.008551899998565204,0.9087601999926846
26,0,0.07694790000095963,0.0053770999948028475,21041,981658,0.015625,0.007819699996616691,0.8766918000037549
26,1,0.08064720001129899,0.0019969999993918464,154161,981658,0.03125,0.007819699996616691,0.8766918000037549
26,2,0.08220570000412408,0.001668299999437295,99041,981658,0.015625,0.007819699996616691,0.8766918000037549
26,3,0.08273779999581166,0.006212799999048002,25369,981658,0.03125,0.007819699996616691,0.8766918000037549
26,4,0.08829559999867342,0.005086899996967986,39769,981658,0.046875,0.007819699996616691,0.8766918000037549
26,5,0.07995860000664834,0.0038749000086681917,146673,981658,0.03125,0.007819699996616691,0.8766918000037549
26,6,0.07514040000387467,0.002277100007631816,141529,981658,0.03125,0.007819699996616691,0.8766918000037549
26,7,0.08313850000558887,0.005499799997778609,33105,981658,0.0625,0.007819699996616691,0.8766918000037549
26,8,0.0746647999912966,0.0018029999919235706,196385,981658,0.03125,0.007819699996616691,0.8766918000037549
26,9,0.07948870000836905,0.0016946999967331067,110481,981658,0.03125,0.007819699996616691,0.8766918000037549
27,0,0.06102249999821652,0.006037400002242066,19585,951994,0.046875,0.0072324000066146255,0.9059505000041099
27,1,0.09251690001110546,0.003534100003889762,145633,951994,0.09375,0.0072324000066146255,0.9059505000041099
27,2,0.0714016999991145,0.0032171000057132915,94257,951994,0.03125,0.0072324000066146255,0.9059505000041099
27,3,0.09053159999893978,0.001836600000387989,22873,951994,0.0625,0.0072324000066146255,0.9059505000041099
27,4,0.10922910000954289,0.0027658000035444275,41113,951994,0.0625,0.0072324000066146255,0.9059505000041099
27,5,0.08099119999678805,0.005757699997047894,138977,951994,0.03125,0.0072324000066146255,0.9059505000041099
27,6,0.07210870001290459,0.0032393000001320615,134233,951994,0.0625,0.0072324000066146255,0.9059505000041099
27,7,0.08279170001333114,0.0025228000013157725,34561,951994,0.09375,0.0072324000066146255,0.9059505000041099
27,8,0.08541900001000613,0.0018334000051254407,200545,951994,0.09375,0.0072324000066146255,0.9059505000041099
27,9,0.07752720000280533,0.005159100008313544,106113,951994,0.109375,0.0072324000066146255,0.9059505000041099
28,0,0.07710540000698529,0.0033456999954069033,19169,970954,0.03125,0.005453499994473532,0.8697904000000563
28,1,0.09458649999578483,0.0040203999960795045,154369,970954,0.109375,0.005453499994473532,0.8697904000000563
28,2,0.04932849999750033,0.004525299998931587,92385,970954,0.09375,0.005453499994473532,0.8697904000000563
28,3,0.11564120001276024,0.001640699993004091,25753,970954,0.078125,0.005453499994473532,0.8697904000000563
28,4,0.07152710000809748,0.002390699999523349,38041,970954,0.03125,0.005453499994473532,0.8697904000000563
28,5,0.07931800000369549,0.002841399997123517,135233,970954,0.03125,0.005453499994473532,0.8697904000000563
28,6,0.0703598999971291,0.004596400001901202,144025,970954,0.046875,0.005453499994473532,0.8697904000000563
28,7,0.08767470000020694,0.005954199994448572,35809,970954,0.046875,0.005453499994473532,0.8697904000000563
28,8,0.09211870000581257,0.005268999986583367,210321,970954,0.09375,0.005453499994473532,0.8697904000000563
28,9,0.06827190000331029,0.005290899993269704,101745,970954,0.0625,0.005453499994473532,0.8697904000000563
29,0,0.07884190000186209,0.0019765000033658,18545,963098,0.015625,0.009758699990925379,1.4050664999958826
29,1,0.08313459999044426,0.001855099995736964,145841,963098,0.140625,0.009758699990925379,1.4050664999958826
29,2,0.09984480000275653,0.0024443000002065673,98209,963098,0.0625,0.009758699990925379,1.4050664999958826
29,3,0.12163149999105372,0.0020056000066688284,29977,963098,0.046875,0.009758699990925379,1.4050664999958826
29,4,0.15356889998656698,0.004336400001193397,37849,963098,0.0625,0.009758699990925379,1.4050664999958826
29,5,0.14925709999806713,0.003550800000084564,141473,963098,0.0625,0.009758699990925379,1.4050664999958826
29,6,0.18153479999455158,0.0017509000026620924,134425,963098,0.171875,0.009758699990925379,1.4050664999958826
29,7,0.1556226999964565,0.0030509999924106523,35393,963098,0.046875,0.009758699990925379,1.4050664999958826
29,8,0.20164359999762382,0.006398900004569441,203249,963098,0.0625,0.009758699990925379,1.4050664999958826
29,9,0.1071864999976242,0.001991700002690777,104033,963098,0.0625,0.009758699990925379,1.4050664999958826
30,0,0.12726950000796933,0.0016710000054445118,18961,950170,0.0625,0.007124800002202392,1.378815600008238
30,1,0.18144270000630058,0.0032888999994611368,141265,950170,0.03125,0.007124800002202392,1.378815600008238
30,2,0.16127009999763686,0.006276500003878027,93009,950170,0.046875,0.007124800002202392,1.378815600008238
30,3,0.16222720000951085,0.002566000010119751,27097,950170,0.03125,0.007124800002202392,1.378815600008238
30,4,0.17681220000667963,0.004078199999639764,41497,950170,0.0625,0.007124800002202392,1.378815600008238
30,5,0.15965270000742748,0.0023274999985005707,138353,950170,0.09375,0.007124800002202392,1.378815600008238
30,6,0.08473950000188779,0.00626419999753125,144025,950170,0.0625,0.007124800002202392,1.378815600008238
30,7,0.09515079999982845,0.007422700000461191,29985,950170,0.046875,0.007124800002202392,1.378815600008238
30,8,0.09549519998836331,0.0019060000049648806,205121,950170,0.078125,0.007124800002202392,1.378815600008238
30,9,0.05255639999813866,0.003960699992603622,96753,950170,0.03125,0.007124800002202392,1.378815600008238
31,0,0.06764249999832828,0.002458300004946068,19585,962506,0.03125,0.009535399993183091,0.8403239999897778
31,1,0.08510549999482464,0.004038900005980395,151873,962506,0.03125,0.009535399993183091,0.8403239999897778
31,2,0.07204090000595897,0.0018213000003015622,97793,962506,0.046875,0.009535399993183091,0.8403239999897778
31,3,0.07701670000096783,0.005234399999608286,25945,962506,0.03125,0.009535399993183091,0.8403239999897778
31,4,0.07203749999462161,0.0016525999963050708,43993,962506,0.0625,0.009535399993183091,0.8403239999897778
31,5,0.07846360000257846,0.004908299990347587,139185,962506,0.046875,0.009535399993183091,0.8403239999897778
31,6,0.07139890000689775,0.002605799993034452,139417,962506,0.046875,0.009535399993183091,0.8403239999897778
31,7,0.05117130000144243,0.0017697000002954155,39553,962506,0.046875,0.009535399993183091,0.8403239999897778
31,8,0.08109350000449922,0.002068500005407259,186609,962506,0.09375,0.009535399993183091,0.8403239999897778
31,9,0.08967489999486133,0.0034755000087898225,104449,962506,0.09375,0.009535399993183091,0.8403239999897778
32,0,0.0745693999924697,0.0016376999992644414,18337,940602,0.015625,0.006306900002527982,0.8263704999990296
32,1,0.08300620000227354,0.001749599992763251,140641,940602,0.078125,0.006306900002527982,0.8263704999990296
32,2,0.06969480001134798,0.005393399987951852,95505,940602,0.03125,0.006306900002527982,0.8263704999990296
32,3,0.08371290001377929,0.002793999999994412,28825,940602,0.046875,0.006306900002527982,0.8263704999990296
32,4,0.0830396999954246,0.0059822000039275736,37849,940602,0.0625,0.006306900002527982,0.8263704999990296
32,5,0.07681369999772869,0.006586799994693138,125873,940602,0.09375,0.006306900002527982,0.8263704999990296
32,6,0.06440839999413583,0.005003199999919161,140953,940602,0.03125,0.006306900002527982,0.8263704999990296
32,7,0.06602420000126585,0.002162099990528077,29361,940602,0.078125,0.006306900002527982,0.8263704999990296
32,8,0.07983180000155699,0.005830199996125884,203041,940602,0.046875,0.006306900002527982,0.8263704999990296
32,9,0.08184549999714363,0.0021418999967863783,106113,940602,0.140625,0.006306900002527982,0.8263704999990296
33,0,0.07927540001401212,0.005523600004380569,20417,975242,0.03125,0.006317799998214468,0.8426930999994511
33,1,0.10587079999095295,0.0018432000069878995,149585,975242,0.09375,0.006317799998214468,0.8426930999994511
33,2,0.06971229999908246,0.006057699996745214,102577,975242,0.015625,0.006317799998214468,0.8426930999994511
33,3,0.07713109999895096,0.0016460000042570755,22489,975242,0.078125,0.006317799998214468,0.8426930999994511
33,4,0.07740879998891614,0.0018497999990358949,39193,975242,0.0625,0.006317799998214468,0.8426930999994511
33,5,0.07553630000620615,0.005266199994366616,138977,975242,0.078125,0.006317799998214468,0.8426930999994511
33,6,0.06605459999991581,0.004880799999227747,137113,975242,0.046875,0.006317799998214468,0.8426930999994511
33,7,0.07218009998905472,0.00609979999717325,37681,975242,0.03125,0.006317799998214468,0.8426930999994511
33,8,0.07618869999714661,0.0019201999966753647,208033,975242,0.140625,0.006317799998214468,0.8426930999994511
33,9,0.07557200000155717,0.006389700007275678,105073,975242,0.03125,0.006317799998214468,0.8426930999994511
34,0,0.06075790000613779,0.005153999998583458,19793,925162,0.03125,0.006772500011720695,0.7723499000130687
34,1,0.0603454999945825,0.003413200000068173,131489,925162,0.09375,0.006772500011720695,0.7723499000130687
34,2,0.07088199999998324,0.004514599990216084,96129,925162,0.03125,0.006772500011720695,0.7723499000130687
34,3,0.08858320000581443,0.005382999996072613,23257,925162,0.0625,0.006772500011720695,0.7723499000130687
34,4,0.06860150001011789,0.004555799998342991,40921,925162,0.046875,0.006772500011720695,0.7723499000130687
34,5,0.09762870000849944,0.004774000000907108,134609,925162,0.09375,0.006772500011720695,0.7723499000130687
34,6,0.05560469999909401,0.001965800009202212,131545,925162,0.015625,0.006772500011720695,0.7723499000130687
34,7,0.06379619998915587,0.0022478000028058887,33729,925162,0.015625,0.006772500011720695,0.7723499000130687
34,8,0.08001720000174828,0.00583819999883417,198673,925162,0.03125,0.006772500011720695,0.7723499000130687
34,9,0.059686400010832585,0.001741200001561083,100913,925162,0.015625,0.006772500011720695,0.7723499000130687
35,0,0.05330920001142658,0.003596599999582395,20001,945546,0.03125,0.009838199999649078,1.3020345000113593
35,1,0.08332510000036564,0.0018631999992066994,151665,945546,0.0625,0.009838199999649078,1.3020345000113593
35,2,0.08858260000124574,0.0036644000065280125,99665,945546,0.09375,0.009838199999649078,1.3020345000113593
35,3,0.06860350001079496,0.00492859999940265,29209,945546,0.0625,0.009838199999649078,1.3020345000113593
35,4,0.12040870000782888,0.001743400003761053,38809,945546,0.09375,0.009838199999649078,1.3020345000113593
35,5,0.19898849999299273,0.006274800005485304,126913,945546,0.109375,0.009838199999649078,1.3020345000113593
35,6,0.16348620000644587,0.0018498999997973442,130201,945546,0.09375,0.009838199999649078,1.3020345000113593
35,7,0.14710690001084004,0.0016894000000320375,36849,945546,0.046875,0.009838199999649078,1.3020345000113593
35,8,0.15196660000947304,0.006140800003777258,198049,945546,0.0625,0.009838199999649078,1.3020345000113593
35,9,0.15302179999707732,0.007128500001272187,100081,945546,0.09375,0.009838199999649078,1.3020345000113593
36,0,0.08678899999358691,0.0017397999909007922,19169,967578,0.0625,0.004079699996509589,1.4687596000003396
36,1,0.11320819999673404,0.004241400005412288,151873,967578,0.15625,0.004079699996509589,1.4687596000003396
36,2,0.21232300001429394,0.006019099993864074,93217,967578,0.078125,0.004079699996509589,1.4687596000003396
36,3,0.1571564999903785,0.0054900999966776,26905,967578,0.046875,0.004079699996509589,1.4687596000003396
36,4,0.1995457000011811,0.0034731999912764877,40345,967578,0.078125,0.004079699996509589,1.4687596000003396
36,5,0.1672485000017332,0.00379070000781212,139601,967578,0.09375,0.004079699996509589,1.4687596000003396
36,6,0.15841350000118837,0.0023479999945266172,141145,967578,0.03125,0.004079699996509589,1.4687596000003396
36,7,0.0862665000022389,0.0059258999972371385,32897,967578,0.046875,0.004079699996509589,1.4687596000003396
36,8,0.1578735999937635,0.0022035000001778826,210529,967578,0.125,0.004079699996509589,1.4687596000003396
36,9,0.06604540000262205,0.005211399999097921,97793,967578,0.046875,0.004079699996509589,1.4687596000003396
37,0,0.08984060000511818,0.005273000002489425,19377,948618,0.046875,0.006355899997288361,0.7975316000083694
37,1,0.07881320000160486,0.002228899989859201,151457,948618,0.046875,0.006355899997288361,0.7975316000083694
37,2,0.0820800999936182,0.005438499996671453,88433,948618,0.03125,0.006355899997288361,0.7975316000083694
37,3,0.07857450000301469,0.002272800003993325,22105,948618,0.0625,0.006355899997288361,0.7975316000083694
37,4,0.06614690000424162,0.0022231000039028004,39001,948618,0.03125,0.006355899997288361,0.7975316000083694
37,5,0.0644289000047138,0.0017972999921767041,132321,948618,0.046875,0.006355899997288361,0.7975316000083694
37,6,0.07417279999936,0.0018277999915881082,137689,948618,0.0625,0.006355899997288361,0.7975316000083694
37,7,0.06001250000554137,0.006774499997845851,34769,948618,0.046875,0.006355899997288361,0.7975316000083694
37,8,0.06010080000851303,0.0019114000024273992,200337,948618,0.09375,0.006355899997288361,0.7975316000083694
37,9,0.07141580000461545,0.0016306999896187335,109025,948618,0.046875,0.006355899997288361,0.7975316000083694
38,0,0.07504039999912493,0.0029511000029742718,19169,917786,0.0,0.0035475000040605664,0.7583572000003187
38,1,0.08098769999924116,0.006504999997559935,144177,917786,0.046875,0.0035475000040605664,0.7583572000003187
38,2,0.07200480000756215,0.002100300000165589,89057,917786,0.03125,0.0035475000040605664,0.7583572000003187
38,3,0.06974599999375641,0.002286699993419461,24217,917786,0.0625,0.0035475000040605664,0.7583572000003187
38,4,0.07681610000145156,0.0019402000034460798,39769,917786,0.03125,0.0035475000040605664,0.7583572000003187
38,5,0.061863099996116944,0.003330199993797578,136689,917786,0.03125,0.0035475000040605664,0.7583572000003187
38,6,0.046614899998530746,0.0018348000012338161,127897,917786,0.046875,0.0035475000040605664,0.7583572000003187
38,7,0.046769300010055304,0.005782600012025796,33105,917786,0.015625,0.0035475000040605664,0.7583572000003187
38,8,0.08986719998938497,0.001841500008595176,195969,917786,0.140625,0.0035475000040605664,0.7583572000003187
38,9,0.07706349999352824,0.0020343000069260597,93633,917786,0.03125,0.0035475000040605664,0.7583572000003187
39,0,0.10028790000069421,0.0020274999988032505,18545,969082,0.046875,0.0026590999914333224,0.840445699999691
39,1,0.09425179999379907,0.001955999992787838,161649,969082,0.015625,0.0026590999914333224,0.840445699999691
39,2,0.06645719999505673,0.006344500012346543,98001,969082,0.0625,0.0026590999914333224,0.840445699999691
39,3,0.0823371999867959,0.002545100011047907,23641,969082,0.078125,0.0026590999914333224,0.840445699999691
39,4,0.09292800001276191,0.002081200000247918,39961,969082,0.046875,0.0026590999914333224,0.840445699999691
39,5,0.07011289999354631,0.0017570999916642904,129617,969082,0.0625,0.0026590999914333224,0.840445699999691
39,6,0.06839810000383295,0.005325000005541369,141721,969082,0.015625,0.0026590999914333224,0.840445699999691
39,7,0.07886179999331944,0.0030030999914743006,32689,969082,0.0625,0.0026590999914333224,0.840445699999691
39,8,0.07859250000910833,0.005675200009136461,206577,969082,0.171875,0.0026590999914333224,0.840445699999691
39,9,0.056786100001772866,0.0020244000043021515,102577,969082,0.03125,0.0026590999914333224,0.840445699999691
40,0,0.10566470000776462,0.0017374000017298386,19377,960122,0.046875,0.007436300002154894,0.8254832000093302
40,1,0.08073309999599587,0.002191600011428818,138561,960122,0.09375,0.007436300002154894,0.8254832000093302
40,2,0.07010569999692962,0.0053662999998778105,87185,960122,0.078125,0.007436300002154894,0.8254832000093302
40,3,0.06790080000064336,0.0034558999905129895,26905,960122,0.046875,0.007436300002154894,0.8254832000093302
40,4,0.06893740000668913,0.0021212999999988824,38617,960122,0.03125,0.007436300002154894,0.8254832000093302
40,5,0.06473129999358207,0.0021148999949218705,138561,960122,0.078125,0.007436300002154894,0.8254832000093302
40,6,0.07341149999410845,0.0027393000054871663,147481,960122,0.015625,0.007436300002154894,0.8254832000093302
40,7,0.06619769999815617,0.002168899998650886,35601,960122,0.046875,0.007436300002154894,0.8254832000093302
40,8,0.08369309999397956,0.002086699998471886,212401,960122,0.046875,0.007436300002154894,0.8254832000093302
40,9,0.07858430000487715,0.004379500009235926,101329,960122,0.03125,0.007436300002154894,0.8254832000093302
41,0,0.06734729999152478,0.0018045000033453107,21041,962746,0.015625,0.007453199999872595,1.316520499996841
41,1,0.060430799989262596,0.0020164000015938655,150625,962746,0.109375,0.007453199999872595,1.316520499996841
41,2,0.07067790000292007,0.00240539999504108,102993,962746,0.03125,0.007453199999872595,1.316520499996841
41,3,0.057015800004592165,0.002030799994827248,23449,962746,0.03125,0.007453199999872595,1.316520499996841
41,4,0.05236769998737145,0.0017358000040985644,41497,962746,0.015625,0.007453199999872595,1.316520499996841
41,5,0.06657859998813365,0.002101499994751066,132737,962746,0.046875,0.007453199999872595,1.316520499996841
41,6,0.12617229999159463,0.001822799997171387,134041,962746,0.0625,0.007453199999872595,1.316520499996841
41,7,0.31330520000483375,0.002981300000101328,30817,962746,0.03125,0.007453199999872595,1.316520499996841
41,8,0.25078010000288486,0.002584799993201159,201585,962746,0.109375,0.007453199999872595,1.316520499996841
41,9,0.19046070000331383,0.005294999995385297,109857,962746,0.078125,0.007453199999872595,1.316520499996841
42,0,0.09227850000024773,0.0052983000059612095,18129,987962,0.03125,0.007475299993529916,1.6342669000005117
42,1,0.14675840000563767,0.002007900009630248,155201,987962,0.109375,0.007475299993529916,1.6342669000005117
42,2,0.17211990000214428,0.003291400003945455,98001,987962,0.0625,0.007475299993529916,1.6342669000005117
42,3,0.27056260000972543,0.006313799996860325,27289,987962,0.09375,0.007475299993529916,1.6342669000005117
42,4,0.21180759998969734,0.006137199990916997,39385,987962,0.03125,0.007475299993529916,1.6342669000005117
42,5,0.2384479000029387,0.0032085999991977587,135025,987962,0.125,0.007475299993529916,1.6342669000005117
42,6,0.10276959999464452,0.0020653999963542446,144217,987962,0.03125,0.007475299993529916,1.6342669000005117
42,7,0.12147739999636542,0.005546000000322238,33937,987962,0.046875,0.007475299993529916,1.6342669000005117
42,8,0.10476740000012796,0.0018736999918473884,218641,987962,0.046875,0.007475299993529916,1.6342669000005117
42,9,0.1024502000072971,0.00202460000582505,104033,987962,0.03125,0.007475299993529916,1.6342669000005117
43,0,0.09392830000433605,0.0017982000135816634,19793,950922,0.109375,0.007218700004159473,1.0339397999923676
43,1,0.101031400001375,0.005999099987093359,145425,950922,0.09375,0.007218700004159473,1.0339397999923676
43,2,0.08482899999944493,0.001978499989490956,92593,950922,0.0625,0.007218700004159473,1.0339397999923676
43,3,0.08992630000284407,0.006024600006639957,26137,950922,0.03125,0.007218700004159473,1.0339397999923676
43,4,0.07931929999904241,0.0016916000022320077,40537,950922,0.03125,0.007218700004159473,1.0339397999923676
43,5,0.12201110000023618,0.006197900002007373,127329,950922,0.140625,0.007218700004159473,1.0339397999923676
43,6,0.09579560000565834,0.005991600002744235,136921,950922,0.03125,0.007218700004159473,1.0339397999923676
43,7,0.0965585999947507,0.001757299993187189,33105,950922,0.078125,0.007218700004159473,1.0339397999923676
43,8,0.09532530000433326,0.006448100000852719,212609,950922,0.171875,0.007218700004159473,1.0339397999923676
43,9,0.10751539999910165,0.0026951000036206096,102369,950922,0.078125,0.007218700004159473,1.0339397999923676
44,0,0.08434750000014901,0.001655400003073737,18545,980554,0.03125,0.008324599999468774,1.0757007000065641
44,1,0.11358360000303946,0.002350700000533834,145217,980554,0.1875,0.008324599999468774,1.0757007000065641
44,2,0.09013789999880828,0.006229799997527152,100705,980554,0.03125,0.008324599999468774,1.0757007000065641
44,3,0.11083190000499599,0.0015944000042509288,21721,980554,0.046875,0.008324599999468774,1.0757007000065641
44,4,0.10155209999356885,0.005988899996737018,39193,980554,0.109375,0.008324599999468774,1.0757007000065641
44,5,0.1042147000116529,0.0058966999931726605,141265,980554,0.109375,0.008324599999468774,1.0757007000065641
44,6,0.09275429999979679,0.0018505000043660402,141529,980554,0.109375,0.008324599999468774,1.0757007000065641
44,7,0.11516289999417495,0.0016081000067060813,39969,980554,0.046875,0.008324599999468774,1.0757007000065641
44,8,0.1088675999926636,0.006355599995004013,210737,980554,0.046875,0.008324599999468774,1.0757007000065641
44,9,0.0862590999895474,0.0028015999996569008,107569,980554,0.078125,0.008324599999468774,1.0757007000065641
45,0,0.10008789999119472,0.0016875000001164153,18961,945834,0.046875,0.005462100001750514,1.1165793999971356
45,1,0.11347419999947306,0.0034340999991400167,150417,945834,0.140625,0.005462100001750514,1.1165793999971356
45,2,0.09407460001239087,0.005983000010019168,93425,945834,0.09375,0.005462100001750514,1.1165793999971356
45,3,0.08902610000222921,0.0016770000074757263,27865,945834,0.015625,0.005462100001750514,1.1165793999971356
45,4,0.12099579999630805,0.00279499999305699,39769,945834,0.125,0.005462100001750514,1.1165793999971356
45,5,0.11071290000109002,0.006212200009031221,133153,945834,0.03125,0.005462100001750514,1.1165793999971356
45,6,0.10192020000249613,0.0029685999907087535,129625,945834,0.0625,0.005462100001750514,1.1165793999971356
45,7,0.09437949999119155,0.0017941999976756051,34561,945834,0.046875,0.005462100001750514,1.1165793999971356
45,8,0.11787380000168923,0.0063304000068455935,207201,945834,0.0625,0.005462100001750514,1.1165793999971356
45,9,0.084666599999764,0.0048088999901665375,96753,945834,0.0625,0.005462100001750514,1.1165793999971356
46,0,0.08600150000711437,0.005939299997407943,19169,945914,0.046875,0.0043907999934162945,1.111186899986933
46,1,0.10759759999928065,0.0023772999993525445,142721,945914,0.046875,0.0043907999934162945,1.111186899986933
46,2,0.09735479998926166,0.0020499999955063686,85937,945914,0.0625,0.0043907999934162945,1.111186899986933
46,3,0.1147033999877749,0.0016417000006185845,27097,945914,0.0625,0.0043907999934162945,1.111186899986933
46,4,0.09924760001013055,0.0016243999998550862,40153,945914,0.0625,0.0043907999934162945,1.111186899986933
46,5,0.09192370000528172,0.005725600000005215,137729,945914,0.0625,0.0043907999934162945,1.111186899986933
46,6,0.12505360000068322,0.001816600008169189,131545,945914,0.03125,0.0043907999934162945,1.111186899986933
46,7,0.12683429999742657,0.006083500004024245,33729,945914,0.046875,0.0043907999934162945,1.111186899986933
46,8,0.10160870000254363,0.006417399999918416,208241,945914,0.0625,0.0043907999934162945,1.111186899986933
46,9,0.100724200005061,0.004020599997602403,105489,945914,0.0625,0.0043907999934162945,1.111186899986933
47,0,0.07724519999464974,0.0017223999893758446,19377,981386,0.046875,0.009238600003300235,2.067434399999911
47,1,0.11964580000494607,0.004140799996093847,149793,981386,0.15625,0.009238600003300235,2.067434399999911
47,2,0.2230079000000842,0.001750499999616295,106113,981386,0.0625,0.009238600003300235,2.067434399999911
47,3,1.053795200001332,0.005500700004631653,21913,981386,0.015625,0.009238600003300235,2.067434399999911
47,4,0.11282740000751801,0.005902299992158078,41305,981386,0.109375,0.009238600003300235,2.067434399999911
47,5,0.07628380000824109,0.0017372000002069399,139809,981386,0.0625,0.009238600003300235,2.067434399999911
47,6,0.06178020000515971,0.0026796000020112842,129241,981386,0.046875,0.009238600003300235,2.067434399999911
47,7,0.0712539999949513,0.001825200000894256,34145,981386,0.09375,0.009238600003300235,2.067434399999911
47,8,0.10747160000028089,0.00351290000253357,217809,981386,0.140625,0.009238600003300235,2.067434399999911
47,9,0.0890398999908939,0.002113800001097843,107777,981386,0.140625,0.009238600003300235,2.067434399999911
48,0,0.07209509999665897,0.005941700001130812,20625,980954,0.046875,0.007973600004334003,0.9534220000059577
48,1,0.10241920000407845,0.006547400000272319,145217,980954,0.0625,0.007973600004334003,0.9534220000059577
48,2,0.06846009999571834,0.0017500999965704978,103825,980954,0.0625,0.007973600004334003,0.9534220000059577
48,3,0.11043650000647176,0.0017860999942058697,25753,980954,0.046875,0.007973600004334003,0.9534220000059577
48,4,0.07957360000000335,0.0025531999999657273,43033,980954,0.0625,0.007973600004334003,0.9534220000059577
48,5,0.08387760000186972,0.001735700003337115,146049,980954,0.046875,0.007973600004334003,0.9534220000059577
48,6,0.07977149999351241,0.003148000003420748,143833,980954,0.046875,0.007973600004334003,0.9534220000059577
48,7,0.0779204000136815,0.0055558000021846965,31649,980954,0.0625,0.007973600004334003,0.9534220000059577
48,8,0.08733969999593683,0.0027332000026945025,203249,980954,0.09375,0.007973600004334003,0.9534220000059577
48,9,0.10035280000010971,0.0018237000040244311,103617,980954,0.0625,0.007973600004334003,0.9534220000059577
49,0,0.07373459999507759,0.0016892999992705882,18753,953962,0.046875,0.004585000002407469,0.8149198000028264
49,1,0.0746958999952767,0.0036286999966250733,151249,953962,0.03125,0.004585000002407469,0.8149198000028264
49,2,0.10285260000091512,0.0017399999924236909,91761,953962,0.09375,0.004585000002407469,0.8149198000028264
49,3,0.06983259999833535,0.004772000000230037,24601,953962,0.09375,0.004585000002407469,0.8149198000028264
49,4,0.07937870000023395,0.0017395000031683594,40537,953962,0.03125,0.004585000002407469,0.8149198000028264
49,5,0.08757259999401867,0.0020954000065103173,127329,953962,0.0625,0.004585000002407469,0.8149198000028264
49,6,0.06765389999782201,0.006642799999099225,136921,953962,0.0625,0.004585000002407469,0.8149198000028264
49,7,0.06665229999634903,0.005887999999686144,38097,953962,0.0625,0.004585000002407469,0.8149198000028264
49,8,0.0775217999907909,0.004604900008416735,202417,953962,0.046875,0.004585000002407469,0.8149198000028264
49,9,0.053502099995967,0.004171199994743802,108193,953962,0.109375,0.004585000002407469,0.8149198000028264
50,0,0.052729599992744625,0.004598599989549257,19169,975034,0.03125,0.009010599998873658,0.7599572999897646
50,1,0.05407040000136476,0.00384249999478925,152913,975034,0.03125,0.009010599998873658,0.7599572999897646
50,2,0.05351290000544395,0.003530799993313849,96753,975034,0.0625,0.009010599998873658,0.7599572999897646
50,3,0.07555239999783225,0.0026024000108009204,24409,975034,0.046875,0.009010599998873658,0.7599572999897646
50,4,0.06114839999645483,0.0056404999922961,40537,975034,0.015625,0.009010599998873658,0.7599572999897646
50,5,0.07178870000643656,0.004962499995599501,127329,975034,0.046875,0.009010599998873658,0.7599572999897646
50,6,0.0676716000016313,0.0021855999948456883,143833,975034,0.109375,0.009010599998873658,0.7599572999897646
50,7,0.07511340000201017,0.005974699990474619,32689,975034,0.046875,0.009010599998873658,0.7599572999897646
50,8,0.08562149999488611,0.002346399996895343,224465,975034,0.140625,0.009010599998873658,0.7599572999897646
50,9,0.0806838999997126,0.0017346999957226217,98833,975034,0.0625,0.009010599998873658,0.7599572999897646
