round,task,client_training_time,serialization_time,upload_bytes,server_aggregation_time,global_serialization_time,simulated_broadcast_bytes,round_total_time,simulated_total_communication,cumulative_upload_bytes,cumulative_simulated_broadcast_bytes,cumulative_simulated_total_bytes,process_rss_snapshot_bytes
1,diagnosis,0.9667536999477306,0.0468810999736888,955858,0.0063818999915383,0.0199371000053361,969978,1.0203445000079228,1925836,955858,969978,1925836,257572864
2,diagnosis,0.840516900003422,0.0708283000276424,959794,0.0077002000034553,0.0395368000026792,973914,0.9193434000044364,1933708,1915652,1943892,3859544,261201920
3,diagnosis,1.7322086000203851,0.0668546000088099,958034,0.0079903000005288,0.0219044999976176,972154,1.8074429000116647,1930188,2873686,2916046,5789732,261439488
4,diagnosis,0.9708278000180144,0.0672576000069966,939618,0.0073847000021487,0.0265904000116279,953738,1.0457483000063803,1893356,3813304,3869784,7683088,261689344
5,diagnosis,0.764561899995897,0.0640254000318236,955010,0.0062956000037956,0.0218043999921064,969130,0.8351401000109036,1924140,4768314,4838914,9607228,263385088
6,diagnosis,0.8032026999862865,0.0504062000254634,952178,0.0045974000095156,0.0184127000102307,966298,0.8586281999887433,1918476,5720492,5805212,11525704,262406144
7,diagnosis,0.8147174999758136,0.090763500003959,932802,0.0045261999912327,0.0522909999999683,946906,0.9102946000057272,1879708,6653294,6752118,13405412,265383936
8,diagnosis,1.160817500000121,0.0678056000033393,951506,0.0102121999952942,0.0296371000004,965610,1.2392634000134422,1917116,7604800,7717728,15322528,266207232
9,diagnosis,1.4461479000019608,0.0584087999886833,948434,0.0058489999937592,0.0196522000042023,962538,1.510758699994767,1910972,8553234,8680266,17233500,266539008
10,diagnosis,0.7628259000048274,0.0770924999815179,956322,0.0062043000070843,0.0412835000024642,970426,0.8464164000033634,1926748,9509556,9650692,19160248,266420224
11,diagnosis,0.9022045000165236,0.0632111999730113,941394,0.0076193999993847,0.0434150999935809,955498,0.9732444000110264,1896892,10450950,10606190,21057140,266735616
12,diagnosis,0.7139067000098294,0.0556037000060314,960290,0.0047312999959103,0.0174999000009847,974394,0.7744993000087561,1934684,11411240,11580584,22991824,267743232
13,diagnosis,0.74960199999623,0.0720526999939465,914994,0.0072844000096665,0.0441850000061094,929098,0.8294058000028599,1844092,12326234,12509682,24835916,266915840
14,diagnosis,1.579658099988592,0.0606738999922527,945746,0.0081210000062128,0.0250704000063706,959850,1.6487419000040973,1905596,13271980,13469532,26741512,267530240
15,diagnosis,2.008767599982093,0.0651414999883854,948914,0.00914599999669,0.0254399000114062,963018,2.0833978000009665,1911932,14220894,14432550,28653444,267771904
16,diagnosis,1.1628260999859776,0.0674412000080337,986226,0.0057656999997561,0.0377437999995891,1000330,1.2364635999983875,1986556,15207120,15432880,30640000,267743232
17,diagnosis,1.1652524000091944,0.0750391000183299,945650,0.0099664000008488,0.0439042000070912,959754,1.250620799997705,1905404,16152770,16392634,32545404,267571200
18,diagnosis,1.9044478999567216,0.0518727999879047,933666,0.0063798000046517,0.0203376999997999,947770,1.9630481999920448,1881436,17086436,17340404,34426840,266686464
19,diagnosis,1.113181099994108,0.0590513000061037,950434,0.0087634000083198,0.0248094999988097,964538,1.181237600001623,1914972,18036870,18304942,36341812,267776000
20,diagnosis,0.7497116000304231,0.0613093999709235,930786,0.0053637000091839,0.0190164999949047,944890,0.816681600001175,1875676,18967656,19249832,38217488,268820480
21,diagnosis,0.8015474999847356,0.0486636999703478,942978,0.004752599998028,0.0189517999970121,957082,0.8553399999946123,1900060,19910634,20206914,40117548,267751424
22,diagnosis,0.8323271999979625,0.0637854999949922,959522,0.0032946999999694,0.0204627000057371,973626,0.8997473000054015,1933148,20870156,21180540,42050696,267833344
23,diagnosis,1.0509558999765432,0.0545551000104751,941346,0.0093345000059343,0.0223789000010583,955450,1.1151727999967989,1896796,21811502,22135990,43947492,267784192
24,diagnosis,1.6898201999865703,0.0700893000030191,942130,0.0080225999990943,0.037650999991456,956234,1.7682636000099592,1898364,22753632,23092224,45845856,266805248
25,diagnosis,0.8193370000226423,0.0805317999620456,953298,0.0085518999985652,0.0346313999907579,967402,0.9087601999926846,1920700,23706930,24059626,47766556,267980800
26,diagnosis,0.8032252000266453,0.065381399996113,967554,0.0078196999966166,0.0298898000037297,981658,0.8766918000037549,1949212,24674484,25041284,49715768,268406784
27,diagnosis,0.8235396000527544,0.0748809000360779,937890,0.0072324000066146,0.0389776000083657,951994,0.90595050000411,1889884,25612374,25993278,51605652,269606912
28,diagnosis,0.8059319000312826,0.0581074999499833,956850,0.0054534999944735,0.0182327999937115,970954,0.8697904000000563,1927804,26569224,26964232,53533456,270589952
29,diagnosis,1.3322663999570068,0.0626072000013664,948994,0.0097586999909253,0.0332459999917773,963098,1.4050664999958826,1912092,27518218,27927330,55445548,269979648
30,diagnosis,1.296616300023743,0.074767600002815,936066,0.0071248000022023,0.0350058999902103,950170,1.378815600008238,1886236,28454284,28877500,57331784,271249408
31,diagnosis,0.7456453000049805,0.0847003000089898,948402,0.009535399993183,0.0546670000039739,962506,0.8403239999897778,1910908,29402686,29840006,59242692,269250560
32,diagnosis,0.7629466000071261,0.056844499966246,926498,0.0063069000025279,0.0175634000042919,940602,0.8263704999990296,1867100,30329184,30780608,61109792,270434304
33,diagnosis,0.7749300999857951,0.0611157999956049,961138,0.0063177999982144,0.0196387999894795,975242,0.8426930999994511,1936380,31290322,31755850,63046172,271323136
34,diagnosis,0.705903300025966,0.0593501999828731,911058,0.0067725000117206,0.0197625999862793,925162,0.7723499000130687,1836220,32201380,32681012,64882392,270430208
35,diagnosis,1.2287991000484908,0.0631432000227505,931442,0.009838199999649,0.0242636000039055,945546,1.3020345000113591,1876988,33132822,33626558,66759380,271118336
36,diagnosis,1.4048698999977205,0.0594663999654585,953474,0.0040796999965095,0.0190232999884756,967578,1.4687596000003396,1921052,34086296,34594136,68680432,270299136
37,diagnosis,0.7255861000303412,0.0653282999701332,934514,0.0063558999972883,0.0339502999995602,948618,0.7975316000083694,1883132,35020810,35542754,70563564,271351808
38,diagnosis,0.6967729999887524,0.0577200000261655,903682,0.0035475000040605,0.0271133000060217,917786,0.7583572000003187,1821468,35924492,36460540,72385032,268324864
39,diagnosis,0.7890134999906877,0.048540400021011,954978,0.0026590999914333,0.0158013000036589,969082,0.840445699999691,1924060,36879470,37429622,74309092,269234176
40,diagnosis,0.759959599992726,0.0578745000093476,946018,0.0074363000021548,0.0295126999990316,960122,0.8254832000093302,1906140,37825488,38389744,76215232,270405632
41,diagnosis,1.2551363999664318,0.053528299977188,948642,0.0074531999998725,0.0287499999976716,962746,1.316520499996841,1911388,38774130,39352490,78126620,269361152
42,diagnosis,1.563439500008826,0.062963700009277,973858,0.0074752999935299,0.0251968000084161,987962,1.6342669000005117,1961820,39747988,40340452,80088440,269180928
43,diagnosis,0.9662403000111226,0.0601421000028494,936818,0.0072187000041594,0.0195601000013994,950922,1.0339397999923676,1887740,40684806,41291374,81976180,269213696
44,diagnosis,1.0077115999883972,0.059273300008499,966450,0.0083245999994687,0.0229416000074706,980554,1.075700700006564,1947004,41651256,42271928,83923184,269258752
45,diagnosis,1.0272115999978269,0.0836534999980358,931730,0.0054621000017505,0.0459625999937998,945834,1.1165793999971356,1877564,42582986,43217762,85800748,270622720
46,diagnosis,1.0510494000045585,0.0553022999956738,931810,0.0043907999934162,0.0176058999932138,945914,1.111186899986933,1877724,43514796,44163676,87678472,269729792
47,diagnosis,1.9923510000080569,0.0655120999872451,967282,0.0092386000033002,0.0346266999986255,981386,2.067434399999911,1948668,44482078,45145062,89627140,268865536
48,diagnosis,0.862246500008041,0.0829712999984622,966850,0.007973600004334,0.0493963999906554,980954,0.9534220000059576,1947804,45448928,46126016,91574944,270077952
49,diagnosis,0.7533970999647863,0.0567150999995647,939858,0.0045850000024074,0.0197432999993907,953962,0.8149198000028264,1893820,46388786,47079978,93468764,270217216
50,diagnosis,0.6778927999985171,0.0727860999468248,960930,0.0090105999988736,0.0353673999925376,975034,0.7599572999897646,1935964,47349716,48055012,95404728,270868480
1,severity,1.7005694000254152,0.0696054000000003,1098554,0.0004138999938732,0.0369147000019438,1097228,1.7708569999958854,2195782,1098554,1097228,2195782,257232896
2,severity,0.740892800007714,0.0567107000097166,1099786,0.0002620000013848,0.0227473999984795,1098460,0.7981604999949923,2198246,2198340,2195688,4394028,258957312
3,severity,0.7636243999877479,0.0647838999720988,1086234,0.0009369000035803,0.0264443999913055,1084908,0.8296850000042468,2171142,3284574,3280596,6565170,260296704
4,severity,0.7382380999770248,0.0799576999997953,1119146,0.0003360999980941,0.0504535999934887,1117820,0.8188820000068517,2236966,4403720,4398416,8802136,260337664
5,severity,0.7179865999642061,0.0529534999513998,1095386,0.0003501000028336,0.0182198999973479,1094060,0.7716118000098504,2189446,5499106,5492476,10991582,260472832
6,severity,0.8096856999618467,0.0657883999956538,1079546,0.0007635000074515,0.0347371999960159,1078220,0.8765468999918085,2157766,6578652,6570696,13149348,260923392
7,severity,0.797483899994404,0.0706872999871848,1081834,0.0008525000012014,0.0397430000011809,1080556,0.8693697999988217,2162390,7660486,7651252,15311738,260804608
8,severity,0.7129111999965971,0.0534200999973109,1118266,0.0002077000099234,0.0170270000089658,1116988,0.7668638000031933,2235254,8778752,8768240,17546992,260956160
9,severity,0.7437342000193894,0.0721664000302553,1086410,0.0009166999952867,0.0308134999941103,1085132,0.8171495999995386,2171542,9865162,9853372,19718534,261771264
10,severity,0.6725961000047391,0.0680917000427143,1098026,0.0002482999989297,0.0410751000017626,1096748,0.7412699999986216,2194774,10963188,10950120,21913308,261582848
11,severity,0.8116250999737531,0.0873828999756369,1110346,0.0006761999975424,0.0436109000002034,1109068,0.9000624999898719,2219414,12073534,12059188,24132722,262234112
12,severity,0.7509872000082396,0.0639800000062678,1080426,0.0003160000051138,0.0250866999995196,1079148,0.815594500003499,2159574,13153960,13138336,26292296,261996544
13,severity,1.576328899973305,0.0850133000058122,1091514,0.0010518000053707,0.0533518000011099,1090236,1.6628256999974838,2181750,14245474,14228572,28474046,262291456
14,severity,0.7130047999962699,0.0838134000223362,1107530,0.0010488000116311,0.036436100010178,1106252,0.7982920000067679,2213782,15353004,15334824,30687828,262488064
15,severity,0.7218527999793878,0.0685023999540135,1103306,0.0006354000070132,0.0353481999918585,1102028,0.7913283000088995,2205334,16456310,16436852,32893162,262422528
16,severity,0.8657528000039747,0.0912474000069778,1085706,0.0006742999976268,0.047466500007431,1084428,0.9582858000067064,2170134,17542016,17521280,35063296,262250496
17,severity,0.7475185999792302,0.070981099983328,1093098,0.0009912999958032,0.0330753000016557,1091820,0.8199190000013914,2184918,18635114,18613100,37248214,263254016
18,severity,0.8132580000528833,0.0745746999746188,1094682,0.0003148999967379,0.0384907999978167,1093404,0.8884749999997439,2188086,19729796,19706504,39436300,263176192
19,severity,0.8089414999994915,0.062733400016441,1094506,0.0005360999930417,0.0222179000120377,1093228,0.8725393999920925,2187734,20824302,20799732,41624034,263757824
20,severity,0.8656575000204612,0.0582902000169269,1109114,0.0002742999931797,0.0224765000020852,1107836,0.9245232999965084,2216950,21933416,21907568,43840984,264007680
21,severity,0.5068501000059769,0.0533493999828351,1102426,0.0009599000040907,0.0263905000028898,1101148,0.561466900006053,2203574,23035842,23008716,46044558,263794688
22,severity,0.7943331999849761,0.0778944000048795,1105418,0.0001991000026464,0.0416087999910814,1104140,0.8727634999959264,2209558,24141260,24112856,48254116,263925760
23,severity,0.7400238000118406,0.0560213999851839,1104362,0.0008192000095732,0.0267652000038651,1103084,0.7971776000049431,2207446,25245622,25215940,50461562,263991296
24,severity,0.720095600001514,0.0635990000009769,1103482,0.0010520000068936,0.0298482000071089,1102204,0.7850460000045132,2205686,26349104,26318144,52667248,264130560
25,severity,0.8413337000092724,0.058401699992828,1090810,0.0002582000015536,0.0220539000001736,1089532,0.9003413000027649,2180342,27439914,27407676,54847590,264101888
26,severity,0.8269552999699954,0.0791454999998677,1079194,0.0007369000086328,0.0346243999956641,1077916,0.9073060999944572,2157110,28519108,28485592,57004700,264335360
27,severity,1.9245504000136864,0.0644855999998981,1088346,0.0003879999858327,0.0317325000069104,1087068,1.989762000011979,2175414,29607454,29572660,59180114,264179712
28,severity,1.0056767999922158,0.0621809999865945,1106826,0.0002952000068034,0.0237269000062951,1105548,1.0684966999979224,2212374,30714280,30678208,61392488,263307264
29,severity,0.992619900003774,0.0672015999443829,1103306,0.0011774000013247,0.0312933999957749,1102028,1.0614008999982616,2205334,31817586,31780236,63597822,263155712
30,severity,0.9854139000090072,0.069272099979571,1083946,0.0003125999937765,0.0340327999874716,1082668,1.0554498999990756,2166614,32901532,32862904,65764436,263245824
31,severity,0.9541141999798128,0.0568058999779168,1095738,0.0007193999917944,0.0228131000039866,1094460,1.011970499996096,2190198,33997270,33957364,67954634,263221248
32,severity,2.0614780000032624,0.0584085999871604,1088522,0.0006057000136934,0.024142700000084,1087244,2.120830300002126,2175766,35085792,35044608,70130400,263159808
33,severity,0.7568036000011489,0.0788374000258045,1107178,0.0013619999954244,0.0363614000089,1105900,0.8373754000058398,2213078,36192970,36150508,72343478,263294976
34,severity,0.7989463999838335,0.0761484999966342,1089754,0.0003242999955546,0.0390233999933116,1088476,0.8757575000054203,2178230,37282724,37238984,74521708,263168000
35,severity,0.7177541999990353,0.0773645000444958,1075146,0.0009071999957086,0.0442717999976594,1073868,0.7964645999891218,2149014,38357870,38312852,76670722,263634944
36,severity,0.7739693000185071,0.0730718999548116,1094858,0.0009520000021439,0.0395613000000594,1093580,0.8483548000076553,2188438,39452728,39406432,78859160,263544832
37,severity,0.7660710000200197,0.057938700003433,1083594,0.000640199999907,0.0254672000010032,1082316,0.8249388999975054,2165910,40536322,40488748,81025070,263454720
38,severity,1.4675997000013012,0.0713200999744003,1097322,0.0009010999929159,0.034027599991532,1096044,1.5402086999965832,2193366,41633644,41584792,83218436,263434240
39,severity,0.7708085000049323,0.0739099000056739,1079194,0.0003004000027431,0.023793200001819,1077916,0.8454399000038393,2157110,42712838,42662708,85375546,263528448
40,severity,0.6434950999828288,0.0690162000246346,1073210,0.0005460000102175,0.0299912000045878,1071932,0.7133849999954691,2145142,43786048,43734640,87520688,263725056
41,severity,0.8640193000173895,0.0731479000096442,1085354,0.0003663999959826,0.0406180999998468,1084076,0.9380834000039612,2169430,44871402,44818716,89690118,263815168
42,severity,0.992484400019748,0.0712408999970648,1102074,0.0003900000010617,0.0290454999922076,1100796,1.0644756999972742,2202870,45973476,45919512,91892988,264097792
43,severity,0.94953529999475,0.0706100999959744,1099082,0.000930199996219,0.0456778999941889,1097804,1.0213635999971302,2196886,47072558,47017316,94089874,264081408
44,severity,1.4273117999982787,0.0685165999893797,1101194,0.0003200999926775,0.042085599998245,1099916,1.4964786999917123,2201110,48173752,48117232,96290984,263880704
45,severity,1.108532500016736,0.0544705999782308,1105242,0.0004088999994564,0.0207928000018,1103964,1.163726200000383,2209206,49278994,49221196,98500190,263741440
46,severity,0.6891892999992706,0.0677288999868324,1079546,0.0005073000065749,0.02637729998969,1078268,0.7577329000050668,2157814,50358540,50299464,100658004,263831552
47,severity,0.7605152999894926,0.0780722000054083,1081482,0.0009308000007877,0.0316881000035209,1080204,0.8399520999955712,2161686,51440022,51379668,102819690,263798784
48,severity,0.7879188000224531,0.0554640000336803,1111578,0.0004997999931219,0.0257341999968048,1110300,0.8442213999951491,2221878,52551600,52489968,105041568,263761920
49,severity,0.7190992999676382,0.0550144999870099,1099610,0.0003007999912369,0.0274061999953119,1098332,0.7748247999988962,2197942,53651210,53588300,107239510,263999488
50,severity,1.0737082999694394,0.0833521000313339,1097146,0.0002189000078942,0.041670000005979,1095868,1.1577751000004357,2193014,54748356,54684168,109432524,263856128
