round,upload_bytes,simulated_broadcast_bytes,simulated_total_communication,cumulative_upload_bytes,cumulative_simulated_broadcast_bytes,cumulative_simulated_total_bytes,average_bytes_per_client_upload,average_bytes_per_client_round_total
1,1098554,1097228,2195782,1098554,1097228,2195782,109855.4,219578.2
2,1099786,1098460,2198246,2198340,2195688,4394028,109978.6,219824.6
3,1086234,1084908,2171142,3284574,3280596,6565170,108623.4,217114.2
4,1119146,1117820,2236966,4403720,4398416,8802136,111914.6,223696.6
5,1095386,1094060,2189446,5499106,5492476,10991582,109538.6,218944.6
6,1079546,1078220,2157766,6578652,6570696,13149348,107954.6,215776.6
7,1081834,1080556,2162390,7660486,7651252,15311738,108183.4,216239.0
8,1118266,1116988,2235254,8778752,8768240,17546992,111826.6,223525.4
9,1086410,1085132,2171542,9865162,9853372,19718534,108641.0,217154.2
10,1098026,1096748,2194774,10963188,10950120,21913308,109802.6,219477.4
11,1110346,1109068,2219414,12073534,12059188,24132722,111034.6,221941.4
12,1080426,1079148,2159574,13153960,13138336,26292296,108042.6,215957.4
13,1091514,1090236,2181750,14245474,14228572,28474046,109151.4,218175.0
14,1107530,1106252,2213782,15353004,15334824,30687828,110753.0,221378.2
15,1103306,1102028,2205334,16456310,16436852,32893162,110330.6,220533.4
16,1085706,1084428,2170134,17542016,17521280,35063296,108570.6,217013.4
17,1093098,1091820,2184918,18635114,18613100,37248214,109309.8,218491.8
18,1094682,1093404,2188086,19729796,19706504,39436300,109468.2,218808.6
19,1094506,1093228,2187734,20824302,20799732,41624034,109450.6,218773.4
20,1109114,1107836,2216950,21933416,21907568,43840984,110911.4,221695.0
21,1102426,1101148,2203574,23035842,23008716,46044558,110242.6,220357.4
22,1105418,1104140,2209558,24141260,24112856,48254116,110541.8,220955.8
23,1104362,1103084,2207446,25245622,25215940,50461562,110436.2,220744.6
24,1103482,1102204,2205686,26349104,26318144,52667248,110348.2,220568.6
25,1090810,1089532,2180342,27439914,27407676,54847590,109081.0,218034.2
26,1079194,1077916,2157110,28519108,28485592,57004700,107919.4,215711.0
27,1088346,1087068,2175414,29607454,29572660,59180114,108834.6,217541.4
28,1106826,1105548,2212374,30714280,30678208,61392488,110682.6,221237.4
29,1103306,1102028,2205334,31817586,31780236,63597822,110330.6,220533.4
30,1083946,1082668,2166614,32901532,32862904,65764436,108394.6,216661.4
31,1095738,1094460,2190198,33997270,33957364,67954634,109573.8,219019.8
32,1088522,1087244,2175766,35085792,35044608,70130400,108852.2,217576.6
33,1107178,1105900,2213078,36192970,36150508,72343478,110717.8,221307.8
34,1089754,1088476,2178230,37282724,37238984,74521708,108975.4,217823.0
35,1075146,1073868,2149014,38357870,38312852,76670722,107514.6,214901.4
36,1094858,1093580,2188438,39452728,39406432,78859160,109485.8,218843.8
37,1083594,1082316,2165910,40536322,40488748,81025070,108359.4,216591.0
38,1097322,1096044,2193366,41633644,41584792,83218436,109732.2,219336.6
39,1079194,1077916,2157110,42712838,42662708,85375546,107919.4,215711.0
40,1073210,1071932,2145142,43786048,43734640,87520688,107321.0,214514.2
41,1085354,1084076,2169430,44871402,44818716,89690118,108535.4,216943.0
42,1102074,1100796,2202870,45973476,45919512,91892988,110207.4,220287.0
43,1099082,1097804,2196886,47072558,47017316,94089874,109908.2,219688.6
44,1101194,1099916,2201110,48173752,48117232,96290984,110119.4,220111.0
45,1105242,1103964,2209206,49278994,49221196,98500190,110524.2,220920.6
46,1079546,1078268,2157814,50358540,50299464,100658004,107954.6,215781.4
47,1081482,1080204,2161686,51440022,51379668,102819690,108148.2,216168.6
48,1111578,1110300,2221878,52551600,52489968,105041568,111157.8,222187.8
49,1099610,1098332,2197942,53651210,53588300,107239510,109961.0,219794.2
50,1097146,1095868,2193014,54748356,54684168,109432524,109714.6,219301.4
