round,client_training_time,serialization_time,upload_bytes,server_aggregation_time,global_serialization_time,simulated_broadcast_bytes,round_total_time,simulated_total_communication,cumulative_upload_bytes,cumulative_simulated_broadcast_bytes,cumulative_simulated_total_bytes,process_rss_snapshot_bytes
1,1.7005694000254152,0.06960540000000037,1098554,0.0004138999938732013,0.036914700001943856,1097228,1.7708569999958854,2195782,1098554,1097228,2195782,257232896
2,0.740892800007714,0.056710700009716675,1099786,0.00026200000138487667,0.022747399998479523,1098460,0.7981604999949923,2198246,2198340,2195688,4394028,258957312
3,0.7636243999877479,0.06478389997209888,1086234,0.0009369000035803765,0.026444399991305545,1084908,0.8296850000042468,2171142,3284574,3280596,6565170,260296704
4,0.7382380999770248,0.0799576999997953,1119146,0.0003360999980941415,0.05045359999348875,1117820,0.8188820000068517,2236966,4403720,4398416,8802136,260337664
5,0.7179865999642061,0.05295349995139986,1095386,0.00035010000283364207,0.018219899997347966,1094060,0.7716118000098504,2189446,5499106,5492476,10991582,260472832
6,0.8096856999618467,0.06578839999565389,1079546,0.0007635000074515119,0.03473719999601599,1078220,0.8765468999918085,2157766,6578652,6570696,13149348,260923392
7,0.797483899994404,0.07068729998718482,1081834,0.0008525000012014061,0.03974300000118092,1080556,0.8693697999988217,2162390,7660486,7651252,15311738,260804608
8,0.7129111999965971,0.0534200999973109,1118266,0.0002077000099234283,0.017027000008965842,1116988,0.7668638000031933,2235254,8778752,8768240,17546992,260956160
9,0.7437342000193894,0.07216640003025532,1086410,0.0009166999952867627,0.030813499994110316,1085132,0.8171495999995386,2171542,9865162,9853372,19718534,261771264
10,0.6725961000047391,0.06809170004271436,1098026,0.0002482999989297241,0.04107510000176262,1096748,0.7412699999986216,2194774,10963188,10950120,21913308,261582848
11,0.8116250999737531,0.08738289997563697,1110346,0.000676199997542426,0.0436109000002034,1109068,0.9000624999898719,2219414,12073534,12059188,24132722,262234112
12,0.7509872000082396,0.0639800000062678,1080426,0.00031600000511389226,0.025086699999519624,1079148,0.815594500003499,2159574,13153960,13138336,26292296,261996544
13,1.576328899973305,0.0850133000058122,1091514,0.001051800005370751,0.05335180000110995,1090236,1.6628256999974838,2181750,14245474,14228572,28474046,262291456
14,0.7130047999962699,0.08381340002233628,1107530,0.0010488000116311014,0.03643610001017805,1106252,0.7982920000067679,2213782,15353004,15334824,30687828,262488064
15,0.7218527999793878,0.06850239995401353,1103306,0.0006354000070132315,0.035348199991858564,1102028,0.7913283000088995,2205334,16456310,16436852,32893162,262422528
16,0.8657528000039747,0.09124740000697784,1085706,0.0006742999976268038,0.04746650000743102,1084428,0.9582858000067063,2170134,17542016,17521280,35063296,262250496
17,0.7475185999792302,0.07098109998332802,1093098,0.0009912999958032742,0.033075300001655705,1091820,0.8199190000013914,2184918,18635114,18613100,37248214,263254016
18,0.8132580000528833,0.07457469997461885,1094682,0.00031489999673794955,0.038490799997816794,1093404,0.8884749999997439,2188086,19729796,19706504,39436300,263176192
19,0.8089414999994915,0.06273340001644101,1094506,0.0005360999930417165,0.022217900012037717,1093228,0.8725393999920925,2187734,20824302,20799732,41624034,263757824
20,0.8656575000204612,0.058290200016926974,1109114,0.0002742999931797385,0.02247650000208523,1107836,0.9245232999965083,2216950,21933416,21907568,43840984,264007680
21,0.5068501000059769,0.053349399982835166,1102426,0.0009599000040907413,0.026390500002889894,1101148,0.561466900006053,2203574,23035842,23008716,46044558,263794688
22,0.7943331999849761,0.07789440000487957,1105418,0.00019910000264644623,0.04160879999108147,1104140,0.8727634999959264,2209558,24141260,24112856,48254116,263925760
23,0.7400238000118406,0.05602139998518396,1104362,0.000819200009573251,0.026765200003865175,1103084,0.7971776000049431,2207446,25245622,25215940,50461562,263991296
24,0.720095600001514,0.06359900000097696,1103482,0.0010520000068936497,0.02984820000710897,1102204,0.7850460000045132,2205686,26349104,26318144,52667248,264130560
25,0.8413337000092724,0.05840169999282807,1090810,0.0002582000015536323,0.0220539000001736,1089532,0.9003413000027649,2180342,27439914,27407676,54847590,264101888
26,0.8269552999699954,0.07914549999986775,1079194,0.0007369000086328015,0.034624399995664135,1077916,0.9073060999944573,2157110,28519108,28485592,57004700,264335360
27,1.9245504000136862,0.06448559999989811,1088346,0.000387999985832721,0.031732500006910414,1087068,1.9897620000119787,2175414,29607454,29572660,59180114,264179712
28,1.0056767999922158,0.06218099998659454,1106826,0.00029520000680349767,0.023726900006295182,1105548,1.0684966999979224,2212374,30714280,30678208,61392488,263307264
29,0.9926199000037741,0.0672015999443829,1103306,0.0011774000013247132,0.03129339999577496,1102028,1.0614008999982616,2205334,31817586,31780236,63597822,263155712
30,0.9854139000090072,0.06927209997957107,1083946,0.00031259999377653003,0.03403279998747166,1082668,1.0554498999990756,2166614,32901532,32862904,65764436,263245824
31,0.9541141999798128,0.05680589997791685,1095738,0.0007193999917944893,0.02281310000398662,1094460,1.011970499996096,2190198,33997270,33957364,67954634,263221248
32,2.0614780000032624,0.058408599987160414,1088522,0.0006057000136934221,0.024142700000084005,1087244,2.120830300002126,2175766,35085792,35044608,70130400,263159808
33,0.7568036000011489,0.07883740002580453,1107178,0.0013619999954244122,0.03636140000890009,1105900,0.8373754000058398,2213078,36192970,36150508,72343478,263294976
34,0.7989463999838335,0.0761484999966342,1089754,0.0003242999955546111,0.039023399993311614,1088476,0.8757575000054203,2178230,37282724,37238984,74521708,263168000
35,0.7177541999990353,0.0773645000444958,1075146,0.0009071999957086518,0.0442717999976594,1073868,0.7964645999891218,2149014,38357870,38312852,76670722,263634944
36,0.7739693000185071,0.07307189995481167,1094858,0.0009520000021439046,0.03956130000005942,1093580,0.8483548000076553,2188438,39452728,39406432,78859160,263544832
37,0.7660710000200197,0.05793870000343304,1083594,0.000640199999907054,0.02546720000100322,1082316,0.8249388999975054,2165910,40536322,40488748,81025070,263454720
38,1.4675997000013012,0.07132009997440036,1097322,0.000901099992915988,0.03402759999153204,1096044,1.5402086999965832,2193366,41633644,41584792,83218436,263434240
39,0.7708085000049323,0.07390990000567399,1079194,0.0003004000027431175,0.02379320000181906,1077916,0.8454399000038393,2157110,42712838,42662708,85375546,263528448
40,0.6434950999828288,0.0690162000246346,1073210,0.00054600001021754,0.02999120000458788,1071932,0.7133849999954691,2145142,43786048,43734640,87520688,263725056
41,0.8640193000173895,0.07314790000964422,1085354,0.00036639999598264694,0.04061809999984689,1084076,0.9380834000039613,2169430,44871402,44818716,89690118,263815168
42,0.9924844000197481,0.07124089999706484,1102074,0.00039000000106170774,0.029045499992207624,1100796,1.0644756999972742,2202870,45973476,45919512,91892988,264097792
43,0.94953529999475,0.07061009999597445,1099082,0.0009301999962190166,0.04567789999418892,1097804,1.0213635999971302,2196886,47072558,47017316,94089874,264081408
44,1.4273117999982787,0.06851659998937976,1101194,0.0003200999926775694,0.042085599998245016,1099916,1.4964786999917123,2201110,48173752,48117232,96290984,263880704
45,1.1085325000167359,0.054470599978230894,1105242,0.00040889999945648015,0.02079280000180006,1103964,1.163726200000383,2209206,49278994,49221196,98500190,263741440
46,0.6891892999992706,0.0677288999868324,1079546,0.0005073000065749511,0.026377299989690073,1078268,0.7577329000050668,2157814,50358540,50299464,100658004,263831552
47,0.7605152999894926,0.07807220000540838,1081482,0.0009308000007877126,0.03168810000352096,1080204,0.8399520999955712,2161686,51440022,51379668,102819690,263798784
48,0.7879188000224531,0.05546400003368035,1111578,0.0004997999931219965,0.02573419999680482,1110300,0.8442213999951491,2221878,52551600,52489968,105041568,263761920
49,0.7190992999676382,0.05501449998700991,1099610,0.00030079999123699963,0.02740619999531191,1098332,0.7748247999988962,2197942,53651210,53588300,107239510,263999488
50,1.0737082999694394,0.08335210003133398,1097146,0.00021890000789426267,0.04167000000597909,1095868,1.1577751000004355,2193014,54748356,54684168,109432524,263856128
