OASISID,client_id,n_rows,true_label,global_prediction,global_confidence,personalized_prediction,personalized_confidence,local_prediction,local_confidence,global_correct,personalized_correct,local_correct,global_prob_AD,global_prob_CN,global_prob_Non-AD,global_prob_Others,global_prob_Uncertain,personalized_prob_AD,personalized_prob_CN,personalized_prob_Non-AD,personalized_prob_Others,personalized_prob_Uncertain,local_prob_AD,local_prob_CN,local_prob_Non-AD,local_prob_Others,local_prob_Uncertain
OAS30008,5,1,CN,CN,0.59,CN,0.6181818181818182,CN,0.64,True,True,True,0.13,0.59,0.05,0.06,0.17,0.11818181818181818,0.6181818181818182,0.045454545454545456,0.05454545454545454,0.16363636363636364,0.16,0.64,0.2,,
OAS30013,6,7,Uncertain,Uncertain,0.3442857142857143,Uncertain,0.3376623376623376,CN,0.35000000000000003,True,True,False,0.24428571428571427,0.33999999999999997,0.06142857142857143,0.009999999999999998,0.3442857142857143,0.2597402597402597,0.33246753246753247,0.059740259740259746,0.01038961038961039,0.3376623376623376,0.32857142857142857,0.35000000000000003,0.04142857142857143,0.0,0.27999999999999997
OAS30052,9,16,CN,CN,0.8568749999999998,CN,0.8625,CN,0.930625,True,True,True,0.021875000000000002,0.8568749999999998,0.005,0.02625000000000001,0.09000000000000002,0.021022727272727276,0.8625,0.004545454545454545,0.023863636363636365,0.08806818181818181,0.013125,0.930625,0.05625000000000001,,
OAS30061,5,3,AD,AD,0.49666666666666665,AD,0.5151515151515151,AD,0.6666666666666666,True,True,True,0.49666666666666665,0.29333333333333333,0.09666666666666668,0.006666666666666667,0.10666666666666667,0.5151515151515151,0.29393939393939394,0.08787878787878789,0.006060606060606061,0.09696969696969697,0.6666666666666666,0.32666666666666666,0.006666666666666667,,
OAS30068,8,4,Uncertain,Uncertain,0.47750000000000004,Uncertain,0.48636363636363633,Non-AD,0.4575,True,True,False,0.325,0.11249999999999999,0.0625,0.022500000000000003,0.47750000000000004,0.3136363636363636,0.12272727272727273,0.05681818181818181,0.020454545454545454,0.48636363636363633,0.3225,0.22,0.4575,,
OAS30076,8,5,AD,AD,0.708,AD,0.7181818181818181,AD,0.784,True,True,True,0.708,0.034,0.074,0.026000000000000002,0.15800000000000003,0.7181818181818181,0.030909090909090907,0.06727272727272726,0.023636363636363636,0.16,0.784,0.026000000000000002,0.19,,
OAS30079,8,5,CN,CN,0.966,CN,0.9690909090909091,CN,1.0,True,True,True,0.0,0.966,0.0,0.012,0.022000000000000002,0.0,0.9690909090909091,0.0,0.01090909090909091,0.02,0.0,1.0,0.0,,
OAS30091,0,4,AD,AD,0.8175,AD,0.8159090909090908,AD,0.8450000000000001,True,True,True,0.8175,0.019999999999999997,0.08,0.04,0.0425,0.8159090909090908,0.020454545454545454,0.07272727272727272,0.03636363636363636,0.05454545454545455,0.8450000000000001,0.0225,0.1325,,
OAS30093,1,2,CN,CN,0.97,CN,0.9681818181818183,CN,0.965,True,True,True,0.0,0.97,0.0,0.01,0.02,0.0,0.9681818181818183,0.0,0.013636363636363636,0.01818181818181818,0.0,0.965,0.025,0.01,
OAS30094,6,2,AD,AD,0.43999999999999995,AD,0.44545454545454544,AD,0.52,True,True,True,0.43999999999999995,0.05,0.08499999999999999,0.035,0.39,0.44545454545454544,0.045454545454545456,0.10454545454545454,0.031818181818181815,0.37272727272727274,0.52,0.04,0.18,0.005,0.255
OAS30108,0,8,CN,CN,0.62375,CN,0.6352272727272728,CN,0.7812499999999999,True,True,True,0.10875000000000001,0.62375,0.03375,0.036250000000000004,0.1975,0.10227272727272727,0.6352272727272728,0.03068181818181818,0.03295454545454546,0.19886363636363635,0.045,0.7812499999999999,0.17375,,
OAS30113,7,7,CN,CN,0.9728571428571428,CN,0.9753246753246753,CN,0.9985714285714286,True,True,True,0.0,0.9728571428571428,0.0,0.011428571428571429,0.015714285714285715,0.0,0.9753246753246753,0.0,0.010389610389610391,0.014285714285714285,0.0,0.9985714285714286,0.0014285714285714286,,
OAS30121,5,12,CN,CN,0.9191666666666665,CN,0.9143939393939394,CN,0.9541666666666666,True,True,True,0.021666666666666664,0.9191666666666665,0.0033333333333333335,0.01833333333333333,0.0375,0.021969696969696972,0.9143939393939394,0.0030303030303030303,0.01666666666666667,0.043939393939393945,0.01666666666666667,0.9541666666666666,0.029166666666666664,,
OAS30127,6,7,CN,CN,0.9571428571428571,CN,0.9584415584415584,CN,0.9242857142857144,True,True,True,0.0014285714285714286,0.9571428571428571,0.0014285714285714286,0.011428571428571429,0.028571428571428577,0.0012987012987012987,0.9584415584415584,0.0025974025974025974,0.01038961038961039,0.027272727272727275,0.037142857142857144,0.9242857142857144,0.005714285714285714,0.0,0.03285714285714286
OAS30128,8,4,AD,AD,0.7825,AD,0.7931818181818182,AD,0.8625,True,True,True,0.7825,0.030000000000000002,0.10250000000000001,0.01,0.07500000000000001,0.7931818181818182,0.02954545454545454,0.0931818181818182,0.00909090909090909,0.075,0.8625,0.01,0.1275,,
OAS30129,1,6,CN,CN,0.965,CN,0.9681818181818181,CN,0.9950000000000001,True,True,True,0.0016666666666666668,0.965,0.0033333333333333335,0.016666666666666666,0.013333333333333334,0.0015151515151515152,0.9681818181818181,0.0030303030303030303,0.015151515151515152,0.012121212121212121,0.0,0.9950000000000001,0.0016666666666666668,0.0033333333333333335,
OAS30139,1,8,CN,CN,0.48375,CN,0.4943181818181818,CN,0.6175,True,True,True,0.20625,0.48375,0.0475,0.02875,0.23375,0.19772727272727272,0.4943181818181818,0.04318181818181818,0.026136363636363638,0.23863636363636362,0.0475,0.6175,0.00375,0.33124999999999993,
OAS30141,4,9,CN,CN,0.9611111111111111,CN,0.9525252525252524,CN,0.8566666666666667,True,True,True,0.0,0.9611111111111111,0.0,0.008888888888888889,0.030000000000000002,0.0060606060606060615,0.9525252525252524,0.005050505050505051,0.00808080808080808,0.028282828282828285,0.09000000000000001,0.8566666666666667,0.012222222222222221,0.04111111111111111,
OAS30146,2,2,CN,CN,0.96,CN,0.9590909090909091,CN,0.905,True,True,True,0.005,0.96,0.0,0.015,0.02,0.004545454545454545,0.9590909090909091,0.0,0.013636363636363636,0.022727272727272728,0.01,0.905,0.08499999999999999,,
OAS30152,4,9,AD,AD,0.4722222222222222,AD,0.4696969696969696,AD,0.46888888888888886,True,True,True,0.4722222222222222,0.4233333333333333,0.05777777777777778,0.011111111111111112,0.03555555555555556,0.4696969696969696,0.4232323232323233,0.05555555555555555,0.0101010101010101,0.041414141414141424,0.46888888888888886,0.4099999999999999,0.03444444444444445,0.08666666666666668,
OAS30154,5,9,CN,CN,0.98,CN,0.9808080808080809,CN,0.9722222222222222,True,True,True,0.0044444444444444444,0.98,0.0,0.0022222222222222222,0.013333333333333332,0.00404040404040404,0.9808080808080809,0.0,0.00202020202020202,0.01313131313131313,0.006666666666666666,0.9722222222222222,0.021111111111111112,,
OAS30161,1,1,CN,Uncertain,0.48,Uncertain,0.5181818181818182,Others,0.72,False,False,False,0.12,0.27,0.06,0.07,0.48,0.10909090909090909,0.2545454545454545,0.05454545454545454,0.06363636363636363,0.5181818181818182,0.0,0.27,0.01,0.72,
OAS30187,8,6,CN,CN,0.9016666666666667,CN,0.9090909090909091,CN,0.9933333333333335,True,True,True,0.008333333333333333,0.9016666666666667,0.005,0.028333333333333332,0.056666666666666664,0.009090909090909092,0.9090909090909091,0.004545454545454545,0.025757575757575757,0.051515151515151514,0.0,0.9933333333333335,0.006666666666666667,,
OAS30189,9,3,CN,CN,0.88,CN,0.890909090909091,CN,0.9933333333333333,True,True,True,0.06,0.88,0.0033333333333333335,0.016666666666666666,0.04,0.05454545454545454,0.890909090909091,0.0030303030303030303,0.015151515151515152,0.03636363636363636,0.0,0.9933333333333333,0.006666666666666667,,
OAS30198,6,1,AD,AD,0.86,AD,0.8545454545454545,AD,0.88,True,True,True,0.86,0.01,0.09,0.03,0.01,0.8545454545454545,0.00909090909090909,0.08181818181818182,0.02727272727272727,0.02727272727272727,0.88,0.03,0.0,0.0,0.09
OAS30203,2,6,CN,CN,0.5916666666666667,CN,0.6181818181818183,CN,0.7316666666666668,True,True,True,0.03833333333333334,0.5916666666666667,0.02,0.04666666666666667,0.30333333333333334,0.04242424242424242,0.6181818181818183,0.01818181818181818,0.04242424242424242,0.27878787878787875,0.12000000000000001,0.7316666666666668,0.14833333333333332,,
OAS30208,1,4,CN,CN,0.7,CN,0.7113636363636364,CN,0.7975,True,True,True,0.11249999999999999,0.7,0.052500000000000005,0.0175,0.1175,0.11363636363636365,0.7113636363636364,0.04772727272727273,0.015909090909090907,0.11136363636363636,0.065,0.7975,0.0,0.1375,
OAS30209,3,4,AD,AD,0.8075,AD,0.8204545454545454,AD,0.965,True,True,True,0.8075,0.024999999999999998,0.0675,0.035,0.065,0.8204545454545454,0.022727272727272728,0.06136363636363636,0.031818181818181815,0.06363636363636364,0.965,0.022500000000000003,0.0125,,
OAS30210,8,1,Others,Uncertain,0.53,Uncertain,0.5363636363636364,CN,0.48,False,False,False,0.11,0.26,0.02,0.08,0.53,0.11818181818181818,0.2545454545454545,0.01818181818181818,0.07272727272727272,0.5363636363636364,0.16,0.48,0.36,,
OAS30220,8,6,CN,CN,0.9733333333333332,CN,0.9757575757575757,CN,1.0,True,True,True,0.0,0.9733333333333332,0.0,0.0033333333333333335,0.023333333333333334,0.0,0.9757575757575757,0.0,0.0030303030303030303,0.021212121212121213,0.0,1.0,0.0,,
OAS30224,9,1,CN,CN,0.86,CN,0.8545454545454545,CN,0.79,True,True,True,0.06,0.86,0.02,0.0,0.06,0.07272727272727272,0.8545454545454545,0.01818181818181818,0.0,0.05454545454545454,0.12,0.79,0.09,,
OAS30237,8,4,CN,CN,0.495,CN,0.5022727272727273,CN,0.6124999999999999,True,True,True,0.14,0.495,0.049999999999999996,0.03,0.28500000000000003,0.14318181818181816,0.5022727272727273,0.045454545454545456,0.02727272727272727,0.28181818181818186,0.18000000000000002,0.6124999999999999,0.20750000000000002,,
OAS30238,8,1,AD,AD,0.78,AD,0.7727272727272727,AD,0.84,True,True,True,0.78,0.01,0.16,0.0,0.05,0.7727272727272727,0.01818181818181818,0.14545454545454545,0.0,0.06363636363636363,0.84,0.01,0.15,,
OAS30241,1,4,CN,CN,0.9450000000000001,CN,0.9454545454545454,CN,0.9650000000000001,True,True,True,0.0025,0.9450000000000001,0.005,0.030000000000000002,0.0175,0.0022727272727272726,0.9454545454545454,0.004545454545454545,0.031818181818181815,0.015909090909090907,0.0,0.9650000000000001,0.025,0.01,
OAS30248,6,7,CN,CN,0.9142857142857144,CN,0.9155844155844156,CN,0.9014285714285714,True,True,True,0.008571428571428572,0.9142857142857144,0.002857142857142857,0.028571428571428577,0.045714285714285714,0.011688311688311689,0.9155844155844156,0.0025974025974025974,0.025974025974025976,0.044155844155844164,0.022857142857142857,0.9014285714285714,0.0,0.002857142857142857,0.07285714285714286
OAS30253,6,7,CN,CN,0.9542857142857143,CN,0.9571428571428573,CN,0.9628571428571429,True,True,True,0.0,0.9542857142857143,0.0,0.014285714285714287,0.03142857142857143,0.0,0.9571428571428573,0.0,0.012987012987012988,0.029870129870129873,0.027142857142857142,0.9628571428571429,0.0,0.0,0.01
OAS30261,2,10,CN,CN,0.826,CN,0.8363636363636365,CN,0.89,True,True,True,0.030000000000000006,0.826,0.008,0.013999999999999999,0.12200000000000003,0.02818181818181818,0.8363636363636365,0.007272727272727273,0.01272727272727273,0.11545454545454543,0.044000000000000004,0.89,0.06600000000000002,,
OAS30296,8,3,CN,CN,0.8666666666666667,CN,0.8787878787878788,CN,0.96,True,True,True,0.013333333333333334,0.8666666666666667,0.016666666666666666,0.036666666666666674,0.06666666666666667,0.012121212121212121,0.8787878787878788,0.015151515151515152,0.03333333333333333,0.06060606060606061,0.006666666666666667,0.96,0.03333333333333333,,
OAS30300,9,1,CN,CN,0.99,CN,0.9818181818181818,CN,0.98,True,True,True,0.0,0.99,0.0,0.0,0.01,0.0,0.9818181818181818,0.0,0.0,0.01818181818181818,0.0,0.98,0.02,,
OAS30308,9,2,CN,CN,0.99,CN,0.990909090909091,CN,0.995,True,True,True,0.0,0.99,0.0,0.0,0.01,0.0,0.990909090909091,0.0,0.0,0.00909090909090909,0.0,0.995,0.005,,
OAS30314,9,22,CN,CN,0.5722727272727274,CN,0.574793388429752,CN,0.5704545454545454,True,True,True,0.1859090909090909,0.5722727272727274,0.03227272727272727,0.03590909090909092,0.17363636363636362,0.1805785123966942,0.574793388429752,0.029338842975206614,0.032644628099173546,0.18264462809917353,0.1781818181818182,0.5704545454545454,0.2513636363636364,,
OAS30327,3,1,CN,CN,0.94,CN,0.9454545454545454,CN,0.96,True,True,True,0.03,0.94,0.0,0.0,0.03,0.02727272727272727,0.9454545454545454,0.0,0.0,0.02727272727272727,0.02,0.96,0.02,,
OAS30335,1,9,CN,CN,0.9577777777777777,CN,0.9595959595959597,CN,0.9844444444444446,True,True,True,0.006666666666666667,0.9577777777777777,0.003333333333333333,0.010000000000000002,0.02222222222222222,0.0060606060606060615,0.9595959595959597,0.0030303030303030303,0.01111111111111111,0.020202020202020204,0.0,0.9844444444444446,0.011111111111111112,0.0044444444444444444,
OAS30341,5,3,CN,CN,0.6466666666666667,CN,0.6393939393939394,CN,0.66,True,True,True,0.17,0.6466666666666667,0.03333333333333333,0.016666666666666666,0.13333333333333333,0.18484848484848485,0.6393939393939394,0.030303030303030304,0.015151515151515152,0.13030303030303028,0.26333333333333336,0.66,0.07666666666666666,,
OAS30362,6,3,CN,CN,0.8966666666666666,CN,0.903030303030303,CN,0.85,True,True,True,0.02666666666666667,0.8966666666666666,0.013333333333333334,0.013333333333333334,0.05000000000000001,0.024242424242424242,0.903030303030303,0.012121212121212121,0.012121212121212121,0.048484848484848485,0.04666666666666667,0.85,0.013333333333333334,0.02,0.07
OAS30373,4,3,AD,AD,0.5733333333333334,AD,0.5696969696969697,AD,0.6333333333333333,True,True,True,0.5733333333333334,0.04666666666666667,0.14,0.03,0.21,0.5696969696969697,0.04545454545454546,0.13333333333333333,0.02727272727272727,0.22424242424242424,0.6333333333333333,0.04,0.056666666666666664,0.26999999999999996,
OAS30377,4,2,Uncertain,Uncertain,0.355,Uncertain,0.3545454545454545,Others,0.35,True,True,False,0.22499999999999998,0.29500000000000004,0.095,0.030000000000000002,0.355,0.22727272727272727,0.2909090909090909,0.1,0.027272727272727275,0.3545454545454545,0.3,0.27,0.08,0.35,
OAS30387,8,11,CN,CN,0.9563636363636365,CN,0.9595041322314048,CN,0.990909090909091,True,True,True,0.005454545454545454,0.9563636363636365,0.004545454545454546,0.01363636363636364,0.019999999999999997,0.004958677685950413,0.9595041322314048,0.004132231404958678,0.012396694214876035,0.01900826446280992,0.0,0.990909090909091,0.009090909090909092,,
OAS30392,1,11,CN,CN,0.9118181818181817,CN,0.9198347107438017,CN,0.9900000000000001,True,True,True,0.009090909090909092,0.9118181818181817,0.01,0.030000000000000002,0.03909090909090909,0.008264462809917356,0.9198347107438017,0.009090909090909092,0.02727272727272728,0.03553719008264464,0.0,0.9900000000000001,0.005454545454545455,0.004545454545454546,
OAS30403,8,1,AD,AD,0.75,AD,0.7636363636363637,AD,0.95,True,True,True,0.75,0.05,0.09,0.01,0.1,0.7636363636363637,0.05454545454545454,0.08181818181818182,0.00909090909090909,0.09090909090909091,0.95,0.01,0.04,,
OAS30417,3,8,CN,CN,0.9075,CN,0.9102272727272728,CN,0.8787499999999999,True,True,True,0.051250000000000004,0.9075,0.00375,0.011249999999999998,0.026250000000000002,0.0465909090909091,0.9102272727272728,0.003409090909090909,0.010227272727272727,0.02954545454545455,0.017499999999999998,0.8787499999999999,0.10375000000000001,,
OAS30421,6,5,AD,AD,0.386,AD,0.39818181818181814,AD,0.42799999999999994,True,True,True,0.386,0.22200000000000003,0.1,0.022,0.27,0.39818181818181814,0.22363636363636358,0.09454545454545454,0.02,0.2636363636363636,0.42799999999999994,0.23000000000000004,0.072,0.004,0.266
OAS30435,8,5,CN,CN,0.9119999999999999,CN,0.9200000000000002,CN,0.982,True,True,True,0.012,0.9119999999999999,0.012,0.016,0.048,0.010909090909090908,0.9200000000000002,0.01090909090909091,0.014545454545454545,0.04363636363636363,0.0,0.982,0.018,,
OAS30443,6,5,CN,CN,0.916,CN,0.9236363636363636,CN,0.898,True,True,True,0.018,0.916,0.01,0.016,0.04,0.016363636363636365,0.9236363636363636,0.00909090909090909,0.014545454545454545,0.03636363636363636,0.024,0.898,0.02,0.0,0.057999999999999996
OAS30455,9,9,CN,CN,0.9355555555555556,CN,0.9373737373737373,CN,0.9811111111111112,True,True,True,0.006666666666666667,0.9355555555555556,0.0,0.031111111111111114,0.026666666666666665,0.0060606060606060615,0.9373737373737373,0.0,0.028282828282828285,0.02828282828282828,0.0011111111111111111,0.9811111111111112,0.017777777777777778,,
OAS30465,9,2,CN,CN,0.975,CN,0.9772727272727273,CN,0.965,True,True,True,0.0,0.975,0.0,0.0,0.025,0.0,0.9772727272727273,0.0,0.0,0.022727272727272728,0.0,0.965,0.034999999999999996,,
OAS30468,2,3,CN,CN,0.91,CN,0.9181818181818181,CN,0.9766666666666666,True,True,True,0.04666666666666667,0.91,0.0033333333333333335,0.006666666666666667,0.03333333333333333,0.04242424242424242,0.9181818181818181,0.0030303030303030303,0.006060606060606061,0.0303030303030303,0.023333333333333334,0.9766666666666666,0.0,,
OAS30470,3,7,CN,CN,0.7985714285714286,CN,0.8090909090909092,CN,0.8657142857142858,True,True,True,0.09428571428571429,0.7985714285714286,0.02142857142857143,0.005714285714285714,0.08,0.08701298701298701,0.8090909090909092,0.019480519480519484,0.005194805194805195,0.07922077922077922,0.05714285714285715,0.8657142857142858,0.07714285714285715,,
OAS30475,1,4,CN,CN,0.9299999999999999,CN,0.9363636363636363,CN,0.9975,True,True,True,0.005,0.9299999999999999,0.0025,0.015,0.0475,0.004545454545454545,0.9363636363636363,0.0022727272727272726,0.013636363636363636,0.04318181818181818,0.0,0.9975,0.0,0.0025,
OAS30478,5,14,CN,CN,0.7557142857142859,CN,0.7571428571428571,CN,0.7849999999999999,True,True,True,0.15714285714285717,0.7557142857142859,0.02,0.014285714285714287,0.05285714285714286,0.15714285714285717,0.7571428571428571,0.01818181818181818,0.012987012987012988,0.05454545454545455,0.16785714285714284,0.7849999999999999,0.04714285714285715,,
OAS30486,8,1,CN,CN,0.93,CN,0.9363636363636364,CN,1.0,True,True,True,0.01,0.93,0.01,0.0,0.05,0.00909090909090909,0.9363636363636364,0.00909090909090909,0.0,0.045454545454545456,0.0,1.0,0.0,,
OAS30497,9,2,CN,CN,0.95,CN,0.95,CN,0.98,True,True,True,0.01,0.95,0.0,0.005,0.035,0.013636363636363636,0.95,0.0,0.004545454545454545,0.031818181818181815,0.005,0.98,0.015,,
OAS30503,5,3,CN,CN,0.9566666666666667,CN,0.9606060606060606,CN,0.9966666666666667,True,True,True,0.01,0.9566666666666667,0.01,0.01,0.013333333333333334,0.00909090909090909,0.9606060606060606,0.00909090909090909,0.00909090909090909,0.012121212121212121,0.0,0.9966666666666667,0.0033333333333333335,,
OAS30504,9,3,AD,AD,0.8366666666666668,AD,0.8515151515151516,AD,0.9833333333333334,True,True,True,0.8366666666666668,0.01,0.09666666666666668,0.043333333333333335,0.013333333333333334,0.8515151515151516,0.00909090909090909,0.08787878787878789,0.03939393939393939,0.012121212121212121,0.9833333333333334,0.0,0.016666666666666666,,
OAS30512,2,2,CN,CN,0.975,CN,0.9772727272727273,CN,0.9550000000000001,True,True,True,0.0,0.975,0.005,0.015,0.005,0.0,0.9772727272727273,0.004545454545454545,0.013636363636363636,0.004545454545454545,0.0,0.9550000000000001,0.045000000000000005,,
OAS30527,0,1,AD,AD,0.73,AD,0.7090909090909091,AD,0.39,True,True,True,0.73,0.03,0.12,0.0,0.12,0.7090909090909091,0.05454545454545454,0.10909090909090909,0.0,0.12727272727272726,0.39,0.35,0.26,,
OAS30531,8,3,CN,CN,0.9733333333333333,CN,0.9757575757575757,CN,1.0,True,True,True,0.0033333333333333335,0.9733333333333333,0.0,0.006666666666666667,0.016666666666666666,0.0030303030303030303,0.9757575757575757,0.0,0.006060606060606061,0.015151515151515152,0.0,1.0,0.0,,
OAS30532,1,5,CN,CN,0.43,CN,0.4545454545454545,CN,0.634,True,True,True,0.27599999999999997,0.43,0.07400000000000001,0.012,0.20800000000000002,0.25090909090909086,0.4545454545454545,0.06727272727272729,0.01090909090909091,0.21636363636363637,0.034,0.634,0.0,0.332,
OAS30533,6,3,AD,AD,0.8766666666666666,AD,0.8757575757575756,AD,0.93,True,True,True,0.8766666666666666,0.01,0.05666666666666667,0.04,0.016666666666666666,0.8757575757575756,0.00909090909090909,0.051515151515151514,0.03636363636363636,0.02727272727272727,0.93,0.016666666666666666,0.0,0.01,0.043333333333333335
OAS30538,1,5,CN,CN,0.938,CN,0.9436363636363636,CN,0.99,True,True,True,0.013999999999999999,0.938,0.0,0.028000000000000004,0.019999999999999997,0.012727272727272726,0.9436363636363636,0.0,0.025454545454545452,0.01818181818181818,0.0,0.99,0.01,0.0,
OAS30549,6,4,AD,AD,0.735,AD,0.7318181818181819,AD,0.815,True,True,True,0.735,0.01,0.1375,0.025,0.09250000000000001,0.7318181818181819,0.00909090909090909,0.125,0.024999999999999998,0.10909090909090909,0.815,0.015,0.017499999999999998,0.0025,0.15000000000000002
OAS30558,5,13,CN,CN,0.9530769230769232,CN,0.9566433566433564,CN,0.9715384615384615,True,True,True,0.003076923076923077,0.9530769230769232,0.0,0.015384615384615384,0.028461538461538458,0.002797202797202797,0.9566433566433564,0.0,0.013986013986013986,0.026573426573426578,0.003076923076923077,0.9715384615384615,0.02538461538461538,,
OAS30560,9,4,CN,CN,0.47500000000000003,CN,0.4818181818181818,CN,0.5,True,True,True,0.29,0.47500000000000003,0.042499999999999996,0.03,0.1625,0.2863636363636364,0.4818181818181818,0.038636363636363635,0.02727272727272727,0.1659090909090909,0.335,0.5,0.16499999999999998,,
OAS30562,5,9,CN,CN,0.9477777777777777,CN,0.9525252525252524,CN,0.9955555555555556,True,True,True,0.005555555555555556,0.9477777777777777,0.0,0.01666666666666667,0.030000000000000002,0.005050505050505051,0.9525252525252524,0.0,0.01515151515151515,0.027272727272727275,0.0011111111111111111,0.9955555555555556,0.003333333333333333,,
OAS30570,6,1,CN,CN,0.93,CN,0.9363636363636364,CN,0.88,True,True,True,0.0,0.93,0.0,0.01,0.06,0.0,0.9363636363636364,0.0,0.00909090909090909,0.05454545454545454,0.03,0.88,0.0,0.0,0.09
OAS30574,1,8,CN,CN,0.95375,CN,0.9568181818181818,CN,0.9775000000000003,True,True,True,0.00625,0.95375,0.0,0.0175,0.0225,0.005681818181818182,0.9568181818181818,0.0,0.017045454545454548,0.020454545454545454,0.0,0.9775000000000003,0.01,0.012499999999999999,
OAS30579,2,4,CN,CN,0.94,CN,0.9454545454545454,CN,0.985,True,True,True,0.005,0.94,0.0,0.02,0.035,0.004545454545454545,0.9454545454545454,0.0,0.01818181818181818,0.031818181818181815,0.0,0.985,0.015,,
OAS30586,2,4,CN,CN,0.8875000000000001,CN,0.8954545454545454,CN,0.9824999999999999,True,True,True,0.04,0.8875000000000001,0.0025,0.015000000000000001,0.05499999999999999,0.03636363636363636,0.8954545454545454,0.0022727272727272726,0.013636363636363637,0.052272727272727276,0.0175,0.9824999999999999,0.0,,
OAS30591,6,4,AD,AD,0.69,AD,0.6863636363636364,AD,0.62,True,True,True,0.69,0.06,0.07,0.0225,0.15750000000000003,0.6863636363636364,0.05454545454545455,0.06363636363636363,0.020454545454545454,0.175,0.62,0.02,0.037500000000000006,0.01,0.31249999999999994
OAS30602,9,2,CN,CN,0.7749999999999999,CN,0.7727272727272727,CN,0.815,True,True,True,0.075,0.7749999999999999,0.01,0.01,0.13,0.07272727272727272,0.7727272727272727,0.00909090909090909,0.00909090909090909,0.13636363636363635,0.06,0.815,0.125,,
OAS30605,1,6,CN,CN,0.435,CN,0.45,CN,0.545,True,True,True,0.2416666666666667,0.435,0.060000000000000005,0.021666666666666667,0.24166666666666667,0.23787878787878788,0.45,0.05454545454545454,0.02121212121212121,0.23636363636363641,0.10000000000000002,0.545,0.015000000000000001,0.34,
OAS30607,1,5,CN,CN,0.8720000000000001,CN,0.8818181818181818,CN,0.966,True,True,True,0.034,0.8720000000000001,0.006,0.012,0.076,0.030909090909090907,0.8818181818181818,0.005454545454545454,0.01090909090909091,0.07090909090909091,0.0,0.966,0.002,0.032,
OAS30631,5,1,CN,CN,0.98,CN,0.9818181818181818,CN,1.0,True,True,True,0.0,0.98,0.0,0.01,0.01,0.0,0.9818181818181818,0.0,0.00909090909090909,0.00909090909090909,0.0,1.0,0.0,,
OAS30634,1,1,CN,CN,0.92,CN,0.9272727272727272,CN,0.99,True,True,True,0.05,0.92,0.02,0.0,0.01,0.045454545454545456,0.9272727272727272,0.01818181818181818,0.0,0.00909090909090909,0.0,0.99,0.0,0.01,
OAS30641,9,5,Uncertain,AD,0.654,AD,0.6745454545454546,AD,0.858,False,False,False,0.654,0.024,0.14200000000000002,0.01,0.17,0.6745454545454546,0.023636363636363632,0.1290909090909091,0.00909090909090909,0.16363636363636364,0.858,0.016,0.12600000000000003,,
OAS30651,6,6,CN,CN,0.9516666666666667,CN,0.9454545454545453,CN,0.8883333333333333,True,True,True,0.008333333333333333,0.9516666666666667,0.005,0.0033333333333333335,0.03166666666666667,0.012121212121212121,0.9454545454545453,0.004545454545454545,0.006060606060606061,0.03181818181818182,0.05000000000000001,0.8883333333333333,0.011666666666666667,0.02,0.03
OAS30687,9,2,CN,CN,0.47,CN,0.46818181818181814,CN,0.505,True,True,True,0.24,0.47,0.08,0.065,0.14500000000000002,0.24545454545454545,0.46818181818181814,0.07272727272727272,0.05909090909090909,0.15454545454545454,0.295,0.505,0.19999999999999998,,
OAS30706,1,7,CN,CN,0.86,CN,0.8727272727272727,CN,0.982857142857143,True,True,True,0.04,0.86,0.017142857142857144,0.015714285714285715,0.06714285714285714,0.03636363636363636,0.8727272727272727,0.015584415584415586,0.014285714285714285,0.06103896103896104,0.0,0.982857142857143,0.005714285714285714,0.011428571428571429,
OAS30708,5,2,CN,CN,0.945,CN,0.9409090909090909,CN,0.92,True,True,True,0.01,0.945,0.01,0.01,0.025,0.013636363636363636,0.9409090909090909,0.00909090909090909,0.00909090909090909,0.02727272727272727,0.07,0.92,0.01,,
OAS30721,9,4,CN,CN,0.9325,CN,0.9318181818181818,CN,0.9724999999999999,True,True,True,0.025,0.9325,0.0,0.0075,0.035,0.022727272727272728,0.9318181818181818,0.0,0.006818181818181818,0.03863636363636364,0.005,0.9724999999999999,0.0225,,
OAS30725,7,8,CN,CN,0.95125,CN,0.9556818181818183,CN,0.9762500000000001,True,True,True,0.00375,0.95125,0.0025,0.0175,0.024999999999999998,0.003409090909090909,0.9556818181818183,0.0022727272727272726,0.01590909090909091,0.022727272727272728,0.005,0.9762500000000001,0.01875,,
OAS30727,8,5,CN,CN,0.932,CN,0.9327272727272728,CN,0.998,True,True,True,0.028000000000000004,0.932,0.0,0.014000000000000002,0.026000000000000002,0.025454545454545452,0.9327272727272728,0.0,0.012727272727272726,0.02909090909090909,0.0,0.998,0.002,,
OAS30729,4,12,CN,CN,0.9441666666666667,CN,0.9272727272727272,CN,0.8441666666666667,True,True,True,0.010833333333333334,0.9441666666666667,0.0008333333333333334,0.016666666666666666,0.027500000000000007,0.01590909090909091,0.9272727272727272,0.007575757575757576,0.015151515151515154,0.034090909090909095,0.0675,0.8441666666666667,0.017499999999999998,0.07083333333333336,
OAS30733,9,14,CN,CN,0.8107142857142858,CN,0.8123376623376622,CN,0.8307142857142857,True,True,True,0.04142857142857143,0.8107142857142858,0.016428571428571428,0.02,0.11142857142857143,0.04155844155844156,0.8123376623376622,0.014935064935064935,0.01818181818181818,0.11298701298701296,0.04785714285714286,0.8307142857142857,0.12142857142857144,,
OAS30736,2,8,CN,CN,0.48875,CN,0.49886363636363634,CN,0.6037500000000001,True,True,True,0.24500000000000002,0.48875,0.03875,0.02125,0.20625000000000002,0.24659090909090908,0.49886363636363634,0.035227272727272725,0.01931818181818182,0.19999999999999998,0.285,0.6037500000000001,0.11125,,
OAS30762,8,6,CN,CN,0.8183333333333334,CN,0.8318181818181819,CN,0.9383333333333334,True,True,True,0.041666666666666664,0.8183333333333334,0.006666666666666667,0.025000000000000005,0.10833333333333334,0.03787878787878788,0.8318181818181819,0.006060606060606061,0.022727272727272724,0.10151515151515152,0.006666666666666667,0.9383333333333334,0.055,,
OAS30777,9,14,CN,CN,0.9142857142857144,CN,0.9175324675324675,CN,0.9214285714285714,True,True,True,0.03214285714285715,0.9142857142857144,0.0064285714285714285,0.008571428571428572,0.038571428571428576,0.03116883116883117,0.9175324675324675,0.005844155844155844,0.007792207792207793,0.03766233766233767,0.030000000000000002,0.9214285714285714,0.048571428571428564,,
OAS30780,3,2,CN,CN,0.855,CN,0.8545454545454545,CN,0.905,True,True,True,0.06,0.855,0.015,0.015,0.055,0.06363636363636363,0.8545454545454545,0.013636363636363636,0.013636363636363636,0.05454545454545454,0.06,0.905,0.035,,
OAS30781,5,6,CN,CN,0.7733333333333333,CN,0.7757575757575758,CN,0.8333333333333335,True,True,True,0.021666666666666667,0.7733333333333333,0.014999999999999998,0.04833333333333334,0.1416666666666667,0.022727272727272724,0.7757575757575758,0.013636363636363636,0.043939393939393945,0.14393939393939395,0.07333333333333335,0.8333333333333335,0.09333333333333334,,
OAS30786,2,2,CN,CN,0.97,CN,0.9636363636363636,CN,0.93,True,True,True,0.0,0.97,0.0,0.0,0.03,0.0,0.9636363636363636,0.0,0.0,0.03636363636363636,0.0,0.93,0.07,,
OAS30797,8,6,CN,CN,0.9366666666666666,CN,0.9424242424242424,CN,0.9966666666666667,True,True,True,0.006666666666666667,0.9366666666666666,0.011666666666666667,0.02,0.025000000000000005,0.006060606060606061,0.9424242424242424,0.010606060606060605,0.01818181818181818,0.022727272727272724,0.0033333333333333335,0.9966666666666667,0.0,,
OAS30801,9,5,CN,CN,0.96,CN,0.96,CN,0.966,True,True,True,0.01,0.96,0.0,0.004,0.026000000000000002,0.00909090909090909,0.96,0.0,0.0036363636363636364,0.02727272727272727,0.0,0.966,0.033999999999999996,,
OAS30814,5,4,CN,CN,0.8975000000000001,CN,0.8954545454545454,CN,0.9674999999999999,True,True,True,0.017499999999999998,0.8975000000000001,0.0,0.0125,0.07250000000000001,0.022727272727272728,0.8954545454545454,0.0,0.011363636363636364,0.07045454545454545,0.0225,0.9674999999999999,0.01,,
OAS30820,2,4,CN,CN,0.9725,CN,0.9727272727272727,CN,0.9825,True,True,True,0.0025,0.9725,0.0,0.0075,0.017499999999999998,0.0022727272727272726,0.9727272727272727,0.0,0.006818181818181818,0.01818181818181818,0.0,0.9825,0.0175,,
OAS30821,2,1,CN,CN,0.96,CN,0.9636363636363636,CN,0.95,True,True,True,0.0,0.96,0.0,0.0,0.04,0.0,0.9636363636363636,0.0,0.0,0.03636363636363636,0.0,0.95,0.05,,
OAS30825,8,21,CN,CN,0.7509523809523811,CN,0.746753246753247,CN,0.8352380952380953,True,True,True,0.07952380952380952,0.7509523809523811,0.021904761904761906,0.03571428571428571,0.11190476190476188,0.08181818181818182,0.746753246753247,0.01991341991341991,0.032467532467532464,0.11904761904761903,0.09000000000000001,0.8352380952380953,0.07476190476190477,,
OAS30827,6,5,AD,AD,0.646,AD,0.6527272727272727,AD,0.658,True,True,True,0.646,0.03799999999999999,0.066,0.016,0.23400000000000004,0.6527272727272727,0.034545454545454546,0.061818181818181814,0.014545454545454545,0.23636363636363633,0.658,0.022,0.094,0.0,0.22600000000000003
OAS30830,6,6,AD,AD,0.58,AD,0.5803030303030304,AD,0.6116666666666667,True,True,True,0.58,0.30333333333333334,0.05333333333333334,0.018333333333333337,0.045000000000000005,0.5803030303030304,0.3045454545454545,0.05303030303030302,0.016666666666666666,0.04545454545454546,0.6116666666666667,0.28833333333333333,0.043333333333333335,0.005,0.05166666666666667
OAS30832,5,5,CN,CN,0.942,CN,0.9472727272727273,CN,0.992,True,True,True,0.004,0.942,0.0,0.019999999999999997,0.034,0.0036363636363636364,0.9472727272727273,0.0,0.01818181818181818,0.030909090909090907,0.0,0.992,0.008,,
OAS30844,1,2,CN,CN,0.96,CN,0.9636363636363636,CN,1.0,True,True,True,0.0,0.96,0.005,0.035,0.0,0.0,0.9636363636363636,0.004545454545454545,0.031818181818181815,0.0,0.0,1.0,0.0,0.0,
OAS30853,4,1,AD,AD,0.77,AD,0.7545454545454545,AD,0.74,True,True,True,0.77,0.01,0.15,0.03,0.04,0.7545454545454545,0.01818181818181818,0.13636363636363635,0.02727272727272727,0.06363636363636363,0.74,0.0,0.04,0.22,
OAS30862,6,10,AD,AD,0.381,AD,0.3836363636363636,AD,0.41600000000000004,True,True,True,0.381,0.32399999999999995,0.048,0.018000000000000002,0.229,0.3836363636363636,0.32,0.045454545454545456,0.019090909090909092,0.23181818181818184,0.41600000000000004,0.2899999999999999,0.027000000000000003,0.008,0.259
OAS30863,8,8,CN,CN,0.53125,CN,0.5284090909090909,CN,0.54625,True,True,True,0.24874999999999997,0.53125,0.025,0.012499999999999999,0.18250000000000002,0.2590909090909091,0.5284090909090909,0.022727272727272728,0.011363636363636362,0.1784090909090909,0.36624999999999996,0.54625,0.08750000000000001,,
OAS30867,2,15,CN,CN,0.644,CN,0.6545454545454547,CN,0.7406666666666667,True,True,True,0.15866666666666668,0.644,0.04133333333333334,0.014666666666666666,0.14133333333333334,0.15515151515151515,0.6545454545454547,0.03757575757575758,0.013333333333333336,0.13939393939393938,0.11800000000000001,0.7406666666666667,0.14133333333333334,,
OAS30876,9,11,CN,CN,0.9427272727272729,CN,0.9446280991735537,CN,0.979090909090909,True,True,True,0.012727272727272726,0.9427272727272729,0.005454545454545455,0.01,0.029090909090909098,0.011570247933884297,0.9446280991735537,0.0049586776859504135,0.009090909090909092,0.029752066115702483,0.005454545454545454,0.979090909090909,0.015454545454545453,,
OAS30878,4,5,AD,AD,0.746,AD,0.7327272727272727,AD,0.7180000000000001,True,True,True,0.746,0.024,0.10200000000000001,0.03,0.098,0.7327272727272727,0.025454545454545452,0.09818181818181818,0.027272727272727275,0.11636363636363636,0.7180000000000001,0.006,0.076,0.2,
OAS30883,8,6,CN,CN,0.5533333333333333,CN,0.5606060606060607,CN,0.6299999999999999,True,True,True,0.25333333333333335,0.5533333333333333,0.03333333333333333,0.030000000000000002,0.13,0.2606060606060606,0.5606060606060607,0.030303030303030304,0.02727272727272727,0.12121212121212122,0.335,0.6299999999999999,0.035,,
OAS30887,1,3,CN,CN,0.9333333333333332,CN,0.9333333333333332,CN,0.96,True,True,True,0.0033333333333333335,0.9333333333333332,0.0,0.03,0.03333333333333333,0.0030303030303030303,0.9333333333333332,0.0,0.03333333333333333,0.030303030303030304,0.0,0.96,0.036666666666666674,0.0033333333333333335,
OAS30900,2,1,CN,CN,0.94,CN,0.9454545454545454,CN,0.99,True,True,True,0.0,0.94,0.0,0.03,0.03,0.0,0.9454545454545454,0.0,0.02727272727272727,0.02727272727272727,0.0,0.99,0.01,,
OAS30905,1,8,CN,CN,0.81125,CN,0.8125000000000001,CN,0.86625,True,True,True,0.049999999999999996,0.81125,0.01375,0.024999999999999998,0.1,0.052272727272727276,0.8125000000000001,0.0125,0.022727272727272728,0.09999999999999999,0.017499999999999998,0.86625,0.0,0.11625,
OAS30906,1,4,CN,CN,0.94,CN,0.9454545454545454,CN,0.9875,True,True,True,0.0075,0.94,0.005,0.0125,0.035,0.006818181818181818,0.9454545454545454,0.004545454545454545,0.011363636363636364,0.03181818181818182,0.0,0.9875,0.01,0.0025,
OAS30918,5,1,AD,AD,0.48,AD,0.5181818181818182,AD,0.75,True,True,True,0.48,0.06,0.08,0.02,0.36,0.5181818181818182,0.06363636363636363,0.07272727272727272,0.01818181818181818,0.32727272727272727,0.75,0.08,0.17,,
OAS30919,8,7,CN,CN,0.8385714285714286,CN,0.8402597402597403,CN,0.9528571428571428,True,True,True,0.04714285714285714,0.8385714285714286,0.008571428571428572,0.06142857142857144,0.04428571428571428,0.044155844155844164,0.8402597402597403,0.007792207792207793,0.05584415584415584,0.05194805194805195,0.028571428571428574,0.9528571428571428,0.018571428571428572,,
OAS30924,8,5,CN,CN,0.852,CN,0.8527272727272728,CN,0.89,True,True,True,0.034,0.852,0.008,0.018,0.088,0.038181818181818185,0.8527272727272728,0.007272727272727273,0.016363636363636365,0.08545454545454545,0.05600000000000001,0.89,0.054000000000000006,,
OAS30925,6,1,AD,AD,0.53,AD,0.5363636363636364,AD,0.67,True,True,True,0.53,0.08,0.14,0.05,0.2,0.5363636363636364,0.09090909090909091,0.12727272727272726,0.05454545454545454,0.19090909090909092,0.67,0.12,0.0,0.01,0.2
OAS30926,6,6,AD,AD,0.66,AD,0.6696969696969698,AD,0.715,True,True,True,0.66,0.02333333333333333,0.11,0.016666666666666666,0.19000000000000003,0.6696969696969698,0.022727272727272724,0.10757575757575755,0.01818181818181818,0.1818181818181818,0.715,0.02333333333333333,0.10833333333333335,0.0016666666666666668,0.15166666666666667
OAS30933,9,5,CN,CN,0.9739999999999999,CN,0.9727272727272727,CN,0.976,True,True,True,0.0,0.9739999999999999,0.0,0.012,0.014000000000000002,0.0,0.9727272727272727,0.0,0.010909090909090908,0.016363636363636365,0.0,0.976,0.024,,
OAS30934,5,5,CN,CN,0.734,CN,0.7272727272727272,CN,0.752,True,True,True,0.11600000000000002,0.734,0.012,0.006,0.13199999999999998,0.1309090909090909,0.7272727272727272,0.01090909090909091,0.005454545454545454,0.12545454545454543,0.19600000000000004,0.752,0.052000000000000005,,
OAS30941,0,2,AD,AD,0.655,AD,0.6636363636363636,AD,0.7849999999999999,True,True,True,0.655,0.04,0.135,0.025,0.14500000000000002,0.6636363636363636,0.05454545454545455,0.12272727272727271,0.022727272727272728,0.13636363636363635,0.7849999999999999,0.12000000000000001,0.095,,
OAS30946,1,1,CN,CN,0.97,CN,0.9727272727272728,CN,0.98,True,True,True,0.0,0.97,0.0,0.02,0.01,0.0,0.9727272727272728,0.0,0.01818181818181818,0.00909090909090909,0.0,0.98,0.0,0.02,
OAS30955,7,1,AD,AD,0.81,AD,0.8272727272727273,AD,0.92,True,True,True,0.81,0.02,0.05,0.06,0.06,0.8272727272727273,0.01818181818181818,0.045454545454545456,0.05454545454545454,0.05454545454545454,0.92,0.0,0.08,,
OAS30960,6,3,CN,CN,0.9766666666666666,CN,0.9787878787878789,CN,0.9466666666666667,True,True,True,0.0033333333333333335,0.9766666666666666,0.0,0.006666666666666667,0.013333333333333334,0.0030303030303030303,0.9787878787878789,0.0,0.006060606060606061,0.012121212121212121,0.03333333333333333,0.9466666666666667,0.0033333333333333335,0.0,0.016666666666666666
OAS30961,8,4,CN,CN,0.7150000000000001,CN,0.7159090909090908,CN,0.7849999999999999,True,True,True,0.1,0.7150000000000001,0.01,0.015,0.16,0.09545454545454546,0.7159090909090908,0.00909090909090909,0.013636363636363636,0.1659090909090909,0.0775,0.7849999999999999,0.1375,,
OAS30965,9,5,AD,AD,0.6399999999999999,AD,0.6545454545454545,AD,0.758,True,True,True,0.6399999999999999,0.030000000000000006,0.11400000000000002,0.038,0.178,0.6545454545454545,0.02909090909090909,0.10363636363636361,0.034545454545454546,0.17818181818181816,0.758,0.019999999999999997,0.22200000000000003,,
OAS30978,8,7,CN,CN,0.8271428571428572,CN,0.8350649350649351,CN,0.9142857142857144,True,True,True,0.02428571428571429,0.8271428571428572,0.008571428571428572,0.018571428571428572,0.12142857142857144,0.02337662337662338,0.8350649350649351,0.007792207792207793,0.016883116883116882,0.11688311688311685,0.027142857142857142,0.9142857142857144,0.05857142857142857,,
OAS30985,9,5,CN,CN,0.938,CN,0.9400000000000001,CN,0.9579999999999999,True,True,True,0.018,0.938,0.006,0.006,0.032,0.016363636363636365,0.9400000000000001,0.005454545454545454,0.005454545454545454,0.03272727272727273,0.0,0.9579999999999999,0.041999999999999996,,
OAS30992,1,6,CN,CN,0.9833333333333334,CN,0.9833333333333334,CN,0.9733333333333332,True,True,True,0.0,0.9833333333333334,0.0,0.013333333333333334,0.0033333333333333335,0.0,0.9833333333333334,0.0,0.013636363636363636,0.0030303030303030303,0.0,0.9733333333333332,0.01,0.016666666666666666,
OAS31004,7,2,Uncertain,AD,0.675,AD,0.6863636363636364,AD,0.74,False,False,False,0.675,0.03,0.08499999999999999,0.025,0.185,0.6863636363636364,0.031818181818181815,0.07727272727272727,0.022727272727272728,0.18181818181818182,0.74,0.10500000000000001,0.155,,
OAS31007,7,4,CN,CN,0.45749999999999996,CN,0.44772727272727275,CN,0.5075,True,True,True,0.13,0.45749999999999996,0.065,0.04,0.3075,0.12727272727272726,0.44772727272727275,0.05909090909090908,0.03636363636363636,0.32954545454545453,0.14750000000000002,0.5075,0.345,,
OAS31012,9,10,CN,CN,0.9129999999999999,CN,0.9136363636363637,CN,0.943,True,True,True,0.027000000000000003,0.9129999999999999,0.006999999999999999,0.012,0.041,0.02454545454545455,0.9136363636363637,0.006363636363636363,0.010909090909090908,0.04454545454545455,0.003,0.943,0.05399999999999999,,
OAS31014,2,7,CN,CN,0.9785714285714285,CN,0.9753246753246753,CN,0.9942857142857143,True,True,True,0.0,0.9785714285714285,0.0014285714285714286,0.011428571428571429,0.008571428571428572,0.0,0.9753246753246753,0.0012987012987012987,0.01038961038961039,0.012987012987012988,0.0014285714285714286,0.9942857142857143,0.004285714285714286,,
OAS31036,5,3,CN,CN,0.89,CN,0.8878787878787878,CN,0.8766666666666666,True,True,True,0.03666666666666667,0.89,0.006666666666666667,0.02333333333333333,0.043333333333333335,0.04242424242424242,0.8878787878787878,0.006060606060606061,0.02121212121212121,0.04242424242424242,0.11333333333333334,0.8766666666666666,0.01,,
OAS31044,6,1,AD,AD,0.72,AD,0.7363636363636363,AD,0.72,True,True,True,0.72,0.01,0.12,0.0,0.15,0.7363636363636363,0.00909090909090909,0.10909090909090909,0.0,0.14545454545454545,0.72,0.04,0.04,0.0,0.2
OAS31048,5,7,CN,CN,0.9414285714285714,CN,0.9454545454545455,CN,0.982857142857143,True,True,True,0.0071428571428571435,0.9414285714285714,0.005714285714285714,0.031428571428571424,0.014285714285714287,0.006493506493506494,0.9454545454545455,0.005194805194805195,0.02857142857142857,0.014285714285714287,0.004285714285714286,0.982857142857143,0.012857142857142859,,
OAS31049,7,2,AD,AD,0.635,AD,0.6227272727272727,AD,0.52,True,True,True,0.635,0.015,0.095,0.025,0.22999999999999998,0.6227272727272727,0.027272727272727275,0.08636363636363636,0.022727272727272728,0.2409090909090909,0.52,0.09999999999999999,0.38,,
OAS31052,6,3,Uncertain,CN,0.4466666666666666,CN,0.43030303030303035,Uncertain,0.4266666666666667,False,False,True,0.16666666666666666,0.4466666666666666,0.03333333333333333,0.01,0.3433333333333333,0.15151515151515152,0.43030303030303035,0.030303030303030304,0.02121212121212121,0.3666666666666667,0.09999999999999999,0.38666666666666666,0.006666666666666667,0.08,0.4266666666666667
OAS31056,7,3,CN,CN,0.87,CN,0.8727272727272727,CN,0.9133333333333334,True,True,True,0.02666666666666667,0.87,0.01,0.04,0.053333333333333344,0.02727272727272727,0.8727272727272727,0.00909090909090909,0.03636363636363636,0.05454545454545454,0.03666666666666667,0.9133333333333334,0.049999999999999996,,
OAS31062,6,2,AD,AD,0.56,AD,0.5636363636363636,AD,0.595,True,True,True,0.56,0.034999999999999996,0.12,0.01,0.275,0.5636363636363636,0.03636363636363636,0.1090909090909091,0.013636363636363636,0.2772727272727273,0.595,0.02,0.16,0.0,0.22499999999999998
OAS31063,8,5,AD,AD,0.5940000000000001,AD,0.5854545454545453,AD,0.5700000000000001,True,True,True,0.5940000000000001,0.038,0.14400000000000002,0.048,0.17600000000000002,0.5854545454545453,0.034545454545454546,0.13090909090909092,0.04363636363636363,0.20545454545454547,0.5700000000000001,0.05,0.38000000000000006,,
OAS31075,2,4,CN,CN,0.615,CN,0.6227272727272728,CN,0.6825,True,True,True,0.20249999999999999,0.615,0.03,0.027499999999999997,0.125,0.20681818181818182,0.6227272727272728,0.02727272727272727,0.024999999999999998,0.11818181818181818,0.2375,0.6825,0.08,,
OAS31085,8,6,CN,CN,0.6183333333333333,CN,0.609090909090909,CN,0.66,True,True,True,0.10833333333333332,0.6183333333333333,0.05000000000000001,0.02666666666666667,0.19666666666666666,0.10151515151515152,0.609090909090909,0.04545454545454545,0.024242424242424246,0.2196969696969697,0.09000000000000001,0.66,0.25,,
OAS31091,1,13,CN,CN,0.7976923076923079,CN,0.8069930069930071,CN,0.8615384615384616,True,True,True,0.09923076923076923,0.7976923076923079,0.02230769230769231,0.017692307692307695,0.06307692307692307,0.093006993006993,0.8069930069930071,0.02027972027972028,0.016783216783216783,0.06293706293706294,0.054615384615384614,0.8615384615384616,0.0038461538461538464,0.08,
OAS31101,1,7,CN,CN,0.9471428571428572,CN,0.951948051948052,CN,0.9971428571428572,True,True,True,0.0014285714285714286,0.9471428571428572,0.004285714285714286,0.014285714285714287,0.03285714285714286,0.0012987012987012987,0.951948051948052,0.003896103896103896,0.012987012987012988,0.029870129870129873,0.0,0.9971428571428572,0.0,0.002857142857142857,
OAS31104,1,4,CN,CN,0.7899999999999999,CN,0.7863636363636364,CN,0.8,True,True,True,0.024999999999999998,0.7899999999999999,0.01,0.0425,0.1325,0.022727272727272728,0.7863636363636364,0.00909090909090909,0.04090909090909091,0.1409090909090909,0.0,0.8,0.0275,0.17250000000000001,
OAS31113,8,7,CN,CN,0.9528571428571428,CN,0.9571428571428571,CN,1.0,True,True,True,0.02,0.9528571428571428,0.0014285714285714286,0.011428571428571429,0.014285714285714285,0.018181818181818184,0.9571428571428571,0.0012987012987012987,0.01038961038961039,0.012987012987012988,0.0,1.0,0.0,,
OAS31122,7,9,CN,CN,0.6422222222222222,CN,0.6383838383838384,CN,0.6266666666666665,True,True,True,0.2777777777777778,0.6422222222222222,0.021111111111111112,0.02,0.03888888888888889,0.28484848484848485,0.6383838383838384,0.01919191919191919,0.01818181818181818,0.0393939393939394,0.33444444444444443,0.6266666666666665,0.03888888888888889,,
OAS31129,4,5,AD,AD,0.808,AD,0.8200000000000001,AD,0.844,True,True,True,0.808,0.013999999999999999,0.06,0.030000000000000006,0.088,0.8200000000000001,0.012727272727272726,0.05454545454545454,0.02727272727272727,0.08545454545454546,0.844,0.004,0.05600000000000001,0.096,
OAS31133,1,4,CN,CN,0.94,CN,0.9454545454545453,CN,0.9824999999999999,True,True,True,0.0025,0.94,0.0,0.024999999999999998,0.0325,0.0022727272727272726,0.9454545454545453,0.0,0.022727272727272724,0.029545454545454545,0.0,0.9824999999999999,0.005,0.0125,
OAS31135,5,1,AD,AD,0.83,AD,0.8363636363636363,AD,0.82,True,True,True,0.83,0.03,0.05,0.03,0.06,0.8363636363636363,0.02727272727272727,0.045454545454545456,0.02727272727272727,0.06363636363636363,0.82,0.06,0.12,,
OAS31145,5,6,CN,CN,0.8850000000000001,CN,0.8742424242424242,CN,0.8500000000000001,True,True,True,0.021666666666666667,0.8850000000000001,0.015000000000000001,0.015,0.06333333333333334,0.03636363636363637,0.8742424242424242,0.013636363636363636,0.013636363636363636,0.062121212121212126,0.09500000000000001,0.8500000000000001,0.055000000000000014,,
OAS31146,6,6,CN,CN,0.93,CN,0.9348484848484849,CN,0.9483333333333333,True,True,True,0.0033333333333333335,0.93,0.0033333333333333335,0.029999999999999995,0.03333333333333333,0.0030303030303030303,0.9348484848484849,0.0030303030303030303,0.02727272727272727,0.03181818181818182,0.016666666666666666,0.9483333333333333,0.01333333333333333,0.01,0.011666666666666667
OAS31149,1,4,CN,CN,0.915,CN,0.9227272727272728,CN,1.0,True,True,True,0.005,0.915,0.0075,0.02,0.052500000000000005,0.004545454545454545,0.9227272727272728,0.006818181818181818,0.01818181818181818,0.04772727272727272,0.0,1.0,0.0,0.0,
OAS31161,3,1,CN,CN,0.91,CN,0.9181818181818182,CN,0.93,True,True,True,0.01,0.91,0.0,0.05,0.03,0.00909090909090909,0.9181818181818182,0.0,0.045454545454545456,0.02727272727272727,0.04,0.93,0.03,,
OAS31177,3,1,CN,CN,0.89,CN,0.8909090909090909,CN,0.89,True,True,True,0.02,0.89,0.01,0.06,0.02,0.02727272727272727,0.8909090909090909,0.00909090909090909,0.05454545454545454,0.01818181818181818,0.06,0.89,0.05,,
OAS31178,9,11,CN,CN,0.8699999999999999,CN,0.8752066115702479,CN,0.938181818181818,True,True,True,0.05909090909090908,0.8699999999999999,0.02090909090909091,0.00818181818181818,0.04181818181818182,0.05785123966942149,0.8752066115702479,0.01900826446280992,0.00743801652892562,0.04049586776859505,0.030000000000000006,0.938181818181818,0.03181818181818183,,
OAS31179,4,1,Uncertain,Uncertain,0.53,Uncertain,0.5272727272727272,Others,0.53,True,True,False,0.17,0.13,0.13,0.04,0.53,0.18181818181818182,0.11818181818181818,0.13636363636363635,0.03636363636363636,0.5272727272727272,0.24,0.12,0.11,0.53,
OAS31190,6,1,AD,Uncertain,0.6,Uncertain,0.5909090909090909,Uncertain,0.54,False,False,False,0.19,0.09,0.06,0.06,0.6,0.20909090909090908,0.08181818181818182,0.06363636363636363,0.05454545454545454,0.5909090909090909,0.3,0.07,0.09,0.0,0.54
OAS31191,6,1,Uncertain,Uncertain,0.64,Uncertain,0.6545454545454545,Uncertain,0.81,True,True,True,0.06,0.24,0.04,0.02,0.64,0.06363636363636363,0.22727272727272727,0.03636363636363636,0.01818181818181818,0.6545454545454545,0.15,0.02,0.02,0.0,0.81
OAS31193,5,1,CN,CN,0.89,CN,0.8909090909090909,CN,0.92,True,True,True,0.0,0.89,0.0,0.06,0.05,0.0,0.8909090909090909,0.0,0.05454545454545454,0.05454545454545454,0.03,0.92,0.05,,
OAS31196,5,5,CN,CN,0.9299999999999999,CN,0.9309090909090909,CN,0.9640000000000001,True,True,True,0.002,0.9299999999999999,0.004,0.030000000000000006,0.034,0.0036363636363636364,0.9309090909090909,0.0036363636363636364,0.02727272727272727,0.034545454545454546,0.006,0.9640000000000001,0.03,,
OAS31198,1,2,CN,CN,0.9199999999999999,CN,0.9272727272727272,CN,1.0,True,True,True,0.015,0.9199999999999999,0.005,0.02,0.04,0.013636363636363636,0.9272727272727272,0.004545454545454545,0.01818181818181818,0.03636363636363636,0.0,1.0,0.0,0.0,
OAS31202,1,2,CN,CN,0.885,CN,0.8909090909090909,CN,0.9,True,True,True,0.02,0.885,0.005,0.04,0.05,0.01818181818181818,0.8909090909090909,0.004545454545454545,0.04090909090909091,0.045454545454545456,0.0,0.9,0.055,0.045,
OAS31203,1,3,CN,CN,0.9633333333333333,CN,0.9606060606060606,CN,0.9700000000000001,True,True,True,0.0033333333333333335,0.9633333333333333,0.0,0.0033333333333333335,0.03,0.0030303030303030303,0.9606060606060606,0.0,0.00909090909090909,0.02727272727272727,0.0,0.9700000000000001,0.01,0.02,
OAS31204,8,4,CN,CN,0.97,CN,0.9727272727272728,CN,1.0,True,True,True,0.005,0.97,0.0,0.0125,0.0125,0.004545454545454545,0.9727272727272728,0.0,0.011363636363636364,0.011363636363636364,0.0,1.0,0.0,,
OAS31221,8,1,AD,AD,0.42,AD,0.42727272727272725,AD,0.52,True,True,True,0.42,0.06,0.11,0.05,0.36,0.42727272727272725,0.05454545454545454,0.1,0.045454545454545456,0.37272727272727274,0.52,0.04,0.44,,
OAS31239,6,1,AD,AD,0.45,AD,0.44545454545454544,AD,0.64,True,True,True,0.45,0.08,0.15,0.02,0.3,0.44545454545454544,0.07272727272727272,0.14545454545454545,0.01818181818181818,0.3181818181818182,0.64,0.0,0.16,0.01,0.19
OAS31245,8,1,AD,AD,0.63,AD,0.6636363636363637,AD,0.97,True,True,True,0.63,0.0,0.15,0.09,0.13,0.6636363636363637,0.0,0.13636363636363635,0.08181818181818182,0.11818181818181818,0.97,0.0,0.03,,
OAS31248,1,4,CN,CN,0.8775,CN,0.8886363636363637,CN,0.955,True,True,True,0.02,0.8775,0.0025,0.015,0.085,0.01818181818181818,0.8886363636363637,0.0022727272727272726,0.013636363636363636,0.07727272727272727,0.0,0.955,0.0175,0.0275,
OAS31273,8,3,CN,CN,0.9433333333333334,CN,0.9484848484848484,CN,0.9899999999999999,True,True,True,0.02,0.9433333333333334,0.0,0.016666666666666666,0.02,0.01818181818181818,0.9484848484848484,0.0,0.015151515151515152,0.018181818181818184,0.0,0.9899999999999999,0.01,,
OAS31274,5,2,CN,CN,0.88,CN,0.8772727272727272,CN,0.9,True,True,True,0.015,0.88,0.01,0.04,0.055,0.01818181818181818,0.8772727272727272,0.00909090909090909,0.03636363636363636,0.05909090909090909,0.07,0.9,0.03,,
OAS31284,8,2,CN,CN,0.92,CN,0.9272727272727272,CN,1.0,True,True,True,0.025,0.92,0.005,0.01,0.04,0.022727272727272728,0.9272727272727272,0.004545454545454545,0.00909090909090909,0.03636363636363636,0.0,1.0,0.0,,
OAS31285,8,1,CN,CN,0.97,CN,0.9727272727272728,CN,1.0,True,True,True,0.0,0.97,0.0,0.01,0.02,0.0,0.9727272727272728,0.0,0.00909090909090909,0.01818181818181818,0.0,1.0,0.0,,
OAS31293,1,5,CN,CN,0.97,CN,0.9690909090909091,CN,0.968,True,True,True,0.002,0.97,0.0,0.008,0.02,0.0018181818181818182,0.9690909090909091,0.0,0.01090909090909091,0.01818181818181818,0.0,0.968,0.022,0.01,
OAS31303,5,2,CN,CN,0.915,CN,0.9227272727272727,CN,0.985,True,True,True,0.01,0.915,0.0,0.01,0.065,0.00909090909090909,0.9227272727272727,0.0,0.00909090909090909,0.05909090909090908,0.0,0.985,0.015,,
OAS31312,1,2,CN,CN,0.935,CN,0.9409090909090909,CN,0.985,True,True,True,0.02,0.935,0.005,0.02,0.02,0.01818181818181818,0.9409090909090909,0.004545454545454545,0.01818181818181818,0.01818181818181818,0.0,0.985,0.005,0.01,
OAS31324,7,4,CN,CN,0.9450000000000001,CN,0.9454545454545455,CN,0.9575,True,True,True,0.01,0.9450000000000001,0.0025,0.0125,0.03,0.013636363636363636,0.9454545454545455,0.0022727272727272726,0.011363636363636364,0.027272727272727275,0.035,0.9575,0.0075,,
OAS31329,1,3,CN,CN,0.9766666666666666,CN,0.9787878787878789,CN,0.9966666666666667,True,True,True,0.0,0.9766666666666666,0.0,0.006666666666666667,0.016666666666666666,0.0,0.9787878787878789,0.0,0.006060606060606061,0.015151515151515152,0.0,0.9966666666666667,0.0,0.0033333333333333335,
OAS31333,1,2,CN,CN,0.9199999999999999,CN,0.9272727272727272,CN,1.0,True,True,True,0.005,0.9199999999999999,0.0,0.02,0.055,0.004545454545454545,0.9272727272727272,0.0,0.01818181818181818,0.05,0.0,1.0,0.0,0.0,
OAS31335,5,4,CN,CN,0.9325000000000001,CN,0.9386363636363637,CN,0.99,True,True,True,0.0125,0.9325000000000001,0.0025,0.025,0.0275,0.011363636363636364,0.9386363636363637,0.0022727272727272726,0.022727272727272728,0.025,0.0,0.99,0.01,,
OAS31336,6,3,CN,CN,0.9066666666666667,CN,0.9060606060606061,CN,0.9233333333333333,True,True,True,0.03,0.9066666666666667,0.013333333333333334,0.013333333333333334,0.03666666666666667,0.02727272727272727,0.9060606060606061,0.012121212121212121,0.012121212121212121,0.04242424242424242,0.016666666666666666,0.9233333333333333,0.0033333333333333335,0.013333333333333334,0.043333333333333335
OAS31338,1,1,CN,CN,0.97,CN,0.9727272727272728,CN,1.0,True,True,True,0.0,0.97,0.0,0.02,0.01,0.0,0.9727272727272728,0.0,0.01818181818181818,0.00909090909090909,0.0,1.0,0.0,0.0,
OAS31351,7,3,AD,Uncertain,0.4066666666666667,Uncertain,0.4181818181818182,Non-AD,0.48,False,False,False,0.3866666666666667,0.07666666666666667,0.09000000000000001,0.04,0.4066666666666667,0.3757575757575758,0.08787878787878788,0.0818181818181818,0.03636363636363636,0.4181818181818182,0.32666666666666666,0.19333333333333336,0.48,,
OAS31359,4,1,AD,Uncertain,0.49,Uncertain,0.4909090909090909,AD,0.51,False,False,True,0.37,0.06,0.06,0.02,0.49,0.36363636363636365,0.05454545454545454,0.07272727272727272,0.01818181818181818,0.4909090909090909,0.51,0.02,0.21,0.26,
OAS31370,9,2,CN,CN,0.925,CN,0.9318181818181819,CN,0.93,True,True,True,0.02,0.925,0.01,0.01,0.035,0.01818181818181818,0.9318181818181819,0.00909090909090909,0.00909090909090909,0.031818181818181815,0.045,0.93,0.025,,
OAS31379,2,5,CN,CN,0.6859999999999999,CN,0.7054545454545454,CN,0.8240000000000001,True,True,True,0.08800000000000001,0.6859999999999999,0.006,0.042,0.17800000000000002,0.08545454545454546,0.7054545454545454,0.005454545454545454,0.038181818181818185,0.16545454545454547,0.11000000000000001,0.8240000000000001,0.066,,
OAS31391,3,3,CN,CN,0.9066666666666667,CN,0.9121212121212121,CN,0.88,True,True,True,0.03,0.9066666666666667,0.0033333333333333335,0.023333333333333334,0.03666666666666667,0.02727272727272727,0.9121212121212121,0.0030303030303030303,0.02121212121212121,0.03636363636363636,0.06333333333333334,0.88,0.056666666666666664,,
OAS31395,8,3,CN,CN,0.9466666666666667,CN,0.9515151515151515,CN,0.9933333333333333,True,True,True,0.0,0.9466666666666667,0.0,0.016666666666666666,0.03666666666666667,0.0,0.9515151515151515,0.0,0.015151515151515152,0.03333333333333333,0.0033333333333333335,0.9933333333333333,0.0033333333333333335,,
OAS31397,6,1,CN,CN,0.93,CN,0.9272727272727272,CN,0.98,True,True,True,0.02,0.93,0.0,0.02,0.03,0.01818181818181818,0.9272727272727272,0.0,0.01818181818181818,0.03636363636363636,0.02,0.98,0.0,0.0,0.0
OAS31411,8,1,CN,CN,0.91,CN,0.9,CN,0.95,True,True,True,0.02,0.91,0.0,0.04,0.03,0.01818181818181818,0.9,0.0,0.03636363636363636,0.045454545454545456,0.04,0.95,0.01,,
OAS31417,8,3,AD,AD,0.6766666666666667,AD,0.6575757575757576,AD,0.61,True,True,True,0.6766666666666667,0.02666666666666667,0.14,0.01,0.1466666666666667,0.6575757575757576,0.03636363636363636,0.1272727272727273,0.00909090909090909,0.16969696969696968,0.61,0.04,0.35000000000000003,,
OAS31429,1,3,CN,CN,0.6233333333333334,CN,0.6303030303030303,CN,0.7333333333333333,True,True,True,0.08,0.6233333333333334,0.016666666666666666,0.023333333333333334,0.25666666666666665,0.07878787878787878,0.6303030303030303,0.015151515151515152,0.02121212121212121,0.2545454545454546,0.02666666666666667,0.7333333333333333,0.0,0.24000000000000002,
OAS31430,1,1,CN,CN,0.99,CN,0.990909090909091,CN,0.97,True,True,True,0.0,0.99,0.0,0.0,0.01,0.0,0.990909090909091,0.0,0.0,0.00909090909090909,0.0,0.97,0.03,0.0,
OAS31433,9,1,CN,CN,0.93,CN,0.9363636363636364,CN,1.0,True,True,True,0.02,0.93,0.02,0.01,0.02,0.01818181818181818,0.9363636363636364,0.01818181818181818,0.00909090909090909,0.01818181818181818,0.0,1.0,0.0,,
OAS31440,8,2,CN,CN,0.9299999999999999,CN,0.9363636363636364,CN,0.99,True,True,True,0.0,0.9299999999999999,0.005,0.034999999999999996,0.03,0.0,0.9363636363636364,0.004545454545454545,0.031818181818181815,0.02727272727272727,0.0,0.99,0.01,,
OAS31465,1,1,CN,CN,0.91,CN,0.9181818181818182,CN,1.0,True,True,True,0.0,0.91,0.0,0.06,0.03,0.0,0.9181818181818182,0.0,0.05454545454545454,0.02727272727272727,0.0,1.0,0.0,0.0,
OAS31472,6,2,CN,CN,0.955,CN,0.95,CN,0.945,True,True,True,0.015,0.955,0.005,0.015,0.01,0.022727272727272728,0.95,0.004545454545454545,0.013636363636363636,0.00909090909090909,0.02,0.945,0.015,0.0,0.02
