OASISID,client_id_diagnosis,n_rows_diagnosis,true_label_diagnosis,global_prediction_diagnosis,global_confidence_diagnosis,personalized_prediction_diagnosis,personalized_confidence_diagnosis,local_prediction_diagnosis,local_confidence_diagnosis,global_correct_diagnosis,personalized_correct_diagnosis,local_correct_diagnosis,global_prob_AD,global_prob_CN,global_prob_Non-AD,global_prob_Others,global_prob_Uncertain,personalized_prob_AD,personalized_prob_CN,personalized_prob_Non-AD,personalized_prob_Others,personalized_prob_Uncertain,local_prob_AD,local_prob_CN,local_prob_Non-AD,local_prob_Others,local_prob_Uncertain,client_id_severity,n_rows_severity,true_label_severity,global_prediction_severity,global_confidence_severity,personalized_prediction_severity,personalized_confidence_severity,local_prediction_severity,local_confidence_severity,global_correct_severity,personalized_correct_severity,local_correct_severity,global_prob_0,global_prob_1,global_prob_2,personalized_prob_0,personalized_prob_1,personalized_prob_2,local_prob_0,local_prob_1,local_prob_2
OAS30091,0,4,AD,AD,0.8175,AD,0.8159090909090908,AD,0.8450000000000001,True,True,True,0.8175,0.019999999999999997,0.08,0.04,0.0425,0.8159090909090908,0.020454545454545454,0.07272727272727272,0.03636363636363636,0.05454545454545455,0.8450000000000001,0.0225,0.1325,,,4,4,2,2,0.5025,2,0.525,2,0.655,True,True,True,0.13,0.36749999999999994,0.5025,0.11818181818181817,0.3568181818181818,0.525,0.05,0.29500000000000004,0.655
OAS30094,6,2,AD,AD,0.43999999999999995,AD,0.44545454545454544,AD,0.52,True,True,True,0.43999999999999995,0.05,0.08499999999999999,0.035,0.39,0.44545454545454544,0.045454545454545456,0.10454545454545454,0.031818181818181815,0.37272727272727274,0.52,0.04,0.18,0.005,0.255,4,2,1,0,0.5900000000000001,0,0.5863636363636364,0,0.5700000000000001,False,False,False,0.5900000000000001,0.375,0.035,0.5863636363636364,0.36818181818181817,0.04545454545454545,0.5700000000000001,0.38,0.05
OAS30108,0,8,CN,CN,0.62375,CN,0.6352272727272728,CN,0.7812499999999999,True,True,True,0.10875000000000001,0.62375,0.03375,0.036250000000000004,0.1975,0.10227272727272727,0.6352272727272728,0.03068181818181818,0.03295454545454546,0.19886363636363635,0.045,0.7812499999999999,0.17375,,,0,8,0,0,0.8387500000000001,0,0.8238636363636364,0,0.6825,True,True,True,0.8387500000000001,0.14125,0.020000000000000004,0.8238636363636364,0.15795454545454546,0.018181818181818184,0.6825,0.31750000000000006,0.0
OAS30121,5,12,CN,CN,0.9191666666666665,CN,0.9143939393939394,CN,0.9541666666666666,True,True,True,0.021666666666666664,0.9191666666666665,0.0033333333333333335,0.01833333333333333,0.0375,0.021969696969696972,0.9143939393939394,0.0030303030303030303,0.01666666666666667,0.043939393939393945,0.01666666666666667,0.9541666666666666,0.029166666666666664,,,0,12,0,0,0.7575,0,0.7696969696969697,0,0.8208333333333333,True,True,True,0.7575,0.22583333333333333,0.016666666666666666,0.7696969696969697,0.21515151515151518,0.015151515151515152,0.8208333333333333,0.17833333333333334,0.0008333333333333334
OAS30129,1,6,CN,CN,0.965,CN,0.9681818181818181,CN,0.9950000000000001,True,True,True,0.0016666666666666668,0.965,0.0033333333333333335,0.016666666666666666,0.013333333333333334,0.0015151515151515152,0.9681818181818181,0.0030303030303030303,0.015151515151515152,0.012121212121212121,0.0,0.9950000000000001,0.0016666666666666668,0.0033333333333333335,,9,6,0,0,0.8333333333333334,0,0.8166666666666668,0,0.685,True,True,True,0.8333333333333334,0.15833333333333333,0.008333333333333333,0.8166666666666668,0.17575757575757578,0.007575757575757576,0.685,0.315,0.0
OAS30152,4,9,AD,AD,0.4722222222222222,AD,0.4696969696969696,AD,0.46888888888888886,True,True,True,0.4722222222222222,0.4233333333333333,0.05777777777777778,0.011111111111111112,0.03555555555555556,0.4696969696969696,0.4232323232323233,0.05555555555555555,0.0101010101010101,0.041414141414141424,0.46888888888888886,0.4099999999999999,0.03444444444444445,0.08666666666666668,,2,9,0,0,0.4444444444444444,0,0.44545454545454555,1,0.3844444444444444,True,True,False,0.4444444444444444,0.3211111111111111,0.23444444444444448,0.44545454545454555,0.3202020202020202,0.23434343434343438,0.3355555555555555,0.3844444444444444,0.28
OAS30154,5,9,CN,CN,0.98,CN,0.9808080808080809,CN,0.9722222222222222,True,True,True,0.0044444444444444444,0.98,0.0,0.0022222222222222222,0.013333333333333332,0.00404040404040404,0.9808080808080809,0.0,0.00202020202020202,0.01313131313131313,0.006666666666666666,0.9722222222222222,0.021111111111111112,,,2,9,0,0,0.7799999999999999,0,0.7727272727272727,0,0.6522222222222221,True,True,True,0.7799999999999999,0.19222222222222224,0.027777777777777776,0.7727272727272727,0.19797979797979798,0.02929292929292929,0.6522222222222221,0.33333333333333326,0.014444444444444446
OAS30238,8,1,AD,AD,0.78,AD,0.7727272727272727,AD,0.84,True,True,True,0.78,0.01,0.16,0.0,0.05,0.7727272727272727,0.01818181818181818,0.14545454545454545,0.0,0.06363636363636363,0.84,0.01,0.15,,,1,1,2,2,0.57,2,0.6090909090909091,2,0.92,True,True,True,0.12,0.31,0.57,0.10909090909090909,0.2818181818181818,0.6090909090909091,0.02,0.06,0.92
OAS30248,6,7,CN,CN,0.9142857142857144,CN,0.9155844155844156,CN,0.9014285714285714,True,True,True,0.008571428571428572,0.9142857142857144,0.002857142857142857,0.028571428571428577,0.045714285714285714,0.011688311688311689,0.9155844155844156,0.0025974025974025974,0.025974025974025976,0.044155844155844164,0.022857142857142857,0.9014285714285714,0.0,0.002857142857142857,0.07285714285714286,9,7,0,0,0.5871428571428571,0,0.5805194805194805,1,0.557142857142857,True,True,False,0.5871428571428571,0.33999999999999997,0.07285714285714286,0.5805194805194805,0.3532467532467533,0.06623376623376623,0.4385714285714286,0.557142857142857,0.004285714285714286
OAS30377,4,2,Uncertain,Uncertain,0.355,Uncertain,0.3545454545454545,Others,0.35,True,True,False,0.22499999999999998,0.29500000000000004,0.095,0.030000000000000002,0.355,0.22727272727272727,0.2909090909090909,0.1,0.027272727272727275,0.3545454545454545,0.3,0.27,0.08,0.35,,3,2,1,0,0.735,0,0.7,0,0.505,False,False,False,0.735,0.2,0.065,0.7,0.2409090909090909,0.0590909090909091,0.505,0.485,0.01
OAS30443,6,5,CN,CN,0.916,CN,0.9236363636363636,CN,0.898,True,True,True,0.018,0.916,0.01,0.016,0.04,0.016363636363636365,0.9236363636363636,0.00909090909090909,0.014545454545454545,0.03636363636363636,0.024,0.898,0.02,0.0,0.057999999999999996,0,5,0,0,0.784,0,0.7836363636363636,0,0.868,True,True,True,0.784,0.19,0.026000000000000002,0.7836363636363636,0.19272727272727275,0.02363636363636364,0.868,0.13199999999999998,0.0
OAS30468,2,3,CN,CN,0.91,CN,0.9181818181818181,CN,0.9766666666666666,True,True,True,0.04666666666666667,0.91,0.0033333333333333335,0.006666666666666667,0.03333333333333333,0.04242424242424242,0.9181818181818181,0.0030303030303030303,0.006060606060606061,0.0303030303030303,0.023333333333333334,0.9766666666666666,0.0,,,8,3,0,0,0.5466666666666667,0,0.5424242424242424,1,0.5299999999999999,True,True,False,0.5466666666666667,0.3666666666666667,0.08666666666666667,0.5424242424242424,0.37575757575757573,0.08181818181818182,0.44333333333333336,0.5299999999999999,0.02666666666666667
OAS30497,9,2,CN,CN,0.95,CN,0.95,CN,0.98,True,True,True,0.01,0.95,0.0,0.005,0.035,0.013636363636363636,0.95,0.0,0.004545454545454545,0.031818181818181815,0.005,0.98,0.015,,,9,2,0,0,0.73,0,0.7227272727272727,0,0.7649999999999999,True,True,True,0.73,0.25,0.02,0.7227272727272727,0.2590909090909091,0.01818181818181818,0.7649999999999999,0.22499999999999998,0.01
OAS30527,0,1,AD,AD,0.73,AD,0.7090909090909091,AD,0.39,True,True,True,0.73,0.03,0.12,0.0,0.12,0.7090909090909091,0.05454545454545454,0.10909090909090909,0.0,0.12727272727272726,0.39,0.35,0.26,,,3,1,1,1,0.52,1,0.5545454545454546,1,0.64,True,True,True,0.33,0.52,0.15,0.3,0.5545454545454546,0.14545454545454545,0.21,0.64,0.15
OAS30532,1,5,CN,CN,0.43,CN,0.4545454545454545,CN,0.634,True,True,True,0.27599999999999997,0.43,0.07400000000000001,0.012,0.20800000000000002,0.25090909090909086,0.4545454545454545,0.06727272727272729,0.01090909090909091,0.21636363636363637,0.034,0.634,0.0,0.332,,4,5,0,1,0.40800000000000003,1,0.43454545454545457,1,0.546,False,False,False,0.30199999999999994,0.40800000000000003,0.29000000000000004,0.27454545454545454,0.43454545454545457,0.2909090909090909,0.176,0.546,0.27799999999999997
OAS30549,6,4,AD,AD,0.735,AD,0.7318181818181819,AD,0.815,True,True,True,0.735,0.01,0.1375,0.025,0.09250000000000001,0.7318181818181819,0.00909090909090909,0.125,0.024999999999999998,0.10909090909090909,0.815,0.015,0.017499999999999998,0.0025,0.15000000000000002,7,4,1,1,0.41000000000000003,1,0.43636363636363634,1,0.6275000000000001,True,True,True,0.2325,0.41000000000000003,0.35750000000000004,0.2318181818181818,0.43636363636363634,0.3318181818181818,0.2325,0.6275000000000001,0.14
OAS30574,1,8,CN,CN,0.95375,CN,0.9568181818181818,CN,0.9775000000000003,True,True,True,0.00625,0.95375,0.0,0.0175,0.0225,0.005681818181818182,0.9568181818181818,0.0,0.017045454545454548,0.020454545454545454,0.0,0.9775000000000003,0.01,0.012499999999999999,,8,8,0,0,0.8562499999999998,0,0.8613636363636363,0,0.92375,True,True,True,0.8562499999999998,0.13874999999999998,0.005,0.8613636363636363,0.1340909090909091,0.004545454545454545,0.92375,0.07500000000000001,0.00125
OAS30605,1,6,CN,CN,0.435,CN,0.45,CN,0.545,True,True,True,0.2416666666666667,0.435,0.060000000000000005,0.021666666666666667,0.24166666666666667,0.23787878787878788,0.45,0.05454545454545454,0.02121212121212121,0.23636363636363641,0.10000000000000002,0.545,0.015000000000000001,0.34,,0,6,1,1,0.4633333333333334,1,0.4424242424242424,0,0.6699999999999999,True,True,False,0.38833333333333336,0.4633333333333334,0.14833333333333334,0.4151515151515151,0.4424242424242424,0.14242424242424243,0.6699999999999999,0.255,0.075
OAS30631,5,1,CN,CN,0.98,CN,0.9818181818181818,CN,1.0,True,True,True,0.0,0.98,0.0,0.01,0.01,0.0,0.9818181818181818,0.0,0.00909090909090909,0.00909090909090909,0.0,1.0,0.0,,,3,1,0,0,0.84,0,0.8454545454545455,0,0.94,True,True,True,0.84,0.14,0.02,0.8454545454545455,0.13636363636363635,0.01818181818181818,0.94,0.06,0.0
OAS30721,9,4,CN,CN,0.9325,CN,0.9318181818181818,CN,0.9724999999999999,True,True,True,0.025,0.9325,0.0,0.0075,0.035,0.022727272727272728,0.9318181818181818,0.0,0.006818181818181818,0.03863636363636364,0.005,0.9724999999999999,0.0225,,,2,4,0,0,0.8099999999999999,0,0.7909090909090909,0,0.8025000000000001,True,True,True,0.8099999999999999,0.16999999999999998,0.019999999999999997,0.7909090909090909,0.19090909090909092,0.01818181818181818,0.8025000000000001,0.185,0.0125
OAS30762,8,6,CN,CN,0.8183333333333334,CN,0.8318181818181819,CN,0.9383333333333334,True,True,True,0.041666666666666664,0.8183333333333334,0.006666666666666667,0.025000000000000005,0.10833333333333334,0.03787878787878788,0.8318181818181819,0.006060606060606061,0.022727272727272724,0.10151515151515152,0.006666666666666667,0.9383333333333334,0.055,,,0,6,0,0,0.8150000000000001,0,0.8287878787878787,0,0.9666666666666667,True,True,True,0.8150000000000001,0.16833333333333333,0.016666666666666666,0.8287878787878787,0.15606060606060607,0.015151515151515152,0.9666666666666667,0.03333333333333333,0.0
OAS30797,8,6,CN,CN,0.9366666666666666,CN,0.9424242424242424,CN,0.9966666666666667,True,True,True,0.006666666666666667,0.9366666666666666,0.011666666666666667,0.02,0.025000000000000005,0.006060606060606061,0.9424242424242424,0.010606060606060605,0.01818181818181818,0.022727272727272724,0.0033333333333333335,0.9966666666666667,0.0,,,2,6,0,0,0.7966666666666667,0,0.812121212121212,0,0.8433333333333333,True,True,True,0.7966666666666667,0.18333333333333335,0.02,0.812121212121212,0.16969696969696968,0.01818181818181818,0.8433333333333333,0.13333333333333333,0.023333333333333334
OAS30862,6,10,AD,AD,0.381,AD,0.3836363636363636,AD,0.41600000000000004,True,True,True,0.381,0.32399999999999995,0.048,0.018000000000000002,0.229,0.3836363636363636,0.32,0.045454545454545456,0.019090909090909092,0.23181818181818184,0.41600000000000004,0.2899999999999999,0.027000000000000003,0.008,0.259,0,10,1,1,0.42600000000000005,1,0.4254545454545454,0,0.526,True,True,False,0.357,0.42600000000000005,0.217,0.36636363636363634,0.4254545454545454,0.2081818181818182,0.526,0.363,0.11099999999999999
OAS30876,9,11,CN,CN,0.9427272727272729,CN,0.9446280991735537,CN,0.979090909090909,True,True,True,0.012727272727272726,0.9427272727272729,0.005454545454545455,0.01,0.029090909090909098,0.011570247933884297,0.9446280991735537,0.0049586776859504135,0.009090909090909092,0.029752066115702483,0.005454545454545454,0.979090909090909,0.015454545454545453,,,0,11,0,0,0.8090909090909091,0,0.8049586776859505,0,0.7563636363636362,True,True,True,0.8090909090909091,0.16818181818181818,0.022727272727272728,0.8049586776859505,0.1743801652892562,0.02066115702479339,0.7563636363636362,0.24363636363636365,0.0
OAS30906,1,4,CN,CN,0.94,CN,0.9454545454545454,CN,0.9875,True,True,True,0.0075,0.94,0.005,0.0125,0.035,0.006818181818181818,0.9454545454545454,0.004545454545454545,0.011363636363636364,0.03181818181818182,0.0,0.9875,0.01,0.0025,,8,4,0,0,0.745,0,0.7522727272727273,0,0.8525,True,True,True,0.745,0.24250000000000002,0.0125,0.7522727272727273,0.23409090909090907,0.013636363636363636,0.8525,0.1375,0.01
OAS30918,5,1,AD,AD,0.48,AD,0.5181818181818182,AD,0.75,True,True,True,0.48,0.06,0.08,0.02,0.36,0.5181818181818182,0.06363636363636363,0.07272727272727272,0.01818181818181818,0.32727272727272727,0.75,0.08,0.17,,,4,1,1,1,0.58,1,0.6,1,0.66,True,True,True,0.3,0.58,0.12,0.2727272727272727,0.6,0.12727272727272726,0.2,0.66,0.14
OAS30919,8,7,CN,CN,0.8385714285714286,CN,0.8402597402597403,CN,0.9528571428571428,True,True,True,0.04714285714285714,0.8385714285714286,0.008571428571428572,0.06142857142857144,0.04428571428571428,0.044155844155844164,0.8402597402597403,0.007792207792207793,0.05584415584415584,0.05194805194805195,0.028571428571428574,0.9528571428571428,0.018571428571428572,,,9,7,0,0,0.41999999999999993,0,0.4168831168831169,0,0.4928571428571428,True,True,True,0.41999999999999993,0.39428571428571424,0.18571428571428572,0.4168831168831169,0.3883116883116883,0.1948051948051948,0.4928571428571428,0.17714285714285713,0.32999999999999996
OAS30925,6,1,AD,AD,0.53,AD,0.5363636363636364,AD,0.67,True,True,True,0.53,0.08,0.14,0.05,0.2,0.5363636363636364,0.09090909090909091,0.12727272727272726,0.05454545454545454,0.19090909090909092,0.67,0.12,0.0,0.01,0.2,8,1,1,1,0.44,1,0.42727272727272725,0,0.54,True,True,False,0.17,0.44,0.39,0.2,0.42727272727272725,0.37272727272727274,0.54,0.28,0.18
OAS30926,6,6,AD,AD,0.66,AD,0.6696969696969698,AD,0.715,True,True,True,0.66,0.02333333333333333,0.11,0.016666666666666666,0.19000000000000003,0.6696969696969698,0.022727272727272724,0.10757575757575755,0.01818181818181818,0.1818181818181818,0.715,0.02333333333333333,0.10833333333333335,0.0016666666666666668,0.15166666666666667,5,6,2,1,0.4633333333333334,1,0.43636363636363634,2,0.4583333333333333,False,False,True,0.3466666666666667,0.4633333333333334,0.19000000000000003,0.353030303030303,0.43636363636363634,0.2106060606060606,0.365,0.17666666666666664,0.4583333333333333
OAS30978,8,7,CN,CN,0.8271428571428572,CN,0.8350649350649351,CN,0.9142857142857144,True,True,True,0.02428571428571429,0.8271428571428572,0.008571428571428572,0.018571428571428572,0.12142857142857144,0.02337662337662338,0.8350649350649351,0.007792207792207793,0.016883116883116882,0.11688311688311685,0.027142857142857142,0.9142857142857144,0.05857142857142857,,,0,7,0,0,0.6571428571428571,0,0.6688311688311688,0,0.8085714285714286,True,True,True,0.6571428571428571,0.30142857142857143,0.04142857142857143,0.6688311688311688,0.29350649350649344,0.03766233766233766,0.8085714285714286,0.1842857142857143,0.0071428571428571435
OAS31007,7,4,CN,CN,0.45749999999999996,CN,0.44772727272727275,CN,0.5075,True,True,True,0.13,0.45749999999999996,0.065,0.04,0.3075,0.12727272727272726,0.44772727272727275,0.05909090909090908,0.03636363636363636,0.32954545454545453,0.14750000000000002,0.5075,0.345,,,8,4,0,0,0.6749999999999999,0,0.6931818181818181,0,0.885,True,True,True,0.6749999999999999,0.28,0.045000000000000005,0.6931818181818181,0.2659090909090909,0.04090909090909091,0.885,0.115,0.0
OAS31036,5,3,CN,CN,0.89,CN,0.8878787878787878,CN,0.8766666666666666,True,True,True,0.03666666666666667,0.89,0.006666666666666667,0.02333333333333333,0.043333333333333335,0.04242424242424242,0.8878787878787878,0.006060606060606061,0.02121212121212121,0.04242424242424242,0.11333333333333334,0.8766666666666666,0.01,,,3,3,0,0,0.47333333333333333,1,0.4696969696969697,1,0.7333333333333334,True,False,False,0.47333333333333333,0.4466666666666667,0.08,0.4575757575757575,0.4696969696969697,0.07272727272727274,0.24,0.7333333333333334,0.02666666666666667
OAS31104,1,4,CN,CN,0.7899999999999999,CN,0.7863636363636364,CN,0.8,True,True,True,0.024999999999999998,0.7899999999999999,0.01,0.0425,0.1325,0.022727272727272728,0.7863636363636364,0.00909090909090909,0.04090909090909091,0.1409090909090909,0.0,0.8,0.0275,0.17250000000000001,,0,4,0,0,0.855,0,0.8409090909090909,0,0.6625,True,True,True,0.855,0.1275,0.0175,0.8409090909090909,0.1431818181818182,0.015909090909090907,0.6625,0.3375,0.0
OAS31135,5,1,AD,AD,0.83,AD,0.8363636363636363,AD,0.82,True,True,True,0.83,0.03,0.05,0.03,0.06,0.8363636363636363,0.02727272727272727,0.045454545454545456,0.02727272727272727,0.06363636363636363,0.82,0.06,0.12,,,1,1,2,2,0.46,2,0.509090909090909,2,0.76,True,True,True,0.19,0.35,0.46,0.17272727272727273,0.3181818181818182,0.509090909090909,0.1,0.14,0.76
OAS31149,1,4,CN,CN,0.915,CN,0.9227272727272728,CN,1.0,True,True,True,0.005,0.915,0.0075,0.02,0.052500000000000005,0.004545454545454545,0.9227272727272728,0.006818181818181818,0.01818181818181818,0.04772727272727272,0.0,1.0,0.0,0.0,,4,4,0,0,0.8575,0,0.8636363636363636,0,0.8550000000000001,True,True,True,0.8575,0.1275,0.015000000000000001,0.8636363636363636,0.11818181818181818,0.01818181818181818,0.8550000000000001,0.1325,0.0125
OAS31177,3,1,CN,CN,0.89,CN,0.8909090909090909,CN,0.89,True,True,True,0.02,0.89,0.01,0.06,0.02,0.02727272727272727,0.8909090909090909,0.00909090909090909,0.05454545454545454,0.01818181818181818,0.06,0.89,0.05,,,0,1,0,0,0.72,0,0.7363636363636363,0,0.91,True,True,True,0.72,0.21,0.07,0.7363636363636363,0.2,0.06363636363636363,0.91,0.09,0.0
OAS31191,6,1,Uncertain,Uncertain,0.64,Uncertain,0.6545454545454545,Uncertain,0.81,True,True,True,0.06,0.24,0.04,0.02,0.64,0.06363636363636363,0.22727272727272727,0.03636363636363636,0.01818181818181818,0.6545454545454545,0.15,0.02,0.02,0.0,0.81,7,1,1,0,0.57,0,0.5636363636363636,1,0.64,False,False,True,0.57,0.38,0.05,0.5636363636363636,0.39090909090909093,0.045454545454545456,0.36,0.64,0.0
OAS31203,1,3,CN,CN,0.9633333333333333,CN,0.9606060606060606,CN,0.9700000000000001,True,True,True,0.0033333333333333335,0.9633333333333333,0.0,0.0033333333333333335,0.03,0.0030303030303030303,0.9606060606060606,0.0,0.00909090909090909,0.02727272727272727,0.0,0.9700000000000001,0.01,0.02,,9,3,0,0,0.89,0,0.8848484848484848,0,0.85,True,True,True,0.89,0.10000000000000002,0.01,0.8848484848484848,0.10606060606060608,0.00909090909090909,0.85,0.15,0.0
OAS31221,8,1,AD,AD,0.42,AD,0.42727272727272725,AD,0.52,True,True,True,0.42,0.06,0.11,0.05,0.36,0.42727272727272725,0.05454545454545454,0.1,0.045454545454545456,0.37272727272727274,0.52,0.04,0.44,,,3,1,1,0,0.59,0,0.5909090909090909,0,0.64,False,False,False,0.59,0.34,0.07,0.5909090909090909,0.34545454545454546,0.06363636363636363,0.64,0.35,0.01
OAS31245,8,1,AD,AD,0.63,AD,0.6636363636363637,AD,0.97,True,True,True,0.63,0.0,0.15,0.09,0.13,0.6636363636363637,0.0,0.13636363636363635,0.08181818181818182,0.11818181818181818,0.97,0.0,0.03,,,4,1,1,2,0.45,2,0.4636363636363636,2,0.68,False,False,False,0.17,0.38,0.45,0.15454545454545454,0.38181818181818183,0.4636363636363636,0.04,0.28,0.68
OAS31248,1,4,CN,CN,0.8775,CN,0.8886363636363637,CN,0.955,True,True,True,0.02,0.8775,0.0025,0.015,0.085,0.01818181818181818,0.8886363636363637,0.0022727272727272726,0.013636363636363636,0.07727272727272727,0.0,0.955,0.0175,0.0275,,7,4,0,0,0.89,0,0.8909090909090909,0,0.9299999999999999,True,True,True,0.89,0.09999999999999999,0.01,0.8909090909090909,0.1,0.00909090909090909,0.9299999999999999,0.07,0.0
OAS31274,5,2,CN,CN,0.88,CN,0.8772727272727272,CN,0.9,True,True,True,0.015,0.88,0.01,0.04,0.055,0.01818181818181818,0.8772727272727272,0.00909090909090909,0.03636363636363636,0.05909090909090909,0.07,0.9,0.03,,,7,2,0,0,0.66,0,0.6545454545454545,0,0.655,True,True,True,0.66,0.28500000000000003,0.055,0.6545454545454545,0.29545454545454547,0.05,0.655,0.335,0.01
OAS31284,8,2,CN,CN,0.92,CN,0.9272727272727272,CN,1.0,True,True,True,0.025,0.92,0.005,0.01,0.04,0.022727272727272728,0.9272727272727272,0.004545454545454545,0.00909090909090909,0.03636363636363636,0.0,1.0,0.0,,,0,2,0,0,0.8200000000000001,0,0.8318181818181818,0,0.925,True,True,True,0.8200000000000001,0.16499999999999998,0.015,0.8318181818181818,0.15454545454545454,0.013636363636363636,0.925,0.07500000000000001,0.0
OAS31293,1,5,CN,CN,0.97,CN,0.9690909090909091,CN,0.968,True,True,True,0.002,0.97,0.0,0.008,0.02,0.0018181818181818182,0.9690909090909091,0.0,0.01090909090909091,0.01818181818181818,0.0,0.968,0.022,0.01,,9,5,0,0,0.8620000000000001,0,0.8654545454545456,0,0.9259999999999999,True,True,True,0.8620000000000001,0.13000000000000003,0.008,0.8654545454545456,0.12727272727272726,0.007272727272727273,0.9259999999999999,0.074,0.0
OAS31329,1,3,CN,CN,0.9766666666666666,CN,0.9787878787878789,CN,0.9966666666666667,True,True,True,0.0,0.9766666666666666,0.0,0.006666666666666667,0.016666666666666666,0.0,0.9787878787878789,0.0,0.006060606060606061,0.015151515151515152,0.0,0.9966666666666667,0.0,0.0033333333333333335,,8,3,0,0,0.9633333333333333,0,0.9575757575757576,0,0.9700000000000001,True,True,True,0.9633333333333333,0.02666666666666667,0.01,0.9575757575757576,0.03333333333333333,0.00909090909090909,0.9700000000000001,0.03,0.0
OAS31335,5,4,CN,CN,0.9325000000000001,CN,0.9386363636363637,CN,0.99,True,True,True,0.0125,0.9325000000000001,0.0025,0.025,0.0275,0.011363636363636364,0.9386363636363637,0.0022727272727272726,0.022727272727272728,0.025,0.0,0.99,0.01,,,9,4,0,0,0.845,0,0.8545454545454545,0,0.92,True,True,True,0.845,0.14750000000000002,0.0075,0.8545454545454545,0.13863636363636364,0.006818181818181818,0.92,0.08,0.0
OAS31338,1,1,CN,CN,0.97,CN,0.9727272727272728,CN,1.0,True,True,True,0.0,0.97,0.0,0.02,0.01,0.0,0.9727272727272728,0.0,0.01818181818181818,0.00909090909090909,0.0,1.0,0.0,0.0,,3,1,0,0,0.97,0,0.9636363636363636,0,0.95,True,True,True,0.97,0.02,0.01,0.9636363636363636,0.02727272727272727,0.00909090909090909,0.95,0.05,0.0
OAS31351,7,3,AD,Uncertain,0.4066666666666667,Uncertain,0.4181818181818182,Non-AD,0.48,False,False,False,0.3866666666666667,0.07666666666666667,0.09000000000000001,0.04,0.4066666666666667,0.3757575757575758,0.08787878787878788,0.0818181818181818,0.03636363636363636,0.4181818181818182,0.32666666666666666,0.19333333333333336,0.48,,,4,3,1,0,0.57,0,0.5606060606060607,1,0.6533333333333333,False,False,True,0.57,0.33,0.10000000000000002,0.5606060606060607,0.34545454545454546,0.09393939393939393,0.31,0.6533333333333333,0.036666666666666674
