OASISID,client_id,n_rows,true_label,global_prediction,global_confidence,personalized_prediction,personalized_confidence,local_prediction,local_confidence,global_correct,personalized_correct,local_correct,global_prob_0,global_prob_1,global_prob_2,personalized_prob_0,personalized_prob_1,personalized_prob_2,local_prob_0,local_prob_1,local_prob_2
OAS30006,6,11,0,0,0.8736363636363638,0,0.8834710743801654,0,0.9154545454545455,True,True,True,0.8736363636363638,0.11181818181818183,0.014545454545454545,0.8834710743801654,0.10330578512396695,0.013223140495867768,0.9154545454545455,0.08454545454545456,0.0
OAS30015,2,9,0,0,0.8566666666666667,0,0.8666666666666667,0,0.8988888888888888,True,True,True,0.8566666666666667,0.12333333333333332,0.020000000000000004,0.8666666666666667,0.11515151515151516,0.01818181818181818,0.8988888888888888,0.08444444444444445,0.01666666666666667
OAS30017,5,1,0,0,0.98,0,0.9727272727272728,0,0.98,True,True,True,0.98,0.02,0.0,0.9727272727272728,0.02727272727272727,0.0,0.98,0.02,0.0
OAS30022,3,2,0,1,0.48,1,0.5045454545454545,1,0.585,False,False,False,0.275,0.48,0.245,0.26363636363636367,0.5045454545454545,0.2318181818181818,0.19,0.585,0.225
OAS30027,2,3,0,2,0.43333333333333335,2,0.4575757575757575,2,0.73,False,False,False,0.24,0.3266666666666667,0.43333333333333335,0.24242424242424243,0.30000000000000004,0.4575757575757575,0.10666666666666669,0.16333333333333333,0.73
OAS30040,5,7,0,0,0.7785714285714286,0,0.7571428571428571,0,0.7142857142857143,True,True,True,0.7785714285714286,0.19999999999999996,0.02142857142857143,0.7571428571428571,0.22207792207792207,0.02077922077922078,0.7142857142857143,0.2814285714285714,0.004285714285714286
OAS30042,9,5,0,0,0.7739999999999999,0,0.7727272727272727,0,0.796,True,True,True,0.7739999999999999,0.21600000000000003,0.01,0.7727272727272727,0.21818181818181817,0.00909090909090909,0.796,0.20400000000000001,0.0
OAS30066,6,4,0,0,0.8525,0,0.8454545454545455,0,0.7575,True,True,True,0.8525,0.1275,0.02,0.8454545454545455,0.13181818181818183,0.022727272727272728,0.7575,0.24,0.0025
OAS30071,0,5,0,0,0.5,0,0.5236363636363636,0,0.6559999999999999,True,True,True,0.5,0.37,0.13,0.5236363636363636,0.3563636363636363,0.12,0.6559999999999999,0.29400000000000004,0.05
OAS30091,4,4,2,2,0.5025,2,0.525,2,0.655,True,True,True,0.13,0.36749999999999994,0.5025,0.11818181818181817,0.3568181818181818,0.525,0.05,0.29500000000000004,0.655
OAS30094,4,2,1,0,0.5900000000000001,0,0.5863636363636364,0,0.5700000000000001,False,False,False,0.5900000000000001,0.375,0.035,0.5863636363636364,0.36818181818181817,0.04545454545454545,0.5700000000000001,0.38,0.05
OAS30100,5,1,2,1,0.56,1,0.5363636363636364,0,0.55,False,False,False,0.16,0.56,0.28,0.19090909090909092,0.5363636363636364,0.2727272727272727,0.55,0.19,0.26
OAS30104,0,12,0,0,0.7725,0,0.7795454545454544,0,0.8683333333333333,True,True,True,0.7725,0.20666666666666667,0.02083333333333334,0.7795454545454544,0.20151515151515145,0.01893939393939394,0.8683333333333333,0.13166666666666668,0.0
OAS30108,0,8,0,0,0.8387500000000001,0,0.8238636363636364,0,0.6825,True,True,True,0.8387500000000001,0.14125,0.020000000000000004,0.8238636363636364,0.15795454545454546,0.018181818181818184,0.6825,0.31750000000000006,0.0
OAS30109,2,10,0,0,0.7979999999999999,0,0.800909090909091,0,0.8009999999999999,True,True,True,0.7979999999999999,0.18200000000000002,0.02,0.800909090909091,0.17727272727272728,0.02181818181818182,0.8009999999999999,0.183,0.016
OAS30121,0,12,0,0,0.7575,0,0.7696969696969697,0,0.8208333333333333,True,True,True,0.7575,0.22583333333333333,0.016666666666666666,0.7696969696969697,0.21515151515151518,0.015151515151515152,0.8208333333333333,0.17833333333333334,0.0008333333333333334
OAS30123,7,3,0,1,0.4633333333333334,1,0.47878787878787876,1,0.5833333333333334,False,False,False,0.35000000000000003,0.4633333333333334,0.18666666666666668,0.35151515151515156,0.47878787878787876,0.16969696969696968,0.4166666666666667,0.5833333333333334,0.0
OAS30129,9,6,0,0,0.8333333333333334,0,0.8166666666666668,0,0.685,True,True,True,0.8333333333333334,0.15833333333333333,0.008333333333333333,0.8166666666666668,0.17575757575757578,0.007575757575757576,0.685,0.315,0.0
OAS30137,3,10,0,0,0.937,0,0.9281818181818183,0,0.889,True,True,True,0.937,0.059999999999999984,0.003,0.9281818181818183,0.06909090909090909,0.002727272727272727,0.889,0.10800000000000001,0.003
OAS30138,0,1,0,1,0.5,1,0.5272727272727272,1,0.75,False,False,False,0.11,0.5,0.39,0.10909090909090909,0.5272727272727272,0.36363636363636365,0.2,0.75,0.05
OAS30144,1,1,1,2,0.44,2,0.44545454545454544,2,0.56,False,False,False,0.14,0.42,0.44,0.14545454545454545,0.4090909090909091,0.44545454545454544,0.11,0.33,0.56
OAS30145,3,8,1,1,0.34624999999999995,0,0.34545454545454546,0,0.46624999999999994,True,False,False,0.31875000000000003,0.34624999999999995,0.33499999999999996,0.34545454545454546,0.3386363636363636,0.3159090909090909,0.46624999999999994,0.3525,0.18125
OAS30150,7,4,1,2,0.43,2,0.42272727272727273,1,0.4425,False,False,True,0.2125,0.3575,0.43,0.21363636363636362,0.36363636363636365,0.42272727272727273,0.2575,0.4425,0.3
OAS30152,2,9,0,0,0.4444444444444444,0,0.44545454545454555,1,0.3844444444444444,True,True,False,0.4444444444444444,0.3211111111111111,0.23444444444444448,0.44545454545454555,0.3202020202020202,0.23434343434343438,0.3355555555555555,0.3844444444444444,0.28
OAS30154,2,9,0,0,0.7799999999999999,0,0.7727272727272727,0,0.6522222222222221,True,True,True,0.7799999999999999,0.19222222222222224,0.027777777777777776,0.7727272727272727,0.19797979797979798,0.02929292929292929,0.6522222222222221,0.33333333333333326,0.014444444444444446
OAS30155,0,8,0,0,0.8375,0,0.8465909090909091,0,0.92625,True,True,True,0.8375,0.15125000000000002,0.011250000000000001,0.8465909090909091,0.14318181818181816,0.010227272727272727,0.92625,0.07375000000000001,0.0
OAS30163,9,1,0,0,0.64,0,0.6545454545454545,0,0.75,True,True,True,0.64,0.31,0.05,0.6545454545454545,0.3,0.045454545454545456,0.75,0.18,0.07
OAS30164,4,13,0,0,0.7646153846153846,0,0.7328671328671328,1,0.5515384615384615,True,True,False,0.7646153846153846,0.19538461538461538,0.04,0.7328671328671328,0.2223776223776224,0.044755244755244755,0.41076923076923083,0.5515384615384615,0.03769230769230769
OAS30167,2,8,0,0,0.65125,0,0.6534090909090909,0,0.7212500000000001,True,True,True,0.65125,0.29125,0.057499999999999996,0.6534090909090909,0.28977272727272724,0.05681818181818182,0.7212500000000001,0.24250000000000002,0.03625
OAS30183,4,1,0,0,0.47,1,0.44545454545454544,1,0.63,True,False,False,0.47,0.4,0.13,0.43636363636363634,0.44545454545454544,0.11818181818181818,0.29,0.63,0.08
OAS30191,2,6,0,0,0.7416666666666667,0,0.756060606060606,0,0.8466666666666667,True,True,True,0.7416666666666667,0.22833333333333336,0.03,0.756060606060606,0.21666666666666665,0.02727272727272727,0.8466666666666667,0.14333333333333334,0.01
OAS30227,9,1,0,0,0.93,0,0.9363636363636364,0,0.99,True,True,True,0.93,0.07,0.0,0.9363636363636364,0.06363636363636363,0.0,0.99,0.01,0.0
OAS30235,4,2,0,0,0.825,0,0.8090909090909091,0,0.6,True,True,True,0.825,0.15500000000000003,0.02,0.8090909090909091,0.17272727272727273,0.01818181818181818,0.6,0.39,0.01
OAS30238,1,1,2,2,0.57,2,0.6090909090909091,2,0.92,True,True,True,0.12,0.31,0.57,0.10909090909090909,0.2818181818181818,0.6090909090909091,0.02,0.06,0.92
OAS30248,9,7,0,0,0.5871428571428571,0,0.5805194805194805,1,0.557142857142857,True,True,False,0.5871428571428571,0.33999999999999997,0.07285714285714286,0.5805194805194805,0.3532467532467533,0.06623376623376623,0.4385714285714286,0.557142857142857,0.004285714285714286
OAS30252,0,3,1,1,0.4633333333333333,1,0.46060606060606063,0,0.6066666666666666,True,True,False,0.22,0.4633333333333333,0.3166666666666667,0.2515151515151515,0.46060606060606063,0.2878787878787879,0.6066666666666666,0.3833333333333333,0.01
OAS30259,4,2,1,0,0.56,0,0.5227272727272727,1,0.745,False,False,True,0.56,0.345,0.095,0.5227272727272727,0.3727272727272727,0.10454545454545455,0.215,0.745,0.04
OAS30264,9,7,0,0,0.89,0,0.8844155844155844,0,0.8385714285714286,True,True,True,0.89,0.10571428571428573,0.004285714285714286,0.8844155844155844,0.11038961038961038,0.005194805194805195,0.8385714285714286,0.15857142857142859,0.002857142857142857
OAS30280,8,6,0,0,0.5916666666666667,0,0.609090909090909,0,0.7483333333333332,True,True,True,0.5916666666666667,0.35500000000000004,0.05333333333333334,0.609090909090909,0.34242424242424246,0.048484848484848485,0.7483333333333332,0.25000000000000006,0.0016666666666666668
OAS30293,7,2,0,0,0.905,0,0.9045454545454545,0,0.995,True,True,True,0.905,0.09,0.005,0.9045454545454545,0.09090909090909091,0.004545454545454545,0.995,0.005,0.0
OAS30304,3,5,0,0,0.9019999999999999,0,0.8945454545454545,0,0.866,True,True,True,0.9019999999999999,0.096,0.002,0.8945454545454545,0.10363636363636364,0.0018181818181818182,0.866,0.13399999999999998,0.0
OAS30319,9,2,0,0,0.6799999999999999,0,0.6909090909090909,0,0.715,True,True,True,0.6799999999999999,0.265,0.055,0.6909090909090909,0.2545454545454545,0.05454545454545454,0.715,0.21500000000000002,0.07
OAS30322,7,18,1,0,0.635,0,0.6303030303030304,0,0.6694444444444444,False,False,False,0.635,0.31722222222222224,0.04777777777777778,0.6303030303030304,0.32575757575757575,0.04393939393939393,0.6694444444444444,0.3222222222222222,0.008333333333333333
OAS30325,6,1,1,1,0.41,2,0.4090909090909091,0,0.41,True,False,False,0.21,0.41,0.38,0.20909090909090908,0.38181818181818183,0.4090909090909091,0.41,0.18,0.41
OAS30334,0,2,1,2,0.635,2,0.6272727272727273,2,0.435,False,False,False,0.085,0.28,0.635,0.09090909090909091,0.2818181818181818,0.6272727272727273,0.38,0.185,0.435
OAS30336,7,4,0,0,0.76,0,0.7704545454545454,0,0.835,True,True,True,0.76,0.22249999999999998,0.0175,0.7704545454545454,0.21363636363636362,0.015909090909090907,0.835,0.165,0.0
OAS30342,1,4,2,1,0.4225,1,0.42272727272727273,1,0.4525,False,False,False,0.2175,0.4225,0.36,0.225,0.42272727272727273,0.3522727272727273,0.17250000000000001,0.4525,0.375
OAS30361,4,8,0,0,0.6737499999999998,0,0.6795454545454546,0,0.6400000000000001,True,True,True,0.6737499999999998,0.29875,0.027500000000000004,0.6795454545454546,0.28750000000000003,0.03295454545454546,0.6400000000000001,0.285,0.07500000000000001
OAS30377,3,2,1,0,0.735,0,0.7,0,0.505,False,False,False,0.735,0.2,0.065,0.7,0.2409090909090909,0.0590909090909091,0.505,0.485,0.01
OAS30378,9,3,0,0,0.6666666666666666,0,0.6636363636363636,0,0.5733333333333334,True,True,True,0.6666666666666666,0.29666666666666663,0.03666666666666667,0.6636363636363636,0.303030303030303,0.03333333333333333,0.5733333333333334,0.4266666666666667,0.0
OAS30379,6,6,0,0,0.4383333333333333,0,0.4545454545454546,0,0.4833333333333334,True,True,True,0.4383333333333333,0.4333333333333333,0.12833333333333333,0.4545454545454546,0.41060606060606064,0.13484848484848486,0.4833333333333334,0.24499999999999997,0.27166666666666667
OAS30390,4,3,0,0,0.8533333333333334,0,0.8090909090909091,1,0.5333333333333333,True,True,False,0.8533333333333334,0.12666666666666668,0.02,0.8090909090909091,0.17272727272727273,0.01818181818181818,0.45,0.5333333333333333,0.016666666666666666
OAS30398,1,1,1,1,0.51,1,0.5,2,0.46,True,True,False,0.22,0.51,0.27,0.20909090909090908,0.5,0.2909090909090909,0.23,0.31,0.46
OAS30410,1,1,1,2,0.5,2,0.5,2,0.55,False,False,False,0.13,0.37,0.5,0.14545454545454545,0.35454545454545455,0.5,0.17,0.28,0.55
OAS30433,6,14,1,0,0.6842857142857142,0,0.6746753246753248,0,0.6728571428571429,False,False,False,0.6842857142857142,0.26857142857142857,0.04714285714285714,0.6746753246753248,0.2811688311688311,0.04415584415584416,0.6728571428571429,0.3057142857142857,0.02142857142857143
OAS30434,0,3,0,1,0.43999999999999995,1,0.4454545454545455,1,0.53,False,False,False,0.4233333333333333,0.43999999999999995,0.13666666666666666,0.4242424242424243,0.4454545454545455,0.1303030303030303,0.35000000000000003,0.53,0.12
OAS30436,6,3,2,2,0.4133333333333334,2,0.4333333333333333,2,0.7533333333333334,True,True,True,0.21,0.37666666666666665,0.4133333333333334,0.21212121212121213,0.35454545454545455,0.4333333333333333,0.12,0.12666666666666665,0.7533333333333334
OAS30443,0,5,0,0,0.784,0,0.7836363636363636,0,0.868,True,True,True,0.784,0.19,0.026000000000000002,0.7836363636363636,0.19272727272727275,0.02363636363636364,0.868,0.13199999999999998,0.0
OAS30468,8,3,0,0,0.5466666666666667,0,0.5424242424242424,1,0.5299999999999999,True,True,False,0.5466666666666667,0.3666666666666667,0.08666666666666667,0.5424242424242424,0.37575757575757573,0.08181818181818182,0.44333333333333336,0.5299999999999999,0.02666666666666667
OAS30479,0,3,0,0,0.5666666666666668,0,0.5909090909090909,0,0.6933333333333334,True,True,True,0.5666666666666668,0.3633333333333333,0.06999999999999999,0.5909090909090909,0.34545454545454546,0.06363636363636364,0.6933333333333334,0.3066666666666667,0.0
OAS30482,9,2,0,0,0.955,0,0.9590909090909091,0,0.995,True,True,True,0.955,0.045,0.0,0.9590909090909091,0.04090909090909091,0.0,0.995,0.005,0.0
OAS30492,0,3,0,0,0.9366666666666666,0,0.9363636363636364,0,0.9733333333333333,True,True,True,0.9366666666666666,0.06,0.0033333333333333335,0.9363636363636364,0.0606060606060606,0.0030303030303030303,0.9733333333333333,0.02666666666666667,0.0
OAS30496,9,4,0,0,0.8174999999999999,0,0.8295454545454546,0,0.87,True,True,True,0.8174999999999999,0.1625,0.02,0.8295454545454546,0.15227272727272728,0.01818181818181818,0.87,0.13,0.0
OAS30497,9,2,0,0,0.73,0,0.7227272727272727,0,0.7649999999999999,True,True,True,0.73,0.25,0.02,0.7227272727272727,0.2590909090909091,0.01818181818181818,0.7649999999999999,0.22499999999999998,0.01
OAS30510,2,3,1,2,0.4066666666666667,2,0.4484848484848485,2,0.6666666666666666,False,False,False,0.20333333333333334,0.38999999999999996,0.4066666666666667,0.19090909090909092,0.3606060606060606,0.4484848484848485,0.10666666666666667,0.22666666666666668,0.6666666666666666
OAS30525,0,12,0,0,0.8399999999999999,0,0.8439393939393939,0,0.8925,True,True,True,0.8399999999999999,0.14916666666666667,0.010833333333333334,0.8439393939393939,0.14621212121212118,0.009848484848484848,0.8925,0.10583333333333333,0.0016666666666666668
OAS30527,3,1,1,1,0.52,1,0.5545454545454546,1,0.64,True,True,True,0.33,0.52,0.15,0.3,0.5545454545454546,0.14545454545454545,0.21,0.64,0.15
OAS30532,4,5,0,1,0.40800000000000003,1,0.43454545454545457,1,0.546,False,False,False,0.30199999999999994,0.40800000000000003,0.29000000000000004,0.27454545454545454,0.43454545454545457,0.2909090909090909,0.176,0.546,0.27799999999999997
OAS30543,4,1,0,0,0.49,0,0.4818181818181818,1,0.49,True,True,False,0.49,0.38,0.13,0.4818181818181818,0.39090909090909093,0.12727272727272726,0.28,0.49,0.23
OAS30549,7,4,1,1,0.41000000000000003,1,0.43636363636363634,1,0.6275000000000001,True,True,True,0.2325,0.41000000000000003,0.35750000000000004,0.2318181818181818,0.43636363636363634,0.3318181818181818,0.2325,0.6275000000000001,0.14
OAS30561,6,5,0,0,0.752,0,0.7418181818181818,0,0.644,True,True,True,0.752,0.22599999999999998,0.022000000000000002,0.7418181818181818,0.23454545454545456,0.02363636363636364,0.644,0.32,0.036
OAS30565,2,11,0,0,0.6936363636363636,0,0.7000000000000001,0,0.7209090909090908,True,True,True,0.6936363636363636,0.27636363636363637,0.030000000000000002,0.7000000000000001,0.268595041322314,0.03140495867768595,0.7209090909090908,0.24727272727272726,0.03181818181818182
OAS30567,6,4,0,0,0.8099999999999999,0,0.7931818181818182,0,0.715,True,True,True,0.8099999999999999,0.175,0.015,0.7931818181818182,0.19318181818181818,0.013636363636363636,0.715,0.2825,0.0025
OAS30568,9,4,0,0,0.935,0,0.9386363636363637,0,0.95,True,True,True,0.935,0.0625,0.0025,0.9386363636363637,0.0590909090909091,0.0022727272727272726,0.95,0.049999999999999996,0.0
OAS30574,8,8,0,0,0.8562499999999998,0,0.8613636363636363,0,0.92375,True,True,True,0.8562499999999998,0.13874999999999998,0.005,0.8613636363636363,0.1340909090909091,0.004545454545454545,0.92375,0.07500000000000001,0.00125
OAS30582,1,4,2,2,0.48749999999999993,2,0.5022727272727272,2,0.6525000000000001,True,True,True,0.1875,0.325,0.48749999999999993,0.175,0.32272727272727275,0.5022727272727272,0.16499999999999998,0.1825,0.6525000000000001
OAS30587,6,10,0,0,0.5830000000000001,0,0.5890909090909091,0,0.649,True,True,True,0.5830000000000001,0.273,0.144,0.5890909090909091,0.2636363636363636,0.14727272727272728,0.649,0.192,0.15899999999999997
OAS30605,0,6,1,1,0.4633333333333334,1,0.4424242424242424,0,0.6699999999999999,True,True,False,0.38833333333333336,0.4633333333333334,0.14833333333333334,0.4151515151515151,0.4424242424242424,0.14242424242424243,0.6699999999999999,0.255,0.075
OAS30608,2,13,0,0,0.866923076923077,0,0.8755244755244755,0,0.9023076923076924,True,True,True,0.866923076923077,0.12230769230769231,0.01076923076923077,0.8755244755244755,0.11468531468531469,0.009790209790209791,0.9023076923076924,0.08153846153846155,0.016153846153846154
OAS30621,7,2,0,0,0.885,0,0.8909090909090909,0,0.99,True,True,True,0.885,0.08,0.035,0.8909090909090909,0.07727272727272727,0.031818181818181815,0.99,0.01,0.0
OAS30626,5,2,0,0,0.9,0,0.9045454545454545,0,0.975,True,True,True,0.9,0.1,0.0,0.9045454545454545,0.09545454545454546,0.0,0.975,0.02,0.005
OAS30631,3,1,0,0,0.84,0,0.8454545454545455,0,0.94,True,True,True,0.84,0.14,0.02,0.8454545454545455,0.13636363636363635,0.01818181818181818,0.94,0.06,0.0
OAS30642,5,2,0,0,0.895,0,0.8999999999999999,0,0.99,True,True,True,0.895,0.09,0.015,0.8999999999999999,0.08636363636363636,0.013636363636363636,0.99,0.01,0.0
OAS30654,7,3,1,2,0.4533333333333333,1,0.43030303030303035,1,0.4833333333333334,False,True,True,0.12333333333333335,0.42333333333333334,0.4533333333333333,0.1393939393939394,0.43030303030303035,0.43030303030303035,0.22,0.4833333333333334,0.2966666666666667
OAS30657,0,6,0,0,0.7783333333333333,0,0.7818181818181819,0,0.8116666666666666,True,True,True,0.7783333333333333,0.21166666666666667,0.01,0.7818181818181819,0.2090909090909091,0.00909090909090909,0.8116666666666666,0.18833333333333335,0.0
OAS30671,0,10,0,0,0.765,0,0.7827272727272727,0,0.924,True,True,True,0.765,0.21100000000000002,0.024,0.7827272727272727,0.19545454545454546,0.02181818181818182,0.924,0.075,0.001
OAS30686,6,2,1,1,0.42000000000000004,1,0.40909090909090906,2,0.59,True,True,False,0.325,0.42000000000000004,0.255,0.30454545454545456,0.40909090909090906,0.2863636363636364,0.115,0.295,0.59
OAS30689,9,6,0,0,0.7566666666666667,0,0.756060606060606,0,0.6033333333333334,True,True,True,0.7566666666666667,0.225,0.018333333333333337,0.756060606060606,0.2272727272727272,0.016666666666666666,0.6033333333333334,0.38999999999999996,0.006666666666666667
OAS30691,8,1,0,0,0.73,0,0.7363636363636363,0,0.66,True,True,True,0.73,0.18,0.09,0.7363636363636363,0.17272727272727273,0.09090909090909091,0.66,0.31,0.03
OAS30707,5,5,0,0,0.546,0,0.5654545454545455,0,0.5860000000000001,True,True,True,0.546,0.388,0.066,0.5654545454545455,0.3654545454545454,0.06909090909090909,0.5860000000000001,0.23000000000000004,0.184
OAS30713,8,9,0,0,0.7844444444444444,0,0.7969696969696969,0,0.9111111111111112,True,True,True,0.7844444444444444,0.2011111111111111,0.014444444444444446,0.7969696969696969,0.1898989898989899,0.01313131313131313,0.9111111111111112,0.08000000000000002,0.008888888888888887
OAS30715,6,2,0,0,0.875,0,0.8818181818181818,0,0.9299999999999999,True,True,True,0.875,0.115,0.01,0.8818181818181818,0.10909090909090909,0.00909090909090909,0.9299999999999999,0.07,0.0
OAS30717,0,4,0,0,0.9175,0,0.9000000000000001,0,0.635,True,True,True,0.9175,0.0775,0.005,0.9000000000000001,0.09545454545454546,0.004545454545454545,0.635,0.365,0.0
OAS30719,0,8,0,0,0.6725000000000001,0,0.6636363636363636,0,0.5875,True,True,True,0.6725000000000001,0.28875,0.03875,0.6636363636363636,0.30113636363636365,0.035227272727272725,0.5875,0.41250000000000003,0.0
OAS30721,2,4,0,0,0.8099999999999999,0,0.7909090909090909,0,0.8025000000000001,True,True,True,0.8099999999999999,0.16999999999999998,0.019999999999999997,0.7909090909090909,0.19090909090909092,0.01818181818181818,0.8025000000000001,0.185,0.0125
OAS30730,6,1,0,0,0.89,0,0.9,0,0.82,True,True,True,0.89,0.11,0.0,0.9,0.1,0.0,0.82,0.18,0.0
OAS30732,0,2,1,2,0.43999999999999995,1,0.41818181818181815,1,0.48,False,True,True,0.155,0.405,0.43999999999999995,0.16363636363636364,0.41818181818181815,0.41818181818181815,0.38,0.48,0.14
OAS30750,4,10,0,0,0.8319999999999999,0,0.8290909090909091,0,0.716,True,True,True,0.8319999999999999,0.156,0.012,0.8290909090909091,0.1572727272727273,0.013636363636363636,0.716,0.24699999999999997,0.03699999999999999
OAS30751,0,5,0,0,0.858,0,0.8690909090909091,0,0.9720000000000001,True,True,True,0.858,0.14200000000000002,0.0,0.8690909090909091,0.13090909090909092,0.0,0.9720000000000001,0.028000000000000004,0.0
OAS30755,8,10,0,0,0.813,0,0.8254545454545456,0,0.901,True,True,True,0.813,0.181,0.006,0.8254545454545456,0.1681818181818182,0.006363636363636363,0.901,0.08600000000000001,0.013000000000000001
OAS30757,9,9,0,0,0.7544444444444444,0,0.7545454545454544,0,0.8011111111111111,True,True,True,0.7544444444444444,0.21222222222222223,0.03333333333333334,0.7545454545454544,0.21515151515151515,0.030303030303030307,0.8011111111111111,0.1988888888888889,0.0
OAS30762,0,6,0,0,0.8150000000000001,0,0.8287878787878787,0,0.9666666666666667,True,True,True,0.8150000000000001,0.16833333333333333,0.016666666666666666,0.8287878787878787,0.15606060606060607,0.015151515151515152,0.9666666666666667,0.03333333333333333,0.0
OAS30768,2,8,0,0,0.92,0,0.9181818181818182,0,0.92,True,True,True,0.92,0.07625,0.00375,0.9181818181818182,0.07727272727272727,0.004545454545454545,0.92,0.07,0.01
OAS30797,2,6,0,0,0.7966666666666667,0,0.812121212121212,0,0.8433333333333333,True,True,True,0.7966666666666667,0.18333333333333335,0.02,0.812121212121212,0.16969696969696968,0.01818181818181818,0.8433333333333333,0.13333333333333333,0.023333333333333334
OAS30805,4,17,1,0,0.6635294117647057,0,0.6385026737967914,1,0.5035294117647059,False,False,True,0.6635294117647057,0.24529411764705883,0.09117647058823529,0.6385026737967914,0.2647058823529412,0.09679144385026738,0.3847058823529412,0.5035294117647059,0.11176470588235293
OAS30810,9,7,0,0,0.7,0,0.6922077922077922,0,0.7042857142857143,True,True,True,0.7,0.2671428571428572,0.032857142857142856,0.6922077922077922,0.2779220779220779,0.029870129870129873,0.7042857142857143,0.2957142857142857,0.0
OAS30848,3,4,1,0,0.8400000000000001,0,0.8250000000000001,0,0.6375,False,False,False,0.8400000000000001,0.1575,0.0025,0.8250000000000001,0.1727272727272727,0.0022727272727272726,0.6375,0.345,0.0175
OAS30850,2,1,2,1,0.43,2,0.43636363636363634,2,0.83,False,True,True,0.19,0.43,0.38,0.17272727272727273,0.39090909090909093,0.43636363636363634,0.07,0.1,0.83
OAS30858,6,2,0,0,0.745,0,0.759090909090909,0,0.795,True,True,True,0.745,0.24,0.015,0.759090909090909,0.22727272727272727,0.013636363636363636,0.795,0.2,0.005
OAS30859,2,7,1,1,0.4357142857142858,1,0.42987012987012985,1,0.42857142857142866,True,True,True,0.33142857142857146,0.4357142857142858,0.23285714285714287,0.32727272727272727,0.42987012987012985,0.24285714285714285,0.18857142857142858,0.42857142857142866,0.3828571428571429
OAS30862,0,10,1,1,0.42600000000000005,1,0.4254545454545454,0,0.526,True,True,False,0.357,0.42600000000000005,0.217,0.36636363636363634,0.4254545454545454,0.2081818181818182,0.526,0.363,0.11099999999999999
OAS30865,7,1,1,1,0.55,1,0.5454545454545454,1,0.62,True,True,True,0.23,0.55,0.22,0.2545454545454545,0.5454545454545454,0.2,0.38,0.62,0.0
OAS30876,0,11,0,0,0.8090909090909091,0,0.8049586776859505,0,0.7563636363636362,True,True,True,0.8090909090909091,0.16818181818181818,0.022727272727272728,0.8049586776859505,0.1743801652892562,0.02066115702479339,0.7563636363636362,0.24363636363636365,0.0
OAS30879,3,11,0,0,0.7172727272727272,0,0.7173553719008265,0,0.6318181818181817,True,True,True,0.7172727272727272,0.25909090909090904,0.023636363636363636,0.7173553719008265,0.26033057851239677,0.022314049586776862,0.6318181818181817,0.35454545454545455,0.013636363636363636
OAS30884,0,5,1,0,0.7500000000000001,0,0.7545454545454545,0,0.866,False,False,False,0.7500000000000001,0.21600000000000003,0.034,0.7545454545454545,0.21454545454545454,0.030909090909090907,0.866,0.134,0.0
OAS30890,9,3,0,0,0.6933333333333334,0,0.6757575757575758,0,0.66,True,True,True,0.6933333333333334,0.27,0.03666666666666667,0.6757575757575758,0.28484848484848485,0.03939393939393939,0.66,0.2966666666666667,0.043333333333333335
OAS30902,0,4,1,2,0.41000000000000003,2,0.38863636363636367,0,0.5,False,False,False,0.225,0.365,0.41000000000000003,0.26136363636363635,0.35,0.38863636363636367,0.5,0.3025,0.1975
OAS30906,8,4,0,0,0.745,0,0.7522727272727273,0,0.8525,True,True,True,0.745,0.24250000000000002,0.0125,0.7522727272727273,0.23409090909090907,0.013636363636363636,0.8525,0.1375,0.01
OAS30910,8,6,0,0,0.6716666666666665,0,0.6954545454545454,0,0.805,True,True,True,0.6716666666666665,0.285,0.043333333333333335,0.6954545454545454,0.26515151515151514,0.03939393939393939,0.805,0.19166666666666668,0.0033333333333333335
OAS30918,4,1,1,1,0.58,1,0.6,1,0.66,True,True,True,0.3,0.58,0.12,0.2727272727272727,0.6,0.12727272727272726,0.2,0.66,0.14
OAS30919,9,7,0,0,0.41999999999999993,0,0.4168831168831169,0,0.4928571428571428,True,True,True,0.41999999999999993,0.39428571428571424,0.18571428571428572,0.4168831168831169,0.3883116883116883,0.1948051948051948,0.4928571428571428,0.17714285714285713,0.32999999999999996
OAS30921,3,6,0,1,0.4716666666666667,1,0.4696969696969697,1,0.44999999999999996,False,False,False,0.37166666666666665,0.4716666666666667,0.15666666666666665,0.37878787878787873,0.4696969696969697,0.15151515151515152,0.445,0.44999999999999996,0.10500000000000002
OAS30922,6,2,0,0,0.93,0,0.9363636363636364,0,0.865,True,True,True,0.93,0.07,0.0,0.9363636363636364,0.06363636363636363,0.0,0.865,0.135,0.0
OAS30925,8,1,1,1,0.44,1,0.42727272727272725,0,0.54,True,True,False,0.17,0.44,0.39,0.2,0.42727272727272725,0.37272727272727274,0.54,0.28,0.18
OAS30926,5,6,2,1,0.4633333333333334,1,0.43636363636363634,2,0.4583333333333333,False,False,True,0.3466666666666667,0.4633333333333334,0.19000000000000003,0.353030303030303,0.43636363636363634,0.2106060606060606,0.365,0.17666666666666664,0.4583333333333333
OAS30928,7,1,1,0,0.48,1,0.4909090909090909,1,0.66,False,True,True,0.48,0.45,0.07,0.44545454545454544,0.4909090909090909,0.06363636363636363,0.34,0.66,0.0
OAS30931,0,6,1,1,0.43333333333333335,1,0.40757575757575754,0,0.49,True,True,False,0.305,0.43333333333333335,0.26166666666666666,0.32575757575757575,0.40757575757575754,0.26666666666666666,0.49,0.225,0.285
OAS30950,2,1,0,0,0.62,0,0.6454545454545455,0,0.86,True,True,True,0.62,0.28,0.1,0.6454545454545455,0.2636363636363636,0.09090909090909091,0.86,0.1,0.04
OAS30951,4,3,1,0,0.8766666666666666,0,0.8636363636363636,0,0.7866666666666666,False,False,False,0.8766666666666666,0.12333333333333334,0.0,0.8636363636363636,0.13636363636363635,0.0,0.7866666666666666,0.19666666666666668,0.016666666666666666
OAS30954,5,1,2,2,0.6,2,0.6090909090909091,2,0.77,True,True,True,0.11,0.29,0.6,0.11818181818181818,0.2727272727272727,0.6090909090909091,0.09,0.14,0.77
OAS30959,0,14,0,0,0.8149999999999998,0,0.8051948051948051,0,0.6742857142857143,True,True,True,0.8149999999999998,0.15999999999999998,0.024999999999999998,0.8051948051948051,0.17207792207792208,0.022727272727272728,0.6742857142857143,0.32571428571428573,0.0
OAS30962,3,6,0,0,0.8366666666666668,0,0.8318181818181817,0,0.7733333333333333,True,True,True,0.8366666666666668,0.14166666666666666,0.021666666666666667,0.8318181818181817,0.14848484848484847,0.019696969696969695,0.7733333333333333,0.22499999999999998,0.0016666666666666668
OAS30977,0,9,0,0,0.6844444444444444,0,0.6838383838383838,0,0.6555555555555556,True,True,True,0.6844444444444444,0.2888888888888889,0.02666666666666667,0.6838383838383838,0.2909090909090909,0.025252525252525256,0.6555555555555556,0.33555555555555555,0.008888888888888889
OAS30978,0,7,0,0,0.6571428571428571,0,0.6688311688311688,0,0.8085714285714286,True,True,True,0.6571428571428571,0.30142857142857143,0.04142857142857143,0.6688311688311688,0.29350649350649344,0.03766233766233766,0.8085714285714286,0.1842857142857143,0.0071428571428571435
OAS31002,6,17,0,0,0.6082352941176472,0,0.6181818181818182,0,0.5923529411764706,True,True,True,0.6082352941176472,0.30117647058823527,0.09058823529411764,0.6181818181818182,0.2909090909090909,0.09090909090909091,0.5923529411764706,0.2888235294117647,0.1188235294117647
OAS31007,8,4,0,0,0.6749999999999999,0,0.6931818181818181,0,0.885,True,True,True,0.6749999999999999,0.28,0.045000000000000005,0.6931818181818181,0.2659090909090909,0.04090909090909091,0.885,0.115,0.0
OAS31013,6,5,0,0,0.614,0,0.6163636363636363,0,0.542,True,True,True,0.614,0.308,0.078,0.6163636363636363,0.29636363636363633,0.08727272727272727,0.542,0.37,0.088
OAS31019,6,6,0,0,0.5233333333333334,0,0.5272727272727273,0,0.46666666666666656,True,True,True,0.5233333333333334,0.3583333333333334,0.11833333333333333,0.5272727272727273,0.36060606060606065,0.11212121212121212,0.46666666666666656,0.445,0.08833333333333333
OAS31021,7,6,0,0,0.8333333333333334,0,0.8227272727272728,0,0.745,True,True,True,0.8333333333333334,0.15833333333333335,0.008333333333333333,0.8227272727272728,0.16969696969696968,0.007575757575757576,0.745,0.255,0.0
OAS31036,3,3,0,0,0.47333333333333333,1,0.4696969696969697,1,0.7333333333333334,True,False,False,0.47333333333333333,0.4466666666666667,0.08,0.4575757575757575,0.4696969696969697,0.07272727272727274,0.24,0.7333333333333334,0.02666666666666667
OAS31040,7,2,0,0,0.8500000000000001,0,0.8545454545454545,0,0.955,True,True,True,0.8500000000000001,0.125,0.025,0.8545454545454545,0.12272727272727273,0.022727272727272728,0.955,0.045,0.0
OAS31041,7,2,0,1,0.52,1,0.5318181818181819,1,0.71,False,False,False,0.37,0.52,0.11,0.36818181818181817,0.5318181818181819,0.1,0.29000000000000004,0.71,0.0
OAS31043,0,10,0,1,0.45899999999999996,1,0.43454545454545457,0,0.5820000000000001,False,False,True,0.29800000000000004,0.45899999999999996,0.24300000000000002,0.3363636363636363,0.43454545454545457,0.2290909090909091,0.5820000000000001,0.34900000000000003,0.069
OAS31059,7,6,0,0,0.9199999999999999,0,0.903030303030303,0,0.7799999999999999,True,True,True,0.9199999999999999,0.07833333333333334,0.0016666666666666668,0.903030303030303,0.09545454545454546,0.0015151515151515152,0.7799999999999999,0.22,0.0
OAS31081,7,2,0,0,0.865,0,0.8727272727272728,0,0.98,True,True,True,0.865,0.13,0.005,0.8727272727272728,0.12272727272727273,0.004545454545454545,0.98,0.02,0.0
OAS31103,9,6,0,0,0.8933333333333334,0,0.8999999999999999,0,0.955,True,True,True,0.8933333333333334,0.09833333333333333,0.008333333333333333,0.8999999999999999,0.09242424242424242,0.007575757575757576,0.955,0.045000000000000005,0.0
OAS31104,0,4,0,0,0.855,0,0.8409090909090909,0,0.6625,True,True,True,0.855,0.1275,0.0175,0.8409090909090909,0.1431818181818182,0.015909090909090907,0.6625,0.3375,0.0
OAS31111,1,12,1,1,0.41250000000000003,0,0.4098484848484849,0,0.42166666666666663,True,False,False,0.4033333333333333,0.41250000000000003,0.18416666666666662,0.4098484848484849,0.39166666666666666,0.1984848484848485,0.42166666666666663,0.2291666666666667,0.3491666666666667
OAS31118,8,8,0,0,0.82125,0,0.8238636363636364,0,0.8175000000000001,True,True,True,0.82125,0.13874999999999998,0.04000000000000001,0.8238636363636364,0.13749999999999998,0.038636363636363635,0.8175000000000001,0.15875,0.02375
OAS31134,4,2,1,2,0.51,2,0.5,1,0.485,False,False,True,0.095,0.395,0.51,0.08636363636363636,0.41363636363636364,0.5,0.06,0.485,0.455
OAS31135,1,1,2,2,0.46,2,0.509090909090909,2,0.76,True,True,True,0.19,0.35,0.46,0.17272727272727273,0.3181818181818182,0.509090909090909,0.1,0.14,0.76
OAS31140,2,4,2,1,0.485,1,0.45909090909090905,2,0.67,False,False,True,0.21500000000000002,0.485,0.3,0.2159090909090909,0.45909090909090905,0.32499999999999996,0.1,0.23,0.67
OAS31141,0,3,0,0,0.7766666666666667,0,0.7757575757575758,0,0.71,True,True,True,0.7766666666666667,0.17333333333333334,0.049999999999999996,0.7757575757575758,0.1787878787878788,0.04545454545454545,0.71,0.2833333333333334,0.006666666666666667
OAS31149,4,4,0,0,0.8575,0,0.8636363636363636,0,0.8550000000000001,True,True,True,0.8575,0.1275,0.015000000000000001,0.8636363636363636,0.11818181818181818,0.01818181818181818,0.8550000000000001,0.1325,0.0125
OAS31153,0,6,0,0,0.9033333333333333,0,0.8999999999999999,0,0.8783333333333333,True,True,True,0.9033333333333333,0.09333333333333332,0.0033333333333333335,0.8999999999999999,0.09696969696969697,0.0030303030303030303,0.8783333333333333,0.12166666666666669,0.0
OAS31158,8,3,0,0,0.8366666666666666,0,0.8454545454545453,0,0.9066666666666666,True,True,True,0.8366666666666666,0.15333333333333335,0.01,0.8454545454545453,0.14545454545454545,0.00909090909090909,0.9066666666666666,0.09333333333333334,0.0
OAS31171,1,3,2,2,0.4066666666666667,2,0.4212121212121212,2,0.5066666666666667,True,True,True,0.22,0.37333333333333335,0.4066666666666667,0.21212121212121207,0.3666666666666667,0.4212121212121212,0.26666666666666666,0.22666666666666666,0.5066666666666667
OAS31175,0,4,0,0,0.5625,0,0.5704545454545454,0,0.685,True,True,True,0.5625,0.3675,0.06999999999999999,0.5704545454545454,0.36590909090909085,0.06363636363636364,0.685,0.315,0.0
OAS31177,0,1,0,0,0.72,0,0.7363636363636363,0,0.91,True,True,True,0.72,0.21,0.07,0.7363636363636363,0.2,0.06363636363636363,0.91,0.09,0.0
OAS31188,8,1,0,0,0.61,0,0.6090909090909091,0,0.66,True,True,True,0.61,0.3,0.09,0.6090909090909091,0.3090909090909091,0.08181818181818182,0.66,0.34,0.0
OAS31189,6,4,0,0,0.7475,0,0.7386363636363636,0,0.6799999999999999,True,True,True,0.7475,0.2,0.052500000000000005,0.7386363636363636,0.21363636363636362,0.04772727272727272,0.6799999999999999,0.3075,0.0125
OAS31191,7,1,1,0,0.57,0,0.5636363636363636,1,0.64,False,False,True,0.57,0.38,0.05,0.5636363636363636,0.39090909090909093,0.045454545454545456,0.36,0.64,0.0
OAS31201,5,3,1,0,0.5666666666666667,0,0.5666666666666667,0,0.5533333333333333,False,False,False,0.5666666666666667,0.3733333333333333,0.06,0.5666666666666667,0.3606060606060606,0.07272727272727272,0.5533333333333333,0.20333333333333334,0.24333333333333332
OAS31203,9,3,0,0,0.89,0,0.8848484848484848,0,0.85,True,True,True,0.89,0.10000000000000002,0.01,0.8848484848484848,0.10606060606060608,0.00909090909090909,0.85,0.15,0.0
OAS31208,2,1,0,0,0.87,0,0.8636363636363636,0,0.68,True,True,True,0.87,0.13,0.0,0.8636363636363636,0.13636363636363635,0.0,0.68,0.32,0.0
OAS31221,3,1,1,0,0.59,0,0.5909090909090909,0,0.64,False,False,False,0.59,0.34,0.07,0.5909090909090909,0.34545454545454546,0.06363636363636363,0.64,0.35,0.01
OAS31232,0,1,0,0,0.91,0,0.8636363636363636,0,0.65,True,True,True,0.91,0.09,0.0,0.8636363636363636,0.13636363636363635,0.0,0.65,0.35,0.0
OAS31238,3,1,0,0,0.93,0,0.9181818181818182,0,0.81,True,True,True,0.93,0.06,0.01,0.9181818181818182,0.07272727272727272,0.00909090909090909,0.81,0.19,0.0
OAS31245,4,1,1,2,0.45,2,0.4636363636363636,2,0.68,False,False,False,0.17,0.38,0.45,0.15454545454545454,0.38181818181818183,0.4636363636363636,0.04,0.28,0.68
OAS31248,7,4,0,0,0.89,0,0.8909090909090909,0,0.9299999999999999,True,True,True,0.89,0.09999999999999999,0.01,0.8909090909090909,0.1,0.00909090909090909,0.9299999999999999,0.07,0.0
OAS31252,9,3,0,0,0.8966666666666666,0,0.9060606060606059,0,0.9666666666666667,True,True,True,0.8966666666666666,0.10333333333333335,0.0,0.9060606060606059,0.09393939393939393,0.0,0.9666666666666667,0.03333333333333333,0.0
OAS31255,4,2,0,0,0.76,0,0.7636363636363637,0,0.6599999999999999,True,True,True,0.76,0.21500000000000002,0.025,0.7636363636363637,0.21363636363636362,0.022727272727272728,0.6599999999999999,0.315,0.025
OAS31259,8,2,0,0,0.855,0,0.8681818181818182,0,0.935,True,True,True,0.855,0.14,0.005,0.8681818181818182,0.12727272727272726,0.004545454545454545,0.935,0.065,0.0
OAS31262,4,2,1,1,0.45,1,0.44999999999999996,1,0.5700000000000001,True,True,True,0.25,0.45,0.3,0.25,0.44999999999999996,0.3,0.195,0.5700000000000001,0.235
OAS31269,9,2,0,0,0.875,0,0.8818181818181818,0,0.885,True,True,True,0.875,0.125,0.0,0.8818181818181818,0.11818181818181817,0.0,0.885,0.115,0.0
OAS31274,7,2,0,0,0.66,0,0.6545454545454545,0,0.655,True,True,True,0.66,0.28500000000000003,0.055,0.6545454545454545,0.29545454545454547,0.05,0.655,0.335,0.01
OAS31284,0,2,0,0,0.8200000000000001,0,0.8318181818181818,0,0.925,True,True,True,0.8200000000000001,0.16499999999999998,0.015,0.8318181818181818,0.15454545454545454,0.013636363636363636,0.925,0.07500000000000001,0.0
OAS31293,9,5,0,0,0.8620000000000001,0,0.8654545454545456,0,0.9259999999999999,True,True,True,0.8620000000000001,0.13000000000000003,0.008,0.8654545454545456,0.12727272727272726,0.007272727272727273,0.9259999999999999,0.074,0.0
OAS31297,9,2,0,1,0.45999999999999996,1,0.44545454545454544,0,0.63,False,False,True,0.33999999999999997,0.45999999999999996,0.2,0.3590909090909091,0.44545454545454544,0.19545454545454544,0.63,0.20500000000000002,0.16499999999999998
OAS31309,8,3,1,0,0.5466666666666667,0,0.5575757575757576,0,0.66,False,False,False,0.5466666666666667,0.3866666666666667,0.06666666666666667,0.5575757575757576,0.38181818181818183,0.0606060606060606,0.66,0.3333333333333333,0.006666666666666667
OAS31314,1,2,2,2,0.635,2,0.6454545454545455,2,0.7,True,True,True,0.11499999999999999,0.25,0.635,0.10454545454545455,0.25,0.6454545454545455,0.025,0.275,0.7
OAS31317,0,1,0,0,0.77,0,0.7818181818181819,0,0.98,True,True,True,0.77,0.19,0.04,0.7818181818181819,0.18181818181818182,0.03636363636363636,0.98,0.02,0.0
OAS31320,0,2,0,0,0.8,0,0.8,0,0.8,True,True,True,0.8,0.18,0.02,0.8,0.18181818181818182,0.01818181818181818,0.8,0.2,0.0
OAS31321,8,1,0,0,0.85,0,0.8545454545454545,0,0.83,True,True,True,0.85,0.11,0.04,0.8545454545454545,0.1,0.045454545454545456,0.83,0.13,0.04
OAS31329,8,3,0,0,0.9633333333333333,0,0.9575757575757576,0,0.9700000000000001,True,True,True,0.9633333333333333,0.02666666666666667,0.01,0.9575757575757576,0.03333333333333333,0.00909090909090909,0.9700000000000001,0.03,0.0
OAS31335,9,4,0,0,0.845,0,0.8545454545454545,0,0.92,True,True,True,0.845,0.14750000000000002,0.0075,0.8545454545454545,0.13863636363636364,0.006818181818181818,0.92,0.08,0.0
OAS31338,3,1,0,0,0.97,0,0.9636363636363636,0,0.95,True,True,True,0.97,0.02,0.01,0.9636363636363636,0.02727272727272727,0.00909090909090909,0.95,0.05,0.0
OAS31345,5,1,0,0,0.87,0,0.8818181818181818,0,0.88,True,True,True,0.87,0.11,0.02,0.8818181818181818,0.1,0.01818181818181818,0.88,0.1,0.02
OAS31351,4,3,1,0,0.57,0,0.5606060606060607,1,0.6533333333333333,False,False,True,0.57,0.33,0.10000000000000002,0.5606060606060607,0.34545454545454546,0.09393939393939393,0.31,0.6533333333333333,0.036666666666666674
OAS31358,1,2,2,1,0.41000000000000003,1,0.3909090909090909,2,0.54,False,False,True,0.395,0.41000000000000003,0.195,0.38181818181818183,0.3909090909090909,0.2272727272727273,0.245,0.215,0.54
OAS31361,9,1,0,0,0.81,0,0.8272727272727273,0,0.94,True,True,True,0.81,0.19,0.0,0.8272727272727273,0.17272727272727273,0.0,0.94,0.06,0.0
OAS31362,9,2,0,0,0.8200000000000001,0,0.8272727272727273,0,0.87,True,True,True,0.8200000000000001,0.16,0.02,0.8272727272727273,0.15454545454545454,0.01818181818181818,0.87,0.13,0.0
OAS31372,2,6,0,0,0.8933333333333334,0,0.8803030303030303,0,0.8616666666666667,True,True,True,0.8933333333333334,0.09166666666666667,0.015,0.8803030303030303,0.10606060606060608,0.013636363636363636,0.8616666666666667,0.13333333333333333,0.005
OAS31374,8,3,0,0,0.7666666666666666,0,0.7696969696969697,0,0.8133333333333334,True,True,True,0.7666666666666666,0.20666666666666667,0.02666666666666667,0.7696969696969697,0.20606060606060606,0.024242424242424242,0.8133333333333334,0.17999999999999997,0.006666666666666667
OAS31380,0,3,0,0,0.7666666666666666,0,0.7666666666666666,0,0.8533333333333334,True,True,True,0.7666666666666666,0.22666666666666666,0.006666666666666667,0.7666666666666666,0.2272727272727273,0.006060606060606061,0.8533333333333334,0.14666666666666667,0.0
OAS31383,8,1,0,0,0.88,0,0.8909090909090909,0,0.98,True,True,True,0.88,0.12,0.0,0.8909090909090909,0.10909090909090909,0.0,0.98,0.02,0.0
OAS31398,0,1,0,0,0.9,0,0.9090909090909091,0,0.98,True,True,True,0.9,0.09,0.01,0.9090909090909091,0.08181818181818182,0.00909090909090909,0.98,0.02,0.0
OAS31418,4,1,1,1,0.46,1,0.4727272727272727,1,0.57,True,True,True,0.39,0.46,0.15,0.36363636363636365,0.4727272727272727,0.16363636363636364,0.23,0.57,0.2
OAS31432,1,1,2,2,0.53,2,0.5545454545454546,2,0.68,True,True,True,0.17,0.3,0.53,0.15454545454545454,0.2909090909090909,0.5545454545454546,0.09,0.23,0.68
OAS31437,9,1,0,0,0.87,0,0.8818181818181818,0,0.99,True,True,True,0.87,0.12,0.01,0.8818181818181818,0.10909090909090909,0.00909090909090909,0.99,0.01,0.0
OAS31446,3,1,0,0,0.88,0,0.8818181818181818,0,0.76,True,True,True,0.88,0.11,0.01,0.8818181818181818,0.10909090909090909,0.00909090909090909,0.76,0.24,0.0
OAS31449,0,1,0,0,0.87,0,0.8545454545454545,0,0.71,True,True,True,0.87,0.12,0.01,0.8545454545454545,0.13636363636363635,0.00909090909090909,0.71,0.29,0.0
OAS31457,2,1,0,0,0.72,0,0.7181818181818181,1,0.49,True,True,False,0.72,0.23,0.05,0.7181818181818181,0.23636363636363636,0.045454545454545456,0.47,0.49,0.04
OAS31462,0,3,0,0,0.7566666666666667,0,0.7424242424242425,0,0.68,True,True,True,0.7566666666666667,0.17333333333333334,0.06999999999999999,0.7424242424242425,0.19393939393939394,0.06363636363636364,0.68,0.32,0.0
OAS31470,0,1,0,0,0.8,0,0.8090909090909091,0,0.83,True,True,True,0.8,0.18,0.02,0.8090909090909091,0.17272727272727273,0.01818181818181818,0.83,0.17,0.0
OAS31473,4,1,0,0,0.83,0,0.7727272727272727,1,0.59,True,True,False,0.83,0.15,0.02,0.7727272727272727,0.2,0.02727272727272727,0.39,0.59,0.02
