client_id,task,model_type,modality,mean,std,median,min,max,normalized_contribution,n_explained_samples
0,severity,global,Clinical / Demographic,0.02152941779505372,0.022793283110480685,0.0128999299160025,0.0083884394376744,0.0621391530339532,0.472059170530247,5
0,severity,global,Psychological / Cognitive,0.01965567360626889,0.013985461511706297,0.015263253133321851,0.0054950485043841,0.0561720458371559,0.43097500671477906,5
0,severity,global,MRI,0.00442236448364728,0.0016140155116562075,0.0040690686276917,0.0023325567143393,0.0062122590518074,0.09696582275497385,5
0,severity,personalized,Clinical / Demographic,0.021299578674940763,0.022906063534796215,0.0131720837373783,0.008143844479334,0.0620372998016927,0.4696648450847862,5
0,severity,personalized,Psychological / Cognitive,0.019277790233470832,0.012775024842479703,0.0158286047729275,0.0067923932329985,0.052671047642055,0.42508354281356525,5
0,severity,personalized,MRI,0.004773222897316721,0.002104167042335645,0.0051192216066816,0.0025006298191386,0.0072670475913533,0.10525161210164861,5
1,severity,global,Clinical / Demographic,0.01555956056746816,0.01157292898440071,0.0124542240531271,0.0080639587168155,0.0358775089395326,0.36623900861701353,5
1,severity,global,Psychological / Cognitive,0.020018685156551516,0.008101053715230247,0.0198530588893905,0.0081852409054596,0.0334004515660612,0.4711973306547274,5
1,severity,global,MRI,0.00690647109034684,0.0022701298874644943,0.0066006751319638,0.0038605327368435,0.0098769062628791,0.16256366072825904,5
1,severity,personalized,Clinical / Demographic,0.015123832864445023,0.011066709839955802,0.0124899874370201,0.0076158680410604,0.0344290599757084,0.36147707886703856,5
1,severity,personalized,Psychological / Cognitive,0.019029955091122003,0.008247466729822493,0.01841043190453135,0.0074739841145521,0.0313379942223292,0.45483791304527454,5
1,severity,personalized,MRI,0.0076851936801344,0.003380680549645225,0.008067437606638,0.0031845507978732,0.0110481727709947,0.1836850080876869,5
2,severity,global,Clinical / Demographic,0.018571732439532883,0.01829377424047597,0.0133091890728704,0.0062445653177232,0.0505578984071965,0.4157251292721612,5
2,severity,global,Psychological / Cognitive,0.020199117457874186,0.011404595763018251,0.0152297037060477,0.0068690448580191,0.0360124215864387,0.45215387114254174,5
2,severity,global,MRI,0.0059022553152792605,0.0010407048535246517,0.0059188823558441,0.0042569350440901,0.0068369441657502,0.13212099958529702,5
2,severity,personalized,Clinical / Demographic,0.01740212822400366,0.01786691688336436,0.0117692269060081,0.0059075675560889,0.0487862894094769,0.39331440413229385,5
2,severity,personalized,Psychological / Cognitive,0.020124866421747965,0.011129590818616709,0.0152481446742103,0.0070244601943802,0.0353755310740988,0.4548524032821277,5
2,severity,personalized,MRI,0.00671783351505568,0.0014128918462094683,0.0067071089539919,0.005011086111125,0.0086171571449078,0.15183319258557845,5
3,severity,global,Clinical / Demographic,0.020486440624069516,0.024225823012445802,0.0136437585625788,0.0046330170384899,0.0632292857932212,0.414140508371256,5
3,severity,global,Psychological / Cognitive,0.023646501441547025,0.019488681147588314,0.01365837334526885,0.0040816258724765,0.0564015739869971,0.47802223470182315,5
3,severity,global,MRI,0.0053344251925133,0.0007309573664062898,0.0054149964202941,0.0044224705910016,0.0063247781322868,0.10783725692692085,5
3,severity,personalized,Clinical / Demographic,0.021003124261094956,0.02166060357699868,0.0150039201063029,0.0059277983373952,0.0585287696875906,0.42794309103160316,5
3,severity,personalized,Psychological / Cognitive,0.023218257884733376,0.018783623819848567,0.0150813564015454,0.0041873228026067,0.0540199232980594,0.4730769062756426,5
3,severity,personalized,MRI,0.00485786390640878,0.0006043911628888399,0.0050885506551172,0.0039042144578297,0.0053944556427548,0.0989800026927543,5
4,severity,global,Clinical / Demographic,0.02013779605574122,0.022447786856080728,0.0099083284090209,0.0075505787165041,0.0601135529064597,0.4248404664940926,5
4,severity,global,Psychological / Cognitive,0.02216021260609149,0.014880551973949382,0.016266144619738,0.0042011912479785,0.0460618860475369,0.4675067239295097,5
4,severity,global,MRI,0.00510283387542412,0.001059082120698833,0.0056635326394286,0.0034414339546947,0.0059777182103142,0.10765280957639765,5
4,severity,personalized,Clinical / Demographic,0.019412338385298277,0.022969727961479305,0.009550110995473,0.0061276267912637,0.0603136479244387,0.4183603028014629,5
4,severity,personalized,Psychological / Cognitive,0.02197447884330959,0.01471461464955158,0.01618170958931105,0.0039438404062306,0.0460152752465623,0.47357765150816394,5
4,severity,personalized,MRI,0.0050141874922214795,0.001107442968880618,0.0050694602367881,0.0035436315420588,0.0063774146050442,0.1080620456903731,5
5,severity,global,Clinical / Demographic,0.01909700110389382,0.019745202638298112,0.0114947596390558,0.0068668242705825,0.0540337118584264,0.4451281111195507,5
5,severity,global,Psychological / Cognitive,0.01889568780558506,0.012218682258778252,0.0154536975091706,0.0034547934309773,0.0414830449687069,0.4404357404309846,5
5,severity,global,MRI,0.004909569174969141,0.0030023972008136877,0.0032844457569895,0.0024966971046121,0.0098134579805351,0.1144361484494647,5
5,severity,personalized,Clinical / Demographic,0.02011566026030606,0.01879098528944998,0.0134772928812932,0.0077916210295402,0.0534362724792465,0.4629590005181602,5
5,severity,personalized,Psychological / Cognitive,0.018343314928799415,0.011544585603696504,0.0159502796622596,0.0032786417343843,0.0390584262797453,0.422168730020976,5
5,severity,personalized,MRI,0.0049912228582203,0.0025199823822816495,0.0045849583515023,0.0027739890858143,0.0090626967064793,0.1148722694608637,5
6,severity,global,Clinical / Demographic,0.02103261288111714,0.024296771268212784,0.0104804801065378,0.008166439180476,0.0643160789370913,0.4289230288194908,5
6,severity,global,Psychological / Cognitive,0.023006775495487852,0.017347140952380425,0.0142504084379637,0.003783548360442,0.050549998477382,0.4691825920380154,5
6,severity,global,MRI,0.00499647929178398,0.001630196348971163,0.005071320577443,0.0029979685361849,0.0070872834499572,0.1018943791424938,5
6,severity,personalized,Clinical / Demographic,0.020430641853501498,0.02315695669584176,0.0095965450191121,0.0073812981025884,0.0616346986291874,0.42196029462792,5
6,severity,personalized,Psychological / Cognitive,0.023237591958939017,0.017658233433044738,0.0142781224466762,0.0031155484156743,0.0503301567248324,0.4799330936221569,5
6,severity,personalized,MRI,0.0047501650597022195,0.0015008526752616383,0.0050777384119747,0.0028441070818154,0.0065699223574032,0.09810661174992305,5
7,severity,global,Clinical / Demographic,0.013522601730404898,0.01182316884655349,0.0093768692490804,0.0055736098230122,0.0344756094678867,0.349128285631372,5
7,severity,global,Psychological / Cognitive,0.018785438728787025,0.011175541779588646,0.0160355513589755,0.0035640046307676,0.0371609496896318,0.48500489395232793,5
7,severity,global,MRI,0.0064244320643399395,0.0027421020632132963,0.0067348642500076,0.0035429830562399,0.0103333072659592,0.16586682041630016,5
7,severity,personalized,Clinical / Demographic,0.013203569391962341,0.01224284163521279,0.0087182901787438,0.0042588117975157,0.0346709310243566,0.34161084709160017,5
7,severity,personalized,Psychological / Cognitive,0.01848387088578785,0.010488176523110805,0.015685745727813498,0.0032400042097887,0.0338433554713306,0.47822604656204337,5
7,severity,personalized,MRI,0.006963467632155579,0.0023832454146316753,0.0077865159930656,0.0042992690073698,0.0098814071897596,0.18016310634635632,5
8,severity,global,Clinical / Demographic,0.021729681274141918,0.029840515856113883,0.0090202580180535,0.0066891720177064,0.0750129618693058,0.4330606909689431,5
8,severity,global,Psychological / Cognitive,0.021132088025432285,0.014450291485638657,0.015843973803864098,0.0044762199022426,0.0488856474611967,0.4211509835995796,5
8,severity,global,MRI,0.007315219116352601,0.0020681611278793766,0.0071173904337071,0.0051198414995234,0.0104007510005219,0.14578832543147724,5
8,severity,personalized,Clinical / Demographic,0.021579260571366176,0.028084658580290432,0.0085754149370472,0.0061586907275107,0.0715630563598666,0.4302186500002271,5
8,severity,personalized,Psychological / Cognitive,0.02173954267029614,0.01454287784371709,0.018441049538384498,0.0044904619317272,0.0473168298179054,0.43341414170824,5
8,severity,personalized,MRI,0.00684001849085622,0.0017192185399420427,0.006399831432103,0.0051912242343701,0.0095315302384004,0.13636720829153284,5
9,severity,global,Clinical / Demographic,0.02030105296990068,0.023613722740754746,0.0126126003770571,0.0038177153248369,0.0619602338329624,0.41678244376490514,5
9,severity,global,Psychological / Cognitive,0.02134448595779456,0.016136111737650023,0.0139169686544704,0.0034449442950469,0.0489468973347779,0.43820421687411815,5
9,severity,global,MRI,0.007063453674094659,0.002865572047858707,0.0054993159071368,0.004765623132825,0.0110236830427992,0.14501333936097663,5
9,severity,personalized,Clinical / Demographic,0.0206943434780162,0.022634583833388962,0.0118573818432048,0.0034473869563368,0.0603337162623,0.42923040722974465,5
9,severity,personalized,Psychological / Cognitive,0.02090826036639409,0.015623280261986316,0.01331929742320075,0.0031844229794438,0.048762321369571,0.43366735074570123,5
9,severity,personalized,MRI,0.006610064991373281,0.0026994211405074373,0.0051615176097856,0.004352684747183,0.0106022745557532,0.1371022420245542,5
