sample_id,client_id,task,feature,global_shap_value,personalized_shap_value,difference,explained_class_match
OAS30108__row00054,0,diagnosis,DIGIF,-0.003205848535105117,-0.00291440775918647,0.00029144077591864706,True
OAS30108__row00054,0,diagnosis,DIGIFLEN,0.0038026471550042813,0.0034569519590948007,-0.0003456951959094805,True
OAS30108__row00054,0,diagnosis,DIGIB,0.023663043889682028,0.02151185808152912,-0.002151185808152909,True
OAS30108__row00054,0,diagnosis,DIGIBLEN,0.023618298950564245,0.02147118086414931,-0.002147118086414934,True
OAS30108__row00054,0,diagnosis,LOGIMEM,0.007520493835063499,0.0068368125773304545,-0.0006836812577330443,True
OAS30108__row00054,0,diagnosis,MEMUNITS,0.019097407887935458,0.018410230947074196,-0.0006871769408612616,True
OAS30108__row00054,0,diagnosis,ANIMALS,0.0058877175174019735,0.0008070159249108835,-0.00508070159249109,True
OAS30108__row00054,0,diagnosis,VEG,0.029513796740428203,0.02935597683473271,-0.0001578199056954943,True
OAS30108__row00054,0,diagnosis,TRAILA,0.004538360021843652,0.007581149999290196,0.0030427899774465444,True
OAS30108__row00054,0,diagnosis,TRAILB,-0.002530351571009893,-0.008011275320964703,-0.00548092374995481,True
OAS30108__row00054,0,diagnosis,WAIS,0.026217667111783152,0.02383424282889377,-0.0023834242828893806,True
OAS30108__row00054,0,diagnosis,BOSTON,0.008230785978319551,0.007482532707563228,-0.0007482532707563236,True
OAS30108__row00054,0,diagnosis,lhCortexVol,0.011006393581302457,0.010005812346638599,-0.0010005812346638582,True
OAS30108__row00054,0,diagnosis,IntraCranialVol,0.002544323986642636,0.0023130218060387602,-0.00023130218060387567,True
OAS30108__row00054,0,diagnosis,SupraTentorialVol,0.0040541947268744665,0.0036856315698858785,-0.00036856315698858806,True
OAS30108__row00054,0,diagnosis,LhCorticalWhiteMatterVol,0.002203782848363013,0.0020034389530572856,-0.00020034389530572752,True
OAS30108__row00054,0,diagnosis,SubCortGrayVol,0.01368616016867718,0.012441963789706526,-0.001244196378970653,True
OAS30108__row00054,0,diagnosis,AgeAtEntry,0.006672017756807081,0.0016365662591020062,-0.005035451497705075,True
OAS30108__row00054,0,diagnosis,Homehobb,0.026352122391048727,0.022548160992639482,-0.0038039613984092446,True
OAS30108__row00054,0,diagnosis,Judgment,0.00721904072046126,0.006562764291328418,-0.0006562764291328411,True
OAS30108__row00054,0,diagnosis,Commun,-0.04085003537030952,-0.03472147737627206,0.006128557994037456,True
OAS30108__row00054,0,diagnosis,Memory,0.06802367527238608,0.06335485630822976,-0.0046688189641563155,True
OAS30108__row00054,0,diagnosis,Orient,0.013324505654316228,0.009782184627466963,-0.003542321026849265,True
OAS30108__row00054,0,diagnosis,Perscare,0.003159507097367295,0.0028722791794248137,-0.0002872279179424813,True
OAS30108__row00054,0,diagnosis,MMSE,0.004771854567057247,0.00433804960641568,-0.00043380496064156747,True
OAS30108__row00054,0,diagnosis,APOE,0.004481155447133076,0.004073777679211887,-0.0004073777679211889,True
OAS30108__row00054,0,diagnosis,Sumbox,0.09682177343161515,0.09179053309359775,-0.005031240338017398,True
OAS30108__row00054,0,diagnosis,Height,-0.005082298778903944,-0.004620271617185404,0.00046202716171853987,True
OAS30108__row00054,0,diagnosis,Weight,0.0008692952885907736,0.019869134023039015,0.018999838734448243,True
OAS30781__row00524,5,diagnosis,DIGIF,0.0025709340441938135,0.0022232874500874443,-0.0003476465941063692,True
OAS30781__row00524,5,diagnosis,DIGIFLEN,0.01001308211525992,0.008365118288042733,-0.001647963827217186,True
OAS30781__row00524,5,diagnosis,DIGIB,-0.0024449872454322713,-0.002259890808722151,0.00018509643671012037,True
OAS30781__row00524,5,diagnosis,DIGIBLEN,0.004246308873879429,0.003917703892117513,-0.0003286049817619154,True
OAS30781__row00524,5,diagnosis,LOGIMEM,0.011927383874512776,0.009133972245904023,-0.0027934116286087527,True
OAS30781__row00524,5,diagnosis,MEMUNITS,0.008784887657602599,0.0038745591891228975,-0.0049103284684797015,True
OAS30781__row00524,5,diagnosis,ANIMALS,0.006168758334085398,0.005567706524008983,-0.0006010518100764148,True
OAS30781__row00524,5,diagnosis,VEG,0.014821195212114297,0.013442214302412497,-0.0013789809097018001,True
OAS30781__row00524,5,diagnosis,TRAILA,0.01448485033203437,0.01309524505252848,-0.0013896052795058893,True
OAS30781__row00524,5,diagnosis,TRAILB,-0.00231734229692458,-0.00746536308307498,-0.0051480207861504,True
OAS30781__row00524,5,diagnosis,WAIS,0.012679012683320376,0.011635516583158617,-0.0010434961001617588,True
OAS30781__row00524,5,diagnosis,BOSTON,0.007138816428548024,0.005082052373934019,-0.002056764054614005,True
OAS30781__row00524,5,diagnosis,lhCortexVol,0.008683583474832916,0.007846368640496626,-0.0008372148343362903,True
OAS30781__row00524,5,diagnosis,IntraCranialVol,0.010034985250329847,0.009039516768716498,-0.0009954684816133492,True
OAS30781__row00524,5,diagnosis,SupraTentorialVol,0.010710419839404427,0.010091241905462579,-0.0006191779339418477,True
OAS30781__row00524,5,diagnosis,LhCorticalWhiteMatterVol,0.00820440603463544,0.007458550940577672,-0.0007458550940577678,True
OAS30781__row00524,5,diagnosis,SubCortGrayVol,0.002407409027618819,0.006509565716749396,0.004102156689130577,True
OAS30781__row00524,5,diagnosis,AgeAtEntry,0.004730684427158405,0.0038841185603314472,-0.0008465658668269575,True
OAS30781__row00524,5,diagnosis,Homehobb,0.044619795968118284,0.04145807879480387,-0.003161717173314413,True
OAS30781__row00524,5,diagnosis,Judgment,0.053950962728156235,0.057780471026105,0.003829508297948765,True
OAS30781__row00524,5,diagnosis,Commun,0.01866090102998503,0.02176837322917788,0.0031074721991928497,True
OAS30781__row00524,5,diagnosis,Memory,0.17161215390422907,0.16921107869511953,-0.0024010752091095378,True
OAS30781__row00524,5,diagnosis,Orient,0.049708934556762695,0.04518994050614791,-0.004518994050614782,True
OAS30781__row00524,5,diagnosis,Perscare,0.010815521738321262,0.009832292489382964,-0.0009832292489382975,True
OAS30781__row00524,5,diagnosis,MMSE,0.047273607518025,0.047215602935804825,-5.800458222017524e-05,True
OAS30781__row00524,5,diagnosis,APOE,-0.004740764465782706,-0.0042804904956158536,0.00046027397016685286,True
OAS30781__row00524,5,diagnosis,Sumbox,0.18546149004702653,0.1878166305116793,0.0023551404646527663,True
OAS30781__row00524,5,diagnosis,Height,0.0028727479107606433,0.00267503136842403,-0.00019771654233661324,True
OAS30781__row00524,5,diagnosis,Weight,0.00257293460664852,0.0023390314605895635,-0.0002339031460589563,True
