sample_id,client_id,task,model_type,predicted_class,predicted_probability,modality,absolute_contribution,signed_contribution,normalized_contribution,shap_additivity_error
OAS30108__row00054,0,diagnosis,global,Uncertain,0.58,Clinical / Demographic,0.2776272817759964,0.18576261347756945,0.5920207623137413,1.1102230246251565e-16
OAS30108__row00054,0,diagnosis,global,Uncertain,0.58,Psychological / Cognitive,0.15782641919414106,0.14635401898191103,0.3365538012217141,1.1102230246251565e-16
OAS30108__row00054,0,diagnosis,global,Uncertain,0.58,MRI,0.03349485531185975,0.03349485531185975,0.07142543646454469,1.1102230246251565e-16
OAS30108__row00054,0,diagnosis,global,Uncertain,0.58,UNMAPPED,0.0,0.0,0.0,1.1102230246251565e-16
OAS30108__row00054,0,diagnosis,personalized,Uncertain,0.5727272727272728,Clinical / Demographic,0.2661700550539132,0.18748655706699832,0.5937405289857509,1.1102230246251565e-16
OAS30108__row00054,0,diagnosis,personalized,Uncertain,0.5727272727272728,Psychological / Cognitive,0.15167363580471985,0.1298222696444175,0.3383355228958635,1.1102230246251565e-16
OAS30108__row00054,0,diagnosis,personalized,Uncertain,0.5727272727272728,MRI,0.03044986846532705,0.03044986846532705,0.06792394811838552,1.1102230246251565e-16
OAS30108__row00054,0,diagnosis,personalized,Uncertain,0.5727272727272728,UNMAPPED,0.0,0.0,0.0,1.1102230246251565e-16
OAS30781__row00524,5,diagnosis,global,CN,0.93,Clinical / Demographic,0.5970204989009744,0.5875389699694089,0.8126499659717523,1.1102230246251565e-16
OAS30781__row00524,5,diagnosis,global,CN,0.93,Psychological / Cognitive,0.09759755909790785,0.08807290001319415,0.13284745369018927,1.1102230246251565e-16
OAS30781__row00524,5,diagnosis,global,CN,0.93,MRI,0.04004080362682145,0.04004080362682145,0.0545025803380584,1.1102230246251565e-16
OAS30781__row00524,5,diagnosis,global,CN,0.93,UNMAPPED,0.0,0.0,0.0,1.1102230246251565e-16
OAS30781__row00524,5,diagnosis,personalized,CN,0.9181818181818182,Clinical / Demographic,0.5934511400731822,0.5848901590819504,0.8237125619561991,2.220446049250313e-16
OAS30781__row00524,5,diagnosis,personalized,CN,0.9181818181818182,Psychological / Cognitive,0.08606262979311434,0.06661212200952008,0.1194552752343388,2.220446049250313e-16
OAS30781__row00524,5,diagnosis,personalized,CN,0.9181818181818182,MRI,0.04094524397200277,0.04094524397200277,0.056832162809462156,2.220446049250313e-16
OAS30781__row00524,5,diagnosis,personalized,CN,0.9181818181818182,UNMAPPED,0.0,0.0,0.0,2.220446049250313e-16
