sample_id,client_id,task,model_type,predicted_class,predicted_probability,feature,feature_value,shap_value,abs_shap_value,direction,shap_additivity_error,explained_class
OAS30108__row00054,0,diagnosis,global,Uncertain,0.58,DIGIF,7.0,-0.003205848535105117,0.003205848535105117,away from predicted class,1.1102230246251565e-16,Uncertain
OAS30108__row00054,0,diagnosis,global,Uncertain,0.58,DIGIFLEN,6.0,0.0038026471550042813,0.0038026471550042813,toward predicted class,1.1102230246251565e-16,Uncertain
OAS30108__row00054,0,diagnosis,global,Uncertain,0.58,DIGIB,8.0,0.023663043889682028,0.023663043889682028,toward predicted class,1.1102230246251565e-16,Uncertain
OAS30108__row00054,0,diagnosis,global,Uncertain,0.58,DIGIBLEN,6.0,0.023618298950564245,0.023618298950564245,toward predicted class,1.1102230246251565e-16,Uncertain
OAS30108__row00054,0,diagnosis,global,Uncertain,0.58,LOGIMEM,13.5,0.007520493835063499,0.007520493835063499,toward predicted class,1.1102230246251565e-16,Uncertain
OAS30108__row00054,0,diagnosis,global,Uncertain,0.58,MEMUNITS,14.5,0.019097407887935458,0.019097407887935458,toward predicted class,1.1102230246251565e-16,Uncertain
OAS30108__row00054,0,diagnosis,global,Uncertain,0.58,ANIMALS,18.0,0.0058877175174019735,0.0058877175174019735,toward predicted class,1.1102230246251565e-16,Uncertain
OAS30108__row00054,0,diagnosis,global,Uncertain,0.58,VEG,23.0,0.029513796740428203,0.029513796740428203,toward predicted class,1.1102230246251565e-16,Uncertain
OAS30108__row00054,0,diagnosis,global,Uncertain,0.58,TRAILA,34.0,0.004538360021843652,0.004538360021843652,toward predicted class,1.1102230246251565e-16,Uncertain
OAS30108__row00054,0,diagnosis,global,Uncertain,0.58,TRAILB,152.0,-0.002530351571009893,0.002530351571009893,away from predicted class,1.1102230246251565e-16,Uncertain
OAS30108__row00054,0,diagnosis,global,Uncertain,0.58,WAIS,49.0,0.026217667111783152,0.026217667111783152,toward predicted class,1.1102230246251565e-16,Uncertain
OAS30108__row00054,0,diagnosis,global,Uncertain,0.58,BOSTON,55.5,0.008230785978319551,0.008230785978319551,toward predicted class,1.1102230246251565e-16,Uncertain
OAS30108__row00054,0,diagnosis,global,Uncertain,0.58,lhCortexVol,205160.62199999997,0.011006393581302457,0.011006393581302457,toward predicted class,1.1102230246251565e-16,Uncertain
OAS30108__row00054,0,diagnosis,global,Uncertain,0.58,IntraCranialVol,1510373.8250000002,0.002544323986642636,0.002544323986642636,toward predicted class,1.1102230246251565e-16,Uncertain
OAS30108__row00054,0,diagnosis,global,Uncertain,0.58,SupraTentorialVol,954888.46695,0.0040541947268744665,0.0040541947268744665,toward predicted class,1.1102230246251565e-16,Uncertain
OAS30108__row00054,0,diagnosis,global,Uncertain,0.58,LhCorticalWhiteMatterVol,226986.29235,0.002203782848363013,0.002203782848363013,toward predicted class,1.1102230246251565e-16,Uncertain
OAS30108__row00054,0,diagnosis,global,Uncertain,0.58,SubCortGrayVol,51177.0,0.01368616016867718,0.01368616016867718,toward predicted class,1.1102230246251565e-16,Uncertain
OAS30108__row00054,0,diagnosis,global,Uncertain,0.58,AgeAtEntry,64.8493,0.006672017756807081,0.006672017756807081,toward predicted class,1.1102230246251565e-16,Uncertain
OAS30108__row00054,0,diagnosis,global,Uncertain,0.58,Homehobb,0.0,0.026352122391048727,0.026352122391048727,toward predicted class,1.1102230246251565e-16,Uncertain
OAS30108__row00054,0,diagnosis,global,Uncertain,0.58,Judgment,0.5,0.00721904072046126,0.00721904072046126,toward predicted class,1.1102230246251565e-16,Uncertain
OAS30108__row00054,0,diagnosis,global,Uncertain,0.58,Commun,0.5,-0.04085003537030952,0.04085003537030952,away from predicted class,1.1102230246251565e-16,Uncertain
OAS30108__row00054,0,diagnosis,global,Uncertain,0.58,Memory,0.5,0.06802367527238608,0.06802367527238608,toward predicted class,1.1102230246251565e-16,Uncertain
OAS30108__row00054,0,diagnosis,global,Uncertain,0.58,Orient,0.0,0.013324505654316228,0.013324505654316228,toward predicted class,1.1102230246251565e-16,Uncertain
OAS30108__row00054,0,diagnosis,global,Uncertain,0.58,Perscare,0.0,0.003159507097367295,0.003159507097367295,toward predicted class,1.1102230246251565e-16,Uncertain
OAS30108__row00054,0,diagnosis,global,Uncertain,0.58,MMSE,30.0,0.004771854567057247,0.004771854567057247,toward predicted class,1.1102230246251565e-16,Uncertain
OAS30108__row00054,0,diagnosis,global,Uncertain,0.58,APOE,34.0,0.004481155447133076,0.004481155447133076,toward predicted class,1.1102230246251565e-16,Uncertain
OAS30108__row00054,0,diagnosis,global,Uncertain,0.58,Sumbox,1.5,0.09682177343161515,0.09682177343161515,toward predicted class,1.1102230246251565e-16,Uncertain
OAS30108__row00054,0,diagnosis,global,Uncertain,0.58,Height,62.75,-0.005082298778903944,0.005082298778903944,away from predicted class,1.1102230246251565e-16,Uncertain
OAS30108__row00054,0,diagnosis,global,Uncertain,0.58,Weight,134.0,0.0008692952885907736,0.0008692952885907736,toward predicted class,1.1102230246251565e-16,Uncertain
OAS30108__row00054,0,diagnosis,personalized,Uncertain,0.5727272727272728,DIGIF,7.0,-0.00291440775918647,0.00291440775918647,away from predicted class,1.1102230246251565e-16,Uncertain
OAS30108__row00054,0,diagnosis,personalized,Uncertain,0.5727272727272728,DIGIFLEN,6.0,0.0034569519590948007,0.0034569519590948007,toward predicted class,1.1102230246251565e-16,Uncertain
OAS30108__row00054,0,diagnosis,personalized,Uncertain,0.5727272727272728,DIGIB,8.0,0.02151185808152912,0.02151185808152912,toward predicted class,1.1102230246251565e-16,Uncertain
OAS30108__row00054,0,diagnosis,personalized,Uncertain,0.5727272727272728,DIGIBLEN,6.0,0.02147118086414931,0.02147118086414931,toward predicted class,1.1102230246251565e-16,Uncertain
OAS30108__row00054,0,diagnosis,personalized,Uncertain,0.5727272727272728,LOGIMEM,13.5,0.0068368125773304545,0.0068368125773304545,toward predicted class,1.1102230246251565e-16,Uncertain
OAS30108__row00054,0,diagnosis,personalized,Uncertain,0.5727272727272728,MEMUNITS,14.5,0.018410230947074196,0.018410230947074196,toward predicted class,1.1102230246251565e-16,Uncertain
OAS30108__row00054,0,diagnosis,personalized,Uncertain,0.5727272727272728,ANIMALS,18.0,0.0008070159249108835,0.0008070159249108835,toward predicted class,1.1102230246251565e-16,Uncertain
OAS30108__row00054,0,diagnosis,personalized,Uncertain,0.5727272727272728,VEG,23.0,0.02935597683473271,0.02935597683473271,toward predicted class,1.1102230246251565e-16,Uncertain
OAS30108__row00054,0,diagnosis,personalized,Uncertain,0.5727272727272728,TRAILA,34.0,0.007581149999290196,0.007581149999290196,toward predicted class,1.1102230246251565e-16,Uncertain
OAS30108__row00054,0,diagnosis,personalized,Uncertain,0.5727272727272728,TRAILB,152.0,-0.008011275320964703,0.008011275320964703,away from predicted class,1.1102230246251565e-16,Uncertain
OAS30108__row00054,0,diagnosis,personalized,Uncertain,0.5727272727272728,WAIS,49.0,0.02383424282889377,0.02383424282889377,toward predicted class,1.1102230246251565e-16,Uncertain
OAS30108__row00054,0,diagnosis,personalized,Uncertain,0.5727272727272728,BOSTON,55.5,0.007482532707563228,0.007482532707563228,toward predicted class,1.1102230246251565e-16,Uncertain
OAS30108__row00054,0,diagnosis,personalized,Uncertain,0.5727272727272728,lhCortexVol,205160.62199999997,0.010005812346638599,0.010005812346638599,toward predicted class,1.1102230246251565e-16,Uncertain
OAS30108__row00054,0,diagnosis,personalized,Uncertain,0.5727272727272728,IntraCranialVol,1510373.8250000002,0.0023130218060387602,0.0023130218060387602,toward predicted class,1.1102230246251565e-16,Uncertain
OAS30108__row00054,0,diagnosis,personalized,Uncertain,0.5727272727272728,SupraTentorialVol,954888.46695,0.0036856315698858785,0.0036856315698858785,toward predicted class,1.1102230246251565e-16,Uncertain
OAS30108__row00054,0,diagnosis,personalized,Uncertain,0.5727272727272728,LhCorticalWhiteMatterVol,226986.29235,0.0020034389530572856,0.0020034389530572856,toward predicted class,1.1102230246251565e-16,Uncertain
OAS30108__row00054,0,diagnosis,personalized,Uncertain,0.5727272727272728,SubCortGrayVol,51177.0,0.012441963789706526,0.012441963789706526,toward predicted class,1.1102230246251565e-16,Uncertain
OAS30108__row00054,0,diagnosis,personalized,Uncertain,0.5727272727272728,AgeAtEntry,64.8493,0.0016365662591020062,0.0016365662591020062,toward predicted class,1.1102230246251565e-16,Uncertain
OAS30108__row00054,0,diagnosis,personalized,Uncertain,0.5727272727272728,Homehobb,0.0,0.022548160992639482,0.022548160992639482,toward predicted class,1.1102230246251565e-16,Uncertain
OAS30108__row00054,0,diagnosis,personalized,Uncertain,0.5727272727272728,Judgment,0.5,0.006562764291328418,0.006562764291328418,toward predicted class,1.1102230246251565e-16,Uncertain
OAS30108__row00054,0,diagnosis,personalized,Uncertain,0.5727272727272728,Commun,0.5,-0.03472147737627206,0.03472147737627206,away from predicted class,1.1102230246251565e-16,Uncertain
OAS30108__row00054,0,diagnosis,personalized,Uncertain,0.5727272727272728,Memory,0.5,0.06335485630822976,0.06335485630822976,toward predicted class,1.1102230246251565e-16,Uncertain
OAS30108__row00054,0,diagnosis,personalized,Uncertain,0.5727272727272728,Orient,0.0,0.009782184627466963,0.009782184627466963,toward predicted class,1.1102230246251565e-16,Uncertain
OAS30108__row00054,0,diagnosis,personalized,Uncertain,0.5727272727272728,Perscare,0.0,0.0028722791794248137,0.0028722791794248137,toward predicted class,1.1102230246251565e-16,Uncertain
OAS30108__row00054,0,diagnosis,personalized,Uncertain,0.5727272727272728,MMSE,30.0,0.00433804960641568,0.00433804960641568,toward predicted class,1.1102230246251565e-16,Uncertain
OAS30108__row00054,0,diagnosis,personalized,Uncertain,0.5727272727272728,APOE,34.0,0.004073777679211887,0.004073777679211887,toward predicted class,1.1102230246251565e-16,Uncertain
OAS30108__row00054,0,diagnosis,personalized,Uncertain,0.5727272727272728,Sumbox,1.5,0.09179053309359775,0.09179053309359775,toward predicted class,1.1102230246251565e-16,Uncertain
OAS30108__row00054,0,diagnosis,personalized,Uncertain,0.5727272727272728,Height,62.75,-0.004620271617185404,0.004620271617185404,away from predicted class,1.1102230246251565e-16,Uncertain
OAS30108__row00054,0,diagnosis,personalized,Uncertain,0.5727272727272728,Weight,134.0,0.019869134023039015,0.019869134023039015,toward predicted class,1.1102230246251565e-16,Uncertain
OAS30781__row00524,5,diagnosis,global,CN,0.93,DIGIF,11.0,0.0025709340441938135,0.0025709340441938135,toward predicted class,1.1102230246251565e-16,CN
OAS30781__row00524,5,diagnosis,global,CN,0.93,DIGIFLEN,8.0,0.01001308211525992,0.01001308211525992,toward predicted class,1.1102230246251565e-16,CN
OAS30781__row00524,5,diagnosis,global,CN,0.93,DIGIB,9.0,-0.0024449872454322713,0.0024449872454322713,away from predicted class,1.1102230246251565e-16,CN
OAS30781__row00524,5,diagnosis,global,CN,0.93,DIGIBLEN,6.0,0.004246308873879429,0.004246308873879429,toward predicted class,1.1102230246251565e-16,CN
OAS30781__row00524,5,diagnosis,global,CN,0.93,LOGIMEM,13.5,0.011927383874512776,0.011927383874512776,toward predicted class,1.1102230246251565e-16,CN
OAS30781__row00524,5,diagnosis,global,CN,0.93,MEMUNITS,11.5,0.008784887657602599,0.008784887657602599,toward predicted class,1.1102230246251565e-16,CN
OAS30781__row00524,5,diagnosis,global,CN,0.93,ANIMALS,23.0,0.006168758334085398,0.006168758334085398,toward predicted class,1.1102230246251565e-16,CN
OAS30781__row00524,5,diagnosis,global,CN,0.93,VEG,12.0,0.014821195212114297,0.014821195212114297,toward predicted class,1.1102230246251565e-16,CN
OAS30781__row00524,5,diagnosis,global,CN,0.93,TRAILA,32.0,0.01448485033203437,0.01448485033203437,toward predicted class,1.1102230246251565e-16,CN
OAS30781__row00524,5,diagnosis,global,CN,0.93,TRAILB,114.0,-0.00231734229692458,0.00231734229692458,away from predicted class,1.1102230246251565e-16,CN
OAS30781__row00524,5,diagnosis,global,CN,0.93,WAIS,47.0,0.012679012683320376,0.012679012683320376,toward predicted class,1.1102230246251565e-16,CN
OAS30781__row00524,5,diagnosis,global,CN,0.93,BOSTON,59.0,0.007138816428548024,0.007138816428548024,toward predicted class,1.1102230246251565e-16,CN
OAS30781__row00524,5,diagnosis,global,CN,0.93,lhCortexVol,221591.10465,0.008683583474832916,0.008683583474832916,toward predicted class,1.1102230246251565e-16,CN
OAS30781__row00524,5,diagnosis,global,CN,0.93,IntraCranialVol,1722776.6745,0.010034985250329847,0.010034985250329847,toward predicted class,1.1102230246251565e-16,CN
OAS30781__row00524,5,diagnosis,global,CN,0.93,SupraTentorialVol,1031455.1144999999,0.010710419839404427,0.010710419839404427,toward predicted class,1.1102230246251565e-16,CN
OAS30781__row00524,5,diagnosis,global,CN,0.93,LhCorticalWhiteMatterVol,239570.46015,0.00820440603463544,0.00820440603463544,toward predicted class,1.1102230246251565e-16,CN
OAS30781__row00524,5,diagnosis,global,CN,0.93,SubCortGrayVol,55979.0,0.002407409027618819,0.002407409027618819,toward predicted class,1.1102230246251565e-16,CN
OAS30781__row00524,5,diagnosis,global,CN,0.93,AgeAtEntry,73.3479,0.004730684427158405,0.004730684427158405,toward predicted class,1.1102230246251565e-16,CN
OAS30781__row00524,5,diagnosis,global,CN,0.93,Homehobb,0.0,0.044619795968118284,0.044619795968118284,toward predicted class,1.1102230246251565e-16,CN
OAS30781__row00524,5,diagnosis,global,CN,0.93,Judgment,0.0,0.053950962728156235,0.053950962728156235,toward predicted class,1.1102230246251565e-16,CN
OAS30781__row00524,5,diagnosis,global,CN,0.93,Commun,0.0,0.01866090102998503,0.01866090102998503,toward predicted class,1.1102230246251565e-16,CN
OAS30781__row00524,5,diagnosis,global,CN,0.93,Memory,0.0,0.17161215390422907,0.17161215390422907,toward predicted class,1.1102230246251565e-16,CN
OAS30781__row00524,5,diagnosis,global,CN,0.93,Orient,0.0,0.049708934556762695,0.049708934556762695,toward predicted class,1.1102230246251565e-16,CN
OAS30781__row00524,5,diagnosis,global,CN,0.93,Perscare,0.0,0.010815521738321262,0.010815521738321262,toward predicted class,1.1102230246251565e-16,CN
OAS30781__row00524,5,diagnosis,global,CN,0.93,MMSE,30.0,0.047273607518025,0.047273607518025,toward predicted class,1.1102230246251565e-16,CN
OAS30781__row00524,5,diagnosis,global,CN,0.93,APOE,23.0,-0.004740764465782706,0.004740764465782706,away from predicted class,1.1102230246251565e-16,CN
OAS30781__row00524,5,diagnosis,global,CN,0.93,Sumbox,0.0,0.18546149004702653,0.18546149004702653,toward predicted class,1.1102230246251565e-16,CN
OAS30781__row00524,5,diagnosis,global,CN,0.93,Height,72.0,0.0028727479107606433,0.0028727479107606433,toward predicted class,1.1102230246251565e-16,CN
OAS30781__row00524,5,diagnosis,global,CN,0.93,Weight,195.0,0.00257293460664852,0.00257293460664852,toward predicted class,1.1102230246251565e-16,CN
OAS30781__row00524,5,diagnosis,personalized,CN,0.9181818181818182,DIGIF,11.0,0.0022232874500874443,0.0022232874500874443,toward predicted class,2.220446049250313e-16,CN
OAS30781__row00524,5,diagnosis,personalized,CN,0.9181818181818182,DIGIFLEN,8.0,0.008365118288042733,0.008365118288042733,toward predicted class,2.220446049250313e-16,CN
OAS30781__row00524,5,diagnosis,personalized,CN,0.9181818181818182,DIGIB,9.0,-0.002259890808722151,0.002259890808722151,away from predicted class,2.220446049250313e-16,CN
OAS30781__row00524,5,diagnosis,personalized,CN,0.9181818181818182,DIGIBLEN,6.0,0.003917703892117513,0.003917703892117513,toward predicted class,2.220446049250313e-16,CN
OAS30781__row00524,5,diagnosis,personalized,CN,0.9181818181818182,LOGIMEM,13.5,0.009133972245904023,0.009133972245904023,toward predicted class,2.220446049250313e-16,CN
OAS30781__row00524,5,diagnosis,personalized,CN,0.9181818181818182,MEMUNITS,11.5,0.0038745591891228975,0.0038745591891228975,toward predicted class,2.220446049250313e-16,CN
OAS30781__row00524,5,diagnosis,personalized,CN,0.9181818181818182,ANIMALS,23.0,0.005567706524008983,0.005567706524008983,toward predicted class,2.220446049250313e-16,CN
OAS30781__row00524,5,diagnosis,personalized,CN,0.9181818181818182,VEG,12.0,0.013442214302412497,0.013442214302412497,toward predicted class,2.220446049250313e-16,CN
OAS30781__row00524,5,diagnosis,personalized,CN,0.9181818181818182,TRAILA,32.0,0.01309524505252848,0.01309524505252848,toward predicted class,2.220446049250313e-16,CN
OAS30781__row00524,5,diagnosis,personalized,CN,0.9181818181818182,TRAILB,114.0,-0.00746536308307498,0.00746536308307498,away from predicted class,2.220446049250313e-16,CN
OAS30781__row00524,5,diagnosis,personalized,CN,0.9181818181818182,WAIS,47.0,0.011635516583158617,0.011635516583158617,toward predicted class,2.220446049250313e-16,CN
OAS30781__row00524,5,diagnosis,personalized,CN,0.9181818181818182,BOSTON,59.0,0.005082052373934019,0.005082052373934019,toward predicted class,2.220446049250313e-16,CN
OAS30781__row00524,5,diagnosis,personalized,CN,0.9181818181818182,lhCortexVol,221591.10465,0.007846368640496626,0.007846368640496626,toward predicted class,2.220446049250313e-16,CN
OAS30781__row00524,5,diagnosis,personalized,CN,0.9181818181818182,IntraCranialVol,1722776.6745,0.009039516768716498,0.009039516768716498,toward predicted class,2.220446049250313e-16,CN
OAS30781__row00524,5,diagnosis,personalized,CN,0.9181818181818182,SupraTentorialVol,1031455.1144999999,0.010091241905462579,0.010091241905462579,toward predicted class,2.220446049250313e-16,CN
OAS30781__row00524,5,diagnosis,personalized,CN,0.9181818181818182,LhCorticalWhiteMatterVol,239570.46015,0.007458550940577672,0.007458550940577672,toward predicted class,2.220446049250313e-16,CN
OAS30781__row00524,5,diagnosis,personalized,CN,0.9181818181818182,SubCortGrayVol,55979.0,0.006509565716749396,0.006509565716749396,toward predicted class,2.220446049250313e-16,CN
OAS30781__row00524,5,diagnosis,personalized,CN,0.9181818181818182,AgeAtEntry,73.3479,0.0038841185603314472,0.0038841185603314472,toward predicted class,2.220446049250313e-16,CN
OAS30781__row00524,5,diagnosis,personalized,CN,0.9181818181818182,Homehobb,0.0,0.04145807879480387,0.04145807879480387,toward predicted class,2.220446049250313e-16,CN
OAS30781__row00524,5,diagnosis,personalized,CN,0.9181818181818182,Judgment,0.0,0.057780471026105,0.057780471026105,toward predicted class,2.220446049250313e-16,CN
OAS30781__row00524,5,diagnosis,personalized,CN,0.9181818181818182,Commun,0.0,0.02176837322917788,0.02176837322917788,toward predicted class,2.220446049250313e-16,CN
OAS30781__row00524,5,diagnosis,personalized,CN,0.9181818181818182,Memory,0.0,0.16921107869511953,0.16921107869511953,toward predicted class,2.220446049250313e-16,CN
OAS30781__row00524,5,diagnosis,personalized,CN,0.9181818181818182,Orient,0.0,0.04518994050614791,0.04518994050614791,toward predicted class,2.220446049250313e-16,CN
OAS30781__row00524,5,diagnosis,personalized,CN,0.9181818181818182,Perscare,0.0,0.009832292489382964,0.009832292489382964,toward predicted class,2.220446049250313e-16,CN
OAS30781__row00524,5,diagnosis,personalized,CN,0.9181818181818182,MMSE,30.0,0.047215602935804825,0.047215602935804825,toward predicted class,2.220446049250313e-16,CN
OAS30781__row00524,5,diagnosis,personalized,CN,0.9181818181818182,APOE,23.0,-0.0042804904956158536,0.0042804904956158536,away from predicted class,2.220446049250313e-16,CN
OAS30781__row00524,5,diagnosis,personalized,CN,0.9181818181818182,Sumbox,0.0,0.1878166305116793,0.1878166305116793,toward predicted class,2.220446049250313e-16,CN
OAS30781__row00524,5,diagnosis,personalized,CN,0.9181818181818182,Height,72.0,0.00267503136842403,0.00267503136842403,toward predicted class,2.220446049250313e-16,CN
OAS30781__row00524,5,diagnosis,personalized,CN,0.9181818181818182,Weight,195.0,0.0023390314605895635,0.0023390314605895635,toward predicted class,2.220446049250313e-16,CN
