sample_id,client_id,task,model_type,predicted_class,modality,rank,feature,feature_value,shap_value,abs_shap_value
OAS30108__row00054,0,diagnosis,global,Uncertain,Clinical / Demographic,1,Sumbox,1.5,0.09682177343161515,0.09682177343161515
OAS30108__row00054,0,diagnosis,global,Uncertain,Clinical / Demographic,2,Memory,0.5,0.06802367527238608,0.06802367527238608
OAS30108__row00054,0,diagnosis,global,Uncertain,Clinical / Demographic,3,Commun,0.5,-0.04085003537030952,0.04085003537030952
OAS30108__row00054,0,diagnosis,global,Uncertain,Clinical / Demographic,4,Homehobb,0.0,0.026352122391048727,0.026352122391048727
OAS30108__row00054,0,diagnosis,global,Uncertain,Clinical / Demographic,5,Orient,0.0,0.013324505654316228,0.013324505654316228
OAS30108__row00054,0,diagnosis,global,Uncertain,Psychological / Cognitive,1,VEG,23.0,0.029513796740428203,0.029513796740428203
OAS30108__row00054,0,diagnosis,global,Uncertain,Psychological / Cognitive,2,WAIS,49.0,0.026217667111783152,0.026217667111783152
OAS30108__row00054,0,diagnosis,global,Uncertain,Psychological / Cognitive,3,DIGIB,8.0,0.023663043889682028,0.023663043889682028
OAS30108__row00054,0,diagnosis,global,Uncertain,Psychological / Cognitive,4,DIGIBLEN,6.0,0.023618298950564245,0.023618298950564245
OAS30108__row00054,0,diagnosis,global,Uncertain,Psychological / Cognitive,5,MEMUNITS,14.5,0.019097407887935458,0.019097407887935458
OAS30108__row00054,0,diagnosis,global,Uncertain,MRI,1,SubCortGrayVol,51177.0,0.01368616016867718,0.01368616016867718
OAS30108__row00054,0,diagnosis,global,Uncertain,MRI,2,lhCortexVol,205160.62199999997,0.011006393581302457,0.011006393581302457
OAS30108__row00054,0,diagnosis,global,Uncertain,MRI,3,SupraTentorialVol,954888.46695,0.0040541947268744665,0.0040541947268744665
OAS30108__row00054,0,diagnosis,global,Uncertain,MRI,4,IntraCranialVol,1510373.8250000002,0.002544323986642636,0.002544323986642636
OAS30108__row00054,0,diagnosis,global,Uncertain,MRI,5,LhCorticalWhiteMatterVol,226986.29235,0.002203782848363013,0.002203782848363013
OAS30108__row00054,0,diagnosis,personalized,Uncertain,Clinical / Demographic,1,Sumbox,1.5,0.09179053309359775,0.09179053309359775
OAS30108__row00054,0,diagnosis,personalized,Uncertain,Clinical / Demographic,2,Memory,0.5,0.06335485630822976,0.06335485630822976
OAS30108__row00054,0,diagnosis,personalized,Uncertain,Clinical / Demographic,3,Commun,0.5,-0.03472147737627206,0.03472147737627206
OAS30108__row00054,0,diagnosis,personalized,Uncertain,Clinical / Demographic,4,Homehobb,0.0,0.022548160992639482,0.022548160992639482
OAS30108__row00054,0,diagnosis,personalized,Uncertain,Clinical / Demographic,5,Weight,134.0,0.019869134023039015,0.019869134023039015
OAS30108__row00054,0,diagnosis,personalized,Uncertain,Psychological / Cognitive,1,VEG,23.0,0.02935597683473271,0.02935597683473271
OAS30108__row00054,0,diagnosis,personalized,Uncertain,Psychological / Cognitive,2,WAIS,49.0,0.02383424282889377,0.02383424282889377
OAS30108__row00054,0,diagnosis,personalized,Uncertain,Psychological / Cognitive,3,DIGIB,8.0,0.02151185808152912,0.02151185808152912
OAS30108__row00054,0,diagnosis,personalized,Uncertain,Psychological / Cognitive,4,DIGIBLEN,6.0,0.02147118086414931,0.02147118086414931
OAS30108__row00054,0,diagnosis,personalized,Uncertain,Psychological / Cognitive,5,MEMUNITS,14.5,0.018410230947074196,0.018410230947074196
OAS30108__row00054,0,diagnosis,personalized,Uncertain,MRI,1,SubCortGrayVol,51177.0,0.012441963789706526,0.012441963789706526
OAS30108__row00054,0,diagnosis,personalized,Uncertain,MRI,2,lhCortexVol,205160.62199999997,0.010005812346638599,0.010005812346638599
OAS30108__row00054,0,diagnosis,personalized,Uncertain,MRI,3,SupraTentorialVol,954888.46695,0.0036856315698858785,0.0036856315698858785
OAS30108__row00054,0,diagnosis,personalized,Uncertain,MRI,4,IntraCranialVol,1510373.8250000002,0.0023130218060387602,0.0023130218060387602
OAS30108__row00054,0,diagnosis,personalized,Uncertain,MRI,5,LhCorticalWhiteMatterVol,226986.29235,0.0020034389530572856,0.0020034389530572856
OAS30781__row00524,5,diagnosis,global,CN,Clinical / Demographic,1,Sumbox,0.0,0.18546149004702653,0.18546149004702653
OAS30781__row00524,5,diagnosis,global,CN,Clinical / Demographic,2,Memory,0.0,0.17161215390422907,0.17161215390422907
OAS30781__row00524,5,diagnosis,global,CN,Clinical / Demographic,3,Judgment,0.0,0.053950962728156235,0.053950962728156235
OAS30781__row00524,5,diagnosis,global,CN,Clinical / Demographic,4,Orient,0.0,0.049708934556762695,0.049708934556762695
OAS30781__row00524,5,diagnosis,global,CN,Clinical / Demographic,5,MMSE,30.0,0.047273607518025,0.047273607518025
OAS30781__row00524,5,diagnosis,global,CN,Psychological / Cognitive,1,VEG,12.0,0.014821195212114297,0.014821195212114297
OAS30781__row00524,5,diagnosis,global,CN,Psychological / Cognitive,2,TRAILA,32.0,0.01448485033203437,0.01448485033203437
OAS30781__row00524,5,diagnosis,global,CN,Psychological / Cognitive,3,WAIS,47.0,0.012679012683320376,0.012679012683320376
OAS30781__row00524,5,diagnosis,global,CN,Psychological / Cognitive,4,LOGIMEM,13.5,0.011927383874512776,0.011927383874512776
OAS30781__row00524,5,diagnosis,global,CN,Psychological / Cognitive,5,DIGIFLEN,8.0,0.01001308211525992,0.01001308211525992
OAS30781__row00524,5,diagnosis,global,CN,MRI,1,SupraTentorialVol,1031455.1144999999,0.010710419839404427,0.010710419839404427
OAS30781__row00524,5,diagnosis,global,CN,MRI,2,IntraCranialVol,1722776.6745,0.010034985250329847,0.010034985250329847
OAS30781__row00524,5,diagnosis,global,CN,MRI,3,lhCortexVol,221591.10465,0.008683583474832916,0.008683583474832916
OAS30781__row00524,5,diagnosis,global,CN,MRI,4,LhCorticalWhiteMatterVol,239570.46015,0.00820440603463544,0.00820440603463544
OAS30781__row00524,5,diagnosis,global,CN,MRI,5,SubCortGrayVol,55979.0,0.002407409027618819,0.002407409027618819
OAS30781__row00524,5,diagnosis,personalized,CN,Clinical / Demographic,1,Sumbox,0.0,0.1878166305116793,0.1878166305116793
OAS30781__row00524,5,diagnosis,personalized,CN,Clinical / Demographic,2,Memory,0.0,0.16921107869511953,0.16921107869511953
OAS30781__row00524,5,diagnosis,personalized,CN,Clinical / Demographic,3,Judgment,0.0,0.057780471026105,0.057780471026105
OAS30781__row00524,5,diagnosis,personalized,CN,Clinical / Demographic,4,MMSE,30.0,0.047215602935804825,0.047215602935804825
OAS30781__row00524,5,diagnosis,personalized,CN,Clinical / Demographic,5,Orient,0.0,0.04518994050614791,0.04518994050614791
OAS30781__row00524,5,diagnosis,personalized,CN,Psychological / Cognitive,1,VEG,12.0,0.013442214302412497,0.013442214302412497
OAS30781__row00524,5,diagnosis,personalized,CN,Psychological / Cognitive,2,TRAILA,32.0,0.01309524505252848,0.01309524505252848
OAS30781__row00524,5,diagnosis,personalized,CN,Psychological / Cognitive,3,WAIS,47.0,0.011635516583158617,0.011635516583158617
OAS30781__row00524,5,diagnosis,personalized,CN,Psychological / Cognitive,4,LOGIMEM,13.5,0.009133972245904023,0.009133972245904023
OAS30781__row00524,5,diagnosis,personalized,CN,Psychological / Cognitive,5,DIGIFLEN,8.0,0.008365118288042733,0.008365118288042733
OAS30781__row00524,5,diagnosis,personalized,CN,MRI,1,SupraTentorialVol,1031455.1144999999,0.010091241905462579,0.010091241905462579
OAS30781__row00524,5,diagnosis,personalized,CN,MRI,2,IntraCranialVol,1722776.6745,0.009039516768716498,0.009039516768716498
OAS30781__row00524,5,diagnosis,personalized,CN,MRI,3,lhCortexVol,221591.10465,0.007846368640496626,0.007846368640496626
OAS30781__row00524,5,diagnosis,personalized,CN,MRI,4,LhCorticalWhiteMatterVol,239570.46015,0.007458550940577672,0.007458550940577672
OAS30781__row00524,5,diagnosis,personalized,CN,MRI,5,SubCortGrayVol,55979.0,0.006509565716749396,0.006509565716749396
