client_id,model,accuracy,balanced_accuracy,macro_precision,macro_recall,macro_f1,weighted_f1,auc_macro_ovr,n_test
0,global,0.8326180257510729,0.7146245059288537,0.64906179388938,0.7146245059288537,0.6574103237998854,0.8221617534824528,0.827718373405962,233
1,global,0.696969696969697,0.7196581196581197,0.6825396825396827,0.7196581196581197,0.691358024691358,0.7003367003367004,0.8473578890245556,33
2,global,0.8583333333333333,0.6393835259814641,0.7694444444444445,0.6393835259814641,0.6349935929578249,0.8620368822775643,0.9343526454901404,120
3,global,0.746031746031746,0.5425170068027211,0.4758503401360544,0.5425170068027211,0.4945372088229231,0.745069745069745,0.8205117462025143,63
4,global,0.6704545454545454,0.5860660356096462,0.5885668276972625,0.5860660356096462,0.5537707390648566,0.6112702248731661,0.7945252843003557,88
5,global,0.6551724137931034,0.513888888888889,0.7142857142857143,0.513888888888889,0.5063492063492063,0.6004926108374384,0.8398205659075225,29
6,global,0.7474747474747475,0.5694281365514242,0.6301874163319946,0.5694281365514242,0.5893550893550893,0.7184784912057639,0.8123245559561503,99
7,global,0.6865671641791045,0.7557915057915059,0.6348187759952465,0.7557915057915059,0.6094738594738595,0.6492201828022724,0.9192225192225192,67
8,global,0.8831168831168831,0.5480072463768115,0.41291291291291293,0.3653381642512077,0.372960372960373,0.8585959495050404,,77
9,global,0.9428571428571428,0.47596153846153844,0.33,0.3173076923076923,0.3235294117647059,0.961344537815126,,105
