client_id,personalization_gain_accuracy,personalization_gain_balanced_accuracy,personalization_gain_macro_f1,personalization_gain_auc_macro_ovr
0,-0.0042918454935622075,-0.01910408432147559,-0.01913453442862545,0.0035061925208486056
1,0.0,-0.0034188034188034067,-0.010991724325057572,-0.000983584316917474
2,0.008333333333333415,0.0009111735915861008,0.008180780547530686,0.00020517852484103205
3,-0.031746031746031744,-0.03458049886621317,-0.03710575139146577,0.007942859683556014
4,0.011363636363636354,0.01645255803470813,0.02692307692307705,0.0067772014351992205
5,0.0,0.0,0.0,0.012715665976535506
6,0.0,0.0,-0.02037496553625573,0.00812746360691563
7,0.02985074626865669,0.023809523809523725,0.05980938508272404,0.006981156981157088
8,0.0,0.0,0.0,
9,0.0,0.0,0.0,
