experiment,setting,x,accuracy,std
learning_curve,5% of train data,0.05,0.8836376655925529,0.006411978920307538
learning_curve,10% of train data,0.1,0.9225205871822414,0.0031196592783088893
learning_curve,25% of train data,0.25,0.9589688506981741,0.0022802267566188307
learning_curve,50% of train data,0.5,0.9792337987826709,0.0006640614747938127
learning_curve,100% of train data,1.0,0.9888292158968851,0.0
client_sweep,1 clients,1.0,0.9889008234872897,0.0002679310695863587
client_sweep,2 clients,2.0,0.9834586466165414,0.0005262061746043697
client_sweep,5 clients,5.0,0.9656283566058002,0.00046407022544987987
client_sweep,10 clients,10.0,0.9453634085213033,0.0011678844561618129
client_sweep,20 clients,20.0,0.912638739706409,0.0007088789786331288
duplicates,test rows also in train,,0.0,
