class,precision,recall,f1,support,fold
AD,0.8802816901408451,0.8012820512820513,0.8389261744966443,156,0
CN,0.9947534102833159,0.9968454258675079,0.9957983193277311,951,0
Non-AD,0.0,0.0,0.0,17,0
Others,0.0,0.0,0.0,8,0
Uncertain,0.6238532110091743,0.9066666666666666,0.7391304347826086,75,0
AD,0.815068493150685,0.8439716312056738,0.8292682926829268,141,1
CN,0.9884696016771488,0.9989406779661016,0.9936775553213909,944,1
Non-AD,0.0,0.0,0.0,14,1
Others,0.0,0.0,0.0,14,1
Uncertain,0.69,0.7340425531914894,0.711340206185567,94,1
AD,0.8709677419354839,0.8709677419354839,0.8709677419354839,155,2
CN,0.9989528795811519,1.0,0.9994761655316919,954,2
Non-AD,0.0,0.0,0.0,16,2
Others,0.0,0.0,0.0,4,2
Uncertain,0.6739130434782609,0.8051948051948052,0.7337278106508875,77,2
AD,0.8512820512820513,0.8512820512820513,0.8512820512820513,195,3
CN,0.9933333333333333,1.0,0.9966555183946488,894,3
Non-AD,0.0,0.0,0.0,18,3
Others,0.0,0.0,0.0,8,3
Uncertain,0.6513761467889908,0.7802197802197802,0.71,91,3
AD,0.8478260869565217,0.8571428571428571,0.8524590163934426,182,4
CN,0.9967105263157895,0.9967105263157895,0.9967105263157895,912,4
Non-AD,0.0,0.0,0.0,14,4
Others,0.0,0.0,0.0,11,4
Uncertain,0.6666666666666666,0.7816091954022989,0.7195767195767195,87,4
