round,accuracy,global_tree_count,method
1,0.924404272801972,100,roundwise_federated_tree_pooling_no_global_reuse
2,0.9309778142974527,100,roundwise_federated_tree_pooling_no_global_reuse
3,0.934264585045193,100,roundwise_federated_tree_pooling_no_global_reuse
4,0.932621199671323,100,roundwise_federated_tree_pooling_no_global_reuse
5,0.9334428923582581,100,roundwise_federated_tree_pooling_no_global_reuse
6,0.9334428923582581,100,roundwise_federated_tree_pooling_no_global_reuse
7,0.934264585045193,100,roundwise_federated_tree_pooling_no_global_reuse
8,0.9285127362366475,100,roundwise_federated_tree_pooling_no_global_reuse
9,0.9317995069843878,100,roundwise_federated_tree_pooling_no_global_reuse
10,0.9350862777321282,100,roundwise_federated_tree_pooling_no_global_reuse
11,0.9317995069843878,100,roundwise_federated_tree_pooling_no_global_reuse
12,0.9285127362366475,100,roundwise_federated_tree_pooling_no_global_reuse
13,0.9252259654889071,100,roundwise_federated_tree_pooling_no_global_reuse
14,0.9334428923582581,100,roundwise_federated_tree_pooling_no_global_reuse
15,0.9317995069843878,100,roundwise_federated_tree_pooling_no_global_reuse
16,0.9309778142974527,100,roundwise_federated_tree_pooling_no_global_reuse
17,0.9317995069843878,100,roundwise_federated_tree_pooling_no_global_reuse
18,0.9268693508627773,100,roundwise_federated_tree_pooling_no_global_reuse
19,0.9317995069843878,100,roundwise_federated_tree_pooling_no_global_reuse
20,0.9359079704190633,100,roundwise_federated_tree_pooling_no_global_reuse
21,0.9359079704190633,100,roundwise_federated_tree_pooling_no_global_reuse
22,0.9293344289235825,100,roundwise_federated_tree_pooling_no_global_reuse
23,0.9317995069843878,100,roundwise_federated_tree_pooling_no_global_reuse
24,0.9309778142974527,100,roundwise_federated_tree_pooling_no_global_reuse
25,0.9334428923582581,100,roundwise_federated_tree_pooling_no_global_reuse
26,0.9350862777321282,100,roundwise_federated_tree_pooling_no_global_reuse
27,0.9367296631059984,100,roundwise_federated_tree_pooling_no_global_reuse
28,0.9293344289235825,100,roundwise_federated_tree_pooling_no_global_reuse
29,0.934264585045193,100,roundwise_federated_tree_pooling_no_global_reuse
30,0.9317995069843878,100,roundwise_federated_tree_pooling_no_global_reuse
31,0.9383730484798686,100,roundwise_federated_tree_pooling_no_global_reuse
32,0.9309778142974527,100,roundwise_federated_tree_pooling_no_global_reuse
33,0.9334428923582581,100,roundwise_federated_tree_pooling_no_global_reuse
34,0.9375513557929335,100,roundwise_federated_tree_pooling_no_global_reuse
35,0.9359079704190633,100,roundwise_federated_tree_pooling_no_global_reuse
36,0.932621199671323,100,roundwise_federated_tree_pooling_no_global_reuse
37,0.9334428923582581,100,roundwise_federated_tree_pooling_no_global_reuse
38,0.934264585045193,100,roundwise_federated_tree_pooling_no_global_reuse
39,0.9350862777321282,100,roundwise_federated_tree_pooling_no_global_reuse
40,0.9301561216105176,100,roundwise_federated_tree_pooling_no_global_reuse
41,0.9285127362366475,100,roundwise_federated_tree_pooling_no_global_reuse
42,0.9293344289235825,100,roundwise_federated_tree_pooling_no_global_reuse
43,0.9285127362366475,100,roundwise_federated_tree_pooling_no_global_reuse
44,0.9293344289235825,100,roundwise_federated_tree_pooling_no_global_reuse
45,0.9334428923582581,100,roundwise_federated_tree_pooling_no_global_reuse
46,0.9285127362366475,100,roundwise_federated_tree_pooling_no_global_reuse
47,0.9309778142974527,100,roundwise_federated_tree_pooling_no_global_reuse
48,0.934264585045193,100,roundwise_federated_tree_pooling_no_global_reuse
49,0.934264585045193,100,roundwise_federated_tree_pooling_no_global_reuse
50,0.9367296631059984,100,roundwise_federated_tree_pooling_no_global_reuse
