OASISID,severity_true,severity_pred_centralized,severity_prob_c0,severity_prob_c1,severity_prob_c2,severity_pred_federated,severity_fed_prob_c0,severity_fed_prob_c1,severity_fed_prob_c2
OAS30011,0,0,0.58,0.36,0.06,0,0.44,0.43,0.13
OAS30011,0,1,0.46,0.53,0.01,1,0.34,0.56,0.1
OAS30011,0,0,0.46,0.44,0.1,1,0.38,0.47,0.15
OAS30011,0,1,0.39,0.5,0.11,1,0.28,0.49,0.23
OAS30028,0,0,0.63,0.36,0.01,1,0.45,0.53,0.02
OAS30028,0,0,0.62,0.37,0.01,0,0.55,0.4,0.05
OAS30028,0,0,0.92,0.08,0.0,0,0.72,0.28,0.0
OAS30028,0,0,0.92,0.08,0.0,0,0.78,0.21,0.01
OAS30028,0,0,0.9,0.1,0.0,0,0.79,0.21,0.0
OAS30028,0,0,0.82,0.17,0.01,0,0.77,0.23,0.0
OAS30028,0,0,0.78,0.22,0.0,0,0.73,0.24,0.03
OAS30028,0,0,0.93,0.07,0.0,0,0.93,0.07,0.0
OAS30028,0,0,0.96,0.04,0.0,0,0.88,0.12,0.0
OAS30034,0,0,0.58,0.4,0.02,0,0.5,0.48,0.02
OAS30036,0,0,0.9,0.1,0.0,0,0.88,0.12,0.0
OAS30036,0,0,0.91,0.09,0.0,0,0.94,0.06,0.0
OAS30036,0,0,0.77,0.23,0.0,0,0.71,0.28,0.01
OAS30036,0,0,0.96,0.04,0.0,0,0.94,0.06,0.0
OAS30036,0,0,0.88,0.11,0.01,0,0.89,0.11,0.0
OAS30036,0,0,0.91,0.07,0.02,0,0.9,0.1,0.0
OAS30036,0,0,0.82,0.18,0.0,0,0.84,0.13,0.03
OAS30036,0,0,0.91,0.09,0.0,0,0.93,0.06,0.01
OAS30037,0,0,0.93,0.07,0.0,0,0.88,0.11,0.01
OAS30037,0,0,0.92,0.08,0.0,0,0.88,0.12,0.0
OAS30037,0,0,0.85,0.15,0.0,0,0.87,0.13,0.0
OAS30050,0,0,0.75,0.25,0.0,0,0.65,0.31,0.04
OAS30050,0,0,0.6,0.37,0.03,0,0.6,0.38,0.02
OAS30050,0,0,0.8,0.19,0.01,0,0.61,0.3,0.09
OAS30050,0,0,0.7,0.3,0.0,0,0.67,0.3,0.03
OAS30050,0,0,0.59,0.41,0.0,1,0.39,0.58,0.03
OAS30051,1,0,0.92,0.07,0.01,0,0.92,0.07,0.01
OAS30051,1,0,0.87,0.11,0.02,0,0.71,0.26,0.03
OAS30051,1,0,0.92,0.08,0.0,0,0.91,0.09,0.0
OAS30051,1,0,0.93,0.06,0.01,0,0.79,0.21,0.0
OAS30057,0,1,0.21,0.42,0.37,1,0.12,0.47,0.41
OAS30057,1,2,0.06,0.38,0.56,2,0.03,0.24,0.73
OAS30057,1,2,0.08,0.3,0.62,2,0.05,0.26,0.69
OAS30057,1,2,0.04,0.14,0.82,2,0.01,0.17,0.82
OAS30058,0,0,0.98,0.02,0.0,0,0.97,0.03,0.0
OAS30058,0,0,0.99,0.01,0.0,0,0.96,0.04,0.0
OAS30058,1,0,0.97,0.03,0.0,0,0.99,0.01,0.0
OAS30058,1,0,0.96,0.04,0.0,0,0.88,0.12,0.0
OAS30058,0,0,0.99,0.01,0.0,0,0.92,0.08,0.0
OAS30058,1,0,0.94,0.06,0.0,0,0.83,0.17,0.0
OAS30058,0,0,0.93,0.07,0.0,0,0.91,0.09,0.0
OAS30058,0,0,0.88,0.12,0.0,0,0.84,0.16,0.0
OAS30058,0,0,0.92,0.08,0.0,0,0.91,0.09,0.0
OAS30058,0,0,0.95,0.05,0.0,0,0.9,0.1,0.0
OAS30058,0,0,0.95,0.05,0.0,0,0.89,0.1,0.01
OAS30058,1,0,0.94,0.06,0.0,0,0.86,0.14,0.0
OAS30058,0,0,0.9,0.1,0.0,0,0.75,0.24,0.01
OAS30058,0,0,0.67,0.3,0.03,0,0.68,0.26,0.06
OAS30060,0,0,0.53,0.42,0.05,1,0.27,0.62,0.11
OAS30060,0,1,0.36,0.46,0.18,1,0.29,0.53,0.18
OAS30060,0,0,0.88,0.12,0.0,0,0.88,0.1,0.02
OAS30060,0,0,0.73,0.26,0.01,0,0.58,0.41,0.01
OAS30060,0,0,0.54,0.45,0.01,0,0.56,0.34,0.1
OAS30060,0,0,0.7,0.3,0.0,0,0.71,0.24,0.05
OAS30060,0,0,0.73,0.26,0.01,0,0.66,0.3,0.04
OAS30060,0,0,0.68,0.3,0.02,0,0.56,0.34,0.1
OAS30060,0,0,0.57,0.38,0.05,1,0.41,0.45,0.14
OAS30060,0,0,0.51,0.38,0.11,0,0.42,0.41,0.17
OAS30060,0,1,0.48,0.5,0.02,1,0.42,0.54,0.04
OAS30063,2,2,0.02,0.06,0.92,2,0.03,0.09,0.88
OAS30065,0,0,0.63,0.28,0.09,0,0.55,0.31,0.14
OAS30065,0,0,0.89,0.11,0.0,0,0.81,0.18,0.01
OAS30065,0,0,0.77,0.21,0.02,0,0.69,0.3,0.01
OAS30065,0,0,0.93,0.07,0.0,0,0.86,0.11,0.03
OAS30065,0,0,0.84,0.15,0.01,0,0.65,0.3,0.05
OAS30065,0,0,0.83,0.15,0.02,0,0.79,0.17,0.04
OAS30065,0,0,0.88,0.12,0.0,0,0.78,0.21,0.01
OAS30065,0,0,0.81,0.19,0.0,0,0.75,0.21,0.04
OAS30065,0,0,0.79,0.19,0.02,0,0.78,0.14,0.08
OAS30067,0,0,0.93,0.07,0.0,0,0.82,0.18,0.0
OAS30073,0,0,0.85,0.14,0.01,0,0.76,0.2,0.04
OAS30073,0,0,0.64,0.34,0.02,0,0.62,0.34,0.04
OAS30073,0,0,0.52,0.4,0.08,0,0.53,0.34,0.13
OAS30073,0,0,0.71,0.28,0.01,0,0.62,0.36,0.02
OAS30073,0,0,0.54,0.42,0.04,0,0.56,0.38,0.06
OAS30073,0,0,0.95,0.05,0.0,0,0.89,0.11,0.0
OAS30073,0,0,0.71,0.24,0.05,0,0.66,0.32,0.02
OAS30073,0,0,0.73,0.24,0.03,0,0.62,0.35,0.03
OAS30073,0,0,0.65,0.34,0.01,0,0.61,0.35,0.04
OAS30075,0,0,0.77,0.22,0.01,0,0.74,0.21,0.05
OAS30075,0,0,0.57,0.42,0.01,0,0.62,0.35,0.03
OAS30080,0,0,0.97,0.03,0.0,0,0.88,0.12,0.0
OAS30080,0,0,0.96,0.04,0.0,0,0.92,0.06,0.02
OAS30080,0,0,0.89,0.09,0.02,0,0.86,0.12,0.02
OAS30080,0,0,1.0,0.0,0.0,0,0.94,0.05,0.01
OAS30080,0,0,0.88,0.12,0.0,0,0.9,0.1,0.0
OAS30080,0,0,0.8,0.18,0.02,0,0.79,0.18,0.03
OAS30087,1,2,0.03,0.28,0.69,2,0.04,0.28,0.68
OAS30087,1,2,0.03,0.33,0.64,2,0.02,0.24,0.74
OAS30089,0,1,0.25,0.42,0.33,1,0.2,0.42,0.38
OAS30092,0,0,0.96,0.04,0.0,0,0.95,0.05,0.0
OAS30097,0,0,0.86,0.14,0.0,0,0.71,0.28,0.01
OAS30097,0,0,0.94,0.06,0.0,0,0.84,0.15,0.01
OAS30097,0,0,0.87,0.13,0.0,0,0.8,0.19,0.01
OAS30097,0,0,0.7,0.29,0.01,0,0.52,0.47,0.01
OAS30112,0,0,0.95,0.03,0.02,0,0.93,0.07,0.0
OAS30112,0,0,0.99,0.01,0.0,0,0.93,0.07,0.0
OAS30118,1,1,0.21,0.49,0.3,1,0.15,0.45,0.4
OAS30118,0,1,0.32,0.55,0.13,1,0.29,0.49,0.22
OAS30118,0,1,0.22,0.52,0.26,1,0.14,0.47,0.39
OAS30120,1,2,0.06,0.27,0.67,2,0.01,0.19,0.8
OAS30120,1,2,0.09,0.41,0.5,1,0.07,0.54,0.39
OAS30124,1,2,0.0,0.02,0.98,2,0.01,0.05,0.94
OAS30124,2,2,0.0,0.01,0.99,2,0.01,0.07,0.92
OAS30135,0,0,0.95,0.04,0.01,0,0.81,0.17,0.02
OAS30135,0,0,0.86,0.14,0.0,0,0.81,0.19,0.0
OAS30135,0,0,0.98,0.01,0.01,0,0.86,0.13,0.01
OAS30135,0,0,0.9,0.1,0.0,0,0.92,0.08,0.0
OAS30135,0,0,0.97,0.03,0.0,0,0.89,0.11,0.0
OAS30135,0,0,0.99,0.01,0.0,0,0.84,0.12,0.04
OAS30135,0,0,0.93,0.07,0.0,0,0.83,0.14,0.03
OAS30135,0,0,0.97,0.03,0.0,0,0.88,0.12,0.0
OAS30140,0,0,0.8,0.17,0.03,0,0.7,0.25,0.05
OAS30140,0,0,0.69,0.28,0.03,0,0.6,0.38,0.02
OAS30140,0,1,0.44,0.51,0.05,0,0.51,0.46,0.03
OAS30153,0,1,0.43,0.48,0.09,1,0.29,0.54,0.17
OAS30153,0,1,0.09,0.47,0.44,2,0.09,0.35,0.56
OAS30153,1,2,0.05,0.17,0.78,2,0.07,0.16,0.77
OAS30153,1,2,0.07,0.08,0.85,2,0.05,0.14,0.81
OAS30153,1,2,0.07,0.45,0.48,2,0.04,0.36,0.6
OAS30153,1,1,0.11,0.47,0.42,1,0.11,0.45,0.44
OAS30160,0,0,0.9,0.1,0.0,0,0.91,0.09,0.0
OAS30160,0,0,0.94,0.06,0.0,0,0.88,0.12,0.0
OAS30160,0,0,0.94,0.06,0.0,0,0.86,0.12,0.02
OAS30160,0,0,0.9,0.1,0.0,0,0.86,0.14,0.0
OAS30160,0,0,0.9,0.1,0.0,0,0.86,0.12,0.02
OAS30160,0,0,0.92,0.08,0.0,0,0.92,0.08,0.0
OAS30160,0,0,0.88,0.12,0.0,0,0.91,0.09,0.0
OAS30160,0,0,0.81,0.19,0.0,0,0.83,0.16,0.01
OAS30160,0,0,0.91,0.09,0.0,0,0.88,0.12,0.0
OAS30160,0,0,0.77,0.23,0.0,0,0.8,0.2,0.0
OAS30160,0,0,0.83,0.17,0.0,0,0.69,0.31,0.0
OAS30170,2,2,0.03,0.48,0.49,2,0.1,0.29,0.61
OAS30180,0,0,0.6,0.37,0.03,1,0.36,0.57,0.07
OAS30180,0,0,0.88,0.11,0.01,0,0.73,0.26,0.01
OAS30185,1,0,0.58,0.4,0.02,0,0.55,0.38,0.07
OAS30185,0,0,0.88,0.12,0.0,0,0.78,0.17,0.05
OAS30185,1,0,0.57,0.37,0.06,0,0.46,0.43,0.11
OAS30185,1,0,0.79,0.21,0.0,0,0.57,0.38,0.05
OAS30185,1,0,0.86,0.14,0.0,0,0.79,0.2,0.01
OAS30185,0,0,0.88,0.12,0.0,0,0.78,0.22,0.0
OAS30185,0,0,0.79,0.13,0.08,0,0.66,0.22,0.12
OAS30185,1,0,0.87,0.13,0.0,0,0.69,0.29,0.02
OAS30185,0,0,0.88,0.11,0.01,0,0.79,0.17,0.04
OAS30185,0,0,0.68,0.3,0.02,0,0.62,0.34,0.04
OAS30185,0,0,0.56,0.42,0.02,0,0.47,0.47,0.06
OAS30185,0,1,0.32,0.48,0.2,1,0.17,0.59,0.24
OAS30185,0,0,0.58,0.39,0.03,0,0.5,0.4,0.1
OAS30185,0,0,0.48,0.46,0.06,1,0.29,0.6,0.11
OAS30188,0,0,0.86,0.14,0.0,0,0.82,0.18,0.0
OAS30188,0,0,0.83,0.17,0.0,0,0.76,0.24,0.0
OAS30192,0,0,0.89,0.11,0.0,0,0.84,0.16,0.0
OAS30206,1,0,0.81,0.17,0.02,0,0.64,0.32,0.04
OAS30206,1,0,0.73,0.26,0.01,0,0.68,0.32,0.0
OAS30206,1,0,0.85,0.15,0.0,0,0.7,0.29,0.01
OAS30206,1,0,0.87,0.13,0.0,0,0.78,0.22,0.0
OAS30206,1,0,0.78,0.21,0.01,0,0.78,0.21,0.01
OAS30206,1,0,0.9,0.1,0.0,0,0.82,0.18,0.0
OAS30206,1,0,0.76,0.22,0.02,0,0.65,0.35,0.0
OAS30206,0,0,0.86,0.13,0.01,0,0.8,0.2,0.0
OAS30206,0,0,0.88,0.11,0.01,0,0.65,0.33,0.02
OAS30206,0,0,0.85,0.15,0.0,0,0.79,0.21,0.0
OAS30206,0,0,0.84,0.15,0.01,0,0.72,0.28,0.0
OAS30206,0,0,0.5,0.5,0.0,1,0.37,0.61,0.02
OAS30206,0,0,0.69,0.28,0.03,0,0.55,0.44,0.01
OAS30206,0,0,0.58,0.36,0.06,0,0.45,0.44,0.11
OAS30214,1,0,0.48,0.48,0.04,1,0.41,0.46,0.13
OAS30214,1,1,0.41,0.49,0.1,1,0.37,0.47,0.16
OAS30214,1,1,0.26,0.62,0.12,1,0.28,0.47,0.25
OAS30214,1,1,0.15,0.57,0.28,1,0.22,0.41,0.37
OAS30214,1,2,0.08,0.42,0.5,2,0.1,0.37,0.53
OAS30214,2,2,0.0,0.33,0.67,2,0.01,0.27,0.72
OAS30214,2,2,0.01,0.22,0.77,2,0.02,0.19,0.79
OAS30214,2,2,0.01,0.07,0.92,2,0.0,0.07,0.93
OAS30219,0,0,0.8,0.2,0.0,0,0.87,0.13,0.0
OAS30219,0,0,0.77,0.21,0.02,0,0.83,0.13,0.04
OAS30219,0,0,0.77,0.21,0.02,0,0.8,0.16,0.04
OAS30219,0,0,0.79,0.2,0.01,0,0.73,0.24,0.03
OAS30219,0,0,0.49,0.42,0.09,1,0.34,0.5,0.16
OAS30221,0,0,0.99,0.01,0.0,0,0.97,0.03,0.0
OAS30221,0,0,0.91,0.09,0.0,0,0.94,0.06,0.0
OAS30221,0,0,0.86,0.14,0.0,0,0.8,0.16,0.04
OAS30222,0,0,0.96,0.04,0.0,0,0.95,0.04,0.01
OAS30232,0,0,0.9,0.1,0.0,0,0.84,0.16,0.0
OAS30232,0,0,0.96,0.04,0.0,0,0.93,0.07,0.0
OAS30232,0,0,0.96,0.04,0.0,0,0.94,0.06,0.0
OAS30232,0,0,0.97,0.03,0.0,0,0.94,0.06,0.0
OAS30232,0,0,0.98,0.02,0.0,0,0.92,0.08,0.0
OAS30232,0,0,0.99,0.01,0.0,0,0.95,0.05,0.0
OAS30232,0,0,0.99,0.01,0.0,0,0.93,0.07,0.0
OAS30232,0,0,0.96,0.04,0.0,0,0.84,0.16,0.0
OAS30233,0,0,0.61,0.33,0.06,0,0.45,0.44,0.11
OAS30233,1,0,0.49,0.38,0.13,1,0.36,0.52,0.12
OAS30233,0,0,0.68,0.32,0.0,0,0.61,0.37,0.02
OAS30233,0,0,0.45,0.43,0.12,0,0.48,0.45,0.07
OAS30233,0,0,0.56,0.36,0.08,0,0.47,0.44,0.09
OAS30233,0,0,0.52,0.44,0.04,1,0.43,0.46,0.11
OAS30233,0,0,0.66,0.31,0.03,0,0.6,0.32,0.08
OAS30233,0,1,0.44,0.46,0.1,1,0.4,0.49,0.11
OAS30234,0,0,0.89,0.11,0.0,0,0.84,0.16,0.0
OAS30234,0,0,0.68,0.31,0.01,1,0.39,0.55,0.06
OAS30234,0,0,0.68,0.32,0.0,1,0.41,0.57,0.02
OAS30234,0,0,0.63,0.29,0.08,0,0.58,0.33,0.09
OAS30234,0,0,0.64,0.33,0.03,1,0.43,0.52,0.05
OAS30242,0,0,0.85,0.15,0.0,0,0.86,0.14,0.0
OAS30242,0,0,0.87,0.13,0.0,0,0.84,0.16,0.0
OAS30242,0,0,0.73,0.24,0.03,0,0.67,0.32,0.01
OAS30242,0,0,0.87,0.13,0.0,0,0.86,0.14,0.0
OAS30245,0,0,0.91,0.08,0.01,0,0.85,0.15,0.0
OAS30245,0,0,0.89,0.11,0.0,0,0.9,0.1,0.0
OAS30245,0,0,0.93,0.07,0.0,0,0.93,0.07,0.0
OAS30245,0,0,0.91,0.09,0.0,0,0.9,0.09,0.01
OAS30246,0,1,0.37,0.63,0.0,1,0.41,0.55,0.04
OAS30246,0,0,0.92,0.07,0.01,0,0.71,0.27,0.02
OAS30246,0,0,0.81,0.19,0.0,0,0.6,0.39,0.01
OAS30246,0,0,0.94,0.06,0.0,0,0.82,0.14,0.04
OAS30246,0,0,0.97,0.03,0.0,0,0.88,0.12,0.0
OAS30246,0,0,0.67,0.33,0.0,0,0.72,0.27,0.01
OAS30246,0,0,0.87,0.13,0.0,0,0.83,0.17,0.0
OAS30246,0,0,0.62,0.37,0.01,0,0.51,0.42,0.07
OAS30246,0,0,0.69,0.29,0.02,0,0.69,0.28,0.03
OAS30246,0,0,0.51,0.43,0.06,1,0.46,0.51,0.03
OAS30246,0,0,0.81,0.19,0.0,0,0.65,0.32,0.03
OAS30256,0,0,0.87,0.13,0.0,0,0.89,0.11,0.0
OAS30256,0,0,0.97,0.03,0.0,0,0.95,0.05,0.0
OAS30256,0,0,0.99,0.01,0.0,0,0.96,0.04,0.0
OAS30256,0,0,0.95,0.05,0.0,0,0.91,0.09,0.0
OAS30258,0,1,0.39,0.5,0.11,1,0.26,0.55,0.19
OAS30258,0,0,0.63,0.28,0.09,1,0.43,0.5,0.07
OAS30258,0,1,0.43,0.54,0.03,1,0.33,0.61,0.06
OAS30258,0,0,0.56,0.41,0.03,1,0.37,0.55,0.08
OAS30258,0,1,0.44,0.51,0.05,1,0.29,0.67,0.04
OAS30258,0,1,0.23,0.69,0.08,1,0.25,0.68,0.07
OAS30265,1,2,0.02,0.29,0.69,2,0.06,0.3,0.64
OAS30266,0,0,0.72,0.28,0.0,0,0.75,0.24,0.01
OAS30270,0,0,0.79,0.21,0.0,0,0.84,0.16,0.0
OAS30270,0,0,0.96,0.04,0.0,0,0.92,0.07,0.01
OAS30270,0,0,0.67,0.31,0.02,0,0.6,0.37,0.03
OAS30270,0,0,0.89,0.11,0.0,0,0.81,0.17,0.02
OAS30270,0,0,0.6,0.4,0.0,0,0.56,0.43,0.01
OAS30270,0,0,0.98,0.02,0.0,0,0.92,0.08,0.0
OAS30272,0,0,0.97,0.03,0.0,0,0.94,0.05,0.01
OAS30272,0,0,0.96,0.04,0.0,0,0.88,0.12,0.0
OAS30272,0,0,0.98,0.02,0.0,0,0.91,0.09,0.0
OAS30272,0,0,0.99,0.01,0.0,0,0.87,0.11,0.02
OAS30272,0,0,0.97,0.03,0.0,0,0.91,0.09,0.0
OAS30272,0,0,0.95,0.05,0.0,0,0.94,0.06,0.0
OAS30272,0,0,0.97,0.02,0.01,0,0.92,0.08,0.0
OAS30272,0,0,0.89,0.11,0.0,0,0.88,0.12,0.0
OAS30272,0,2,0.14,0.3,0.56,2,0.16,0.33,0.51
OAS30275,0,0,0.87,0.11,0.02,0,0.81,0.17,0.02
OAS30275,0,0,0.96,0.03,0.01,0,0.95,0.04,0.01
OAS30275,0,0,0.96,0.04,0.0,0,0.89,0.09,0.02
OAS30284,0,0,0.97,0.03,0.0,0,0.88,0.12,0.0
OAS30284,0,0,0.9,0.09,0.01,0,0.82,0.17,0.01
OAS30284,0,0,0.95,0.04,0.01,0,0.87,0.13,0.0
OAS30284,0,0,0.95,0.05,0.0,0,0.92,0.08,0.0
OAS30284,0,0,0.91,0.09,0.0,0,0.88,0.11,0.01
OAS30291,0,0,0.95,0.05,0.0,0,0.81,0.18,0.01
OAS30291,0,0,0.9,0.1,0.0,0,0.89,0.11,0.0
OAS30291,0,0,0.94,0.06,0.0,0,0.94,0.06,0.0
OAS30291,0,0,0.94,0.05,0.01,0,0.95,0.05,0.0
OAS30291,0,0,0.92,0.08,0.0,0,0.8,0.2,0.0
OAS30291,0,0,0.98,0.02,0.0,0,0.93,0.07,0.0
OAS30291,0,0,0.97,0.03,0.0,0,0.96,0.04,0.0
OAS30294,0,1,0.36,0.61,0.03,1,0.28,0.65,0.07
OAS30299,0,0,0.77,0.23,0.0,0,0.67,0.32,0.01
OAS30299,0,0,0.72,0.28,0.0,0,0.65,0.3,0.05
OAS30305,0,0,0.52,0.47,0.01,0,0.51,0.43,0.06
OAS30310,0,1,0.45,0.47,0.08,1,0.44,0.51,0.05
OAS30312,1,2,0.21,0.37,0.42,2,0.15,0.37,0.48
OAS30312,2,2,0.2,0.35,0.45,2,0.14,0.34,0.52
OAS30321,0,0,0.78,0.2,0.02,0,0.7,0.29,0.01
OAS30321,0,0,0.92,0.08,0.0,0,0.84,0.14,0.02
OAS30321,0,0,0.95,0.05,0.0,0,0.86,0.12,0.02
OAS30321,0,0,0.92,0.08,0.0,0,0.84,0.15,0.01
OAS30321,0,0,0.84,0.15,0.01,0,0.84,0.16,0.0
OAS30321,0,0,0.86,0.12,0.02,0,0.9,0.09,0.01
OAS30321,0,0,0.97,0.01,0.02,0,0.89,0.07,0.04
OAS30321,0,0,0.95,0.04,0.01,0,0.92,0.04,0.04
OAS30321,0,0,0.92,0.08,0.0,0,0.93,0.06,0.01
OAS30321,0,0,0.93,0.04,0.03,0,0.87,0.1,0.03
OAS30321,0,0,0.77,0.21,0.02,0,0.72,0.24,0.04
OAS30324,0,0,0.95,0.05,0.0,0,0.98,0.02,0.0
OAS30324,0,0,0.94,0.06,0.0,0,0.95,0.05,0.0
OAS30324,0,0,0.94,0.06,0.0,0,0.92,0.08,0.0
OAS30324,0,0,0.98,0.02,0.0,0,0.98,0.02,0.0
OAS30324,0,0,0.93,0.07,0.0,0,0.94,0.06,0.0
OAS30324,0,0,0.85,0.15,0.0,0,0.93,0.07,0.0
OAS30324,0,0,0.97,0.03,0.0,0,0.91,0.09,0.0
OAS30332,1,1,0.1,0.52,0.38,1,0.13,0.44,0.43
OAS30333,0,0,0.64,0.34,0.02,0,0.68,0.32,0.0
OAS30333,0,0,0.93,0.07,0.0,0,0.92,0.08,0.0
OAS30333,0,0,0.76,0.23,0.01,0,0.8,0.2,0.0
OAS30333,0,0,0.87,0.12,0.01,0,0.8,0.2,0.0
OAS30333,0,0,0.75,0.25,0.0,0,0.77,0.21,0.02
OAS30333,0,0,0.84,0.16,0.0,0,0.7,0.28,0.02
OAS30340,0,0,0.93,0.07,0.0,0,0.88,0.09,0.03
OAS30340,0,0,0.96,0.04,0.0,0,0.94,0.06,0.0
OAS30340,0,0,0.98,0.02,0.0,0,0.83,0.17,0.0
OAS30343,0,0,0.97,0.03,0.0,0,0.97,0.03,0.0
OAS30343,0,0,0.95,0.05,0.0,0,0.93,0.07,0.0
OAS30343,0,0,0.99,0.01,0.0,0,0.98,0.02,0.0
OAS30343,0,0,0.97,0.03,0.0,0,0.92,0.07,0.01
OAS30343,0,0,0.97,0.03,0.0,0,0.91,0.09,0.0
OAS30343,0,0,0.95,0.05,0.0,0,0.94,0.06,0.0
OAS30343,0,0,0.99,0.01,0.0,0,0.98,0.02,0.0
OAS30343,0,0,0.99,0.01,0.0,0,0.97,0.03,0.0
OAS30343,0,0,0.97,0.03,0.0,0,0.92,0.08,0.0
OAS30343,0,0,0.99,0.01,0.0,0,0.95,0.05,0.0
OAS30343,0,0,0.99,0.01,0.0,0,0.98,0.01,0.01
OAS30343,0,0,0.99,0.01,0.0,0,0.97,0.03,0.0
OAS30343,0,0,0.94,0.06,0.0,0,0.92,0.08,0.0
OAS30343,0,0,1.0,0.0,0.0,0,0.98,0.02,0.0
OAS30343,0,0,0.92,0.08,0.0,0,0.91,0.09,0.0
OAS30343,0,0,0.98,0.02,0.0,0,0.99,0.01,0.0
OAS30343,0,0,0.88,0.12,0.0,0,0.8,0.18,0.02
OAS30343,1,0,0.76,0.24,0.0,0,0.63,0.35,0.02
OAS30343,0,0,0.67,0.3,0.03,0,0.6,0.38,0.02
OAS30347,1,1,0.23,0.7,0.07,1,0.26,0.69,0.05
OAS30347,0,1,0.42,0.56,0.02,1,0.31,0.65,0.04
OAS30347,0,0,0.78,0.19,0.03,0,0.61,0.34,0.05
OAS30347,1,0,0.55,0.4,0.05,1,0.47,0.48,0.05
OAS30347,1,1,0.44016949152542373,0.49966101694915255,0.06016949152542373,1,0.37,0.59,0.04
OAS30347,1,0,0.5,0.4,0.1,1,0.38,0.54,0.08
OAS30347,1,0,0.69,0.31,0.0,0,0.49,0.47,0.04
OAS30347,1,0,0.46,0.37,0.17,1,0.3,0.49,0.21
OAS30347,1,1,0.35,0.53,0.12,1,0.31,0.45,0.24
OAS30347,2,1,0.19,0.57,0.24,1,0.22,0.46,0.32
OAS30347,2,2,0.02,0.36,0.62,2,0.07,0.22,0.71
OAS30348,0,0,0.81,0.17,0.02,0,0.51,0.46,0.03
OAS30348,0,0,0.8,0.19,0.01,0,0.77,0.22,0.01
OAS30348,0,0,0.73,0.25,0.02,0,0.66,0.28,0.06
OAS30348,0,0,0.7,0.3,0.0,0,0.72,0.25,0.03
OAS30351,0,0,0.82,0.18,0.0,0,0.78,0.22,0.0
OAS30351,0,0,0.57,0.39,0.04,1,0.43,0.46,0.11
OAS30356,0,0,0.63,0.35,0.02,0,0.53,0.43,0.04
OAS30356,0,1,0.21,0.75,0.04,1,0.18,0.69,0.13
OAS30368,0,0,0.88,0.12,0.0,0,0.91,0.09,0.0
OAS30368,0,0,0.96,0.04,0.0,0,0.89,0.11,0.0
OAS30368,0,0,0.94,0.06,0.0,0,0.9,0.1,0.0
OAS30368,0,0,0.86,0.14,0.0,0,0.81,0.19,0.0
OAS30368,0,0,0.89,0.11,0.0,0,0.83,0.15,0.02
OAS30368,0,0,0.95,0.05,0.0,0,0.95,0.05,0.0
OAS30368,0,0,0.67,0.25,0.08,0,0.64,0.25,0.11
OAS30368,0,0,0.92,0.08,0.0,0,0.88,0.11,0.01
OAS30372,0,0,0.94,0.06,0.0,0,0.88,0.12,0.0
OAS30372,0,0,0.98,0.02,0.0,0,0.98,0.02,0.0
OAS30372,0,0,0.86,0.14,0.0,0,0.86,0.14,0.0
OAS30374,0,1,0.29,0.57,0.14,1,0.21,0.62,0.17
OAS30374,0,2,0.23,0.31,0.46,1,0.2,0.48,0.32
OAS30374,0,1,0.17,0.62,0.21,1,0.13,0.53,0.34
OAS30381,1,1,0.41,0.45,0.14,1,0.18,0.52,0.3
OAS30381,1,1,0.35,0.58,0.07,1,0.27,0.51,0.22
OAS30381,1,2,0.01,0.1,0.89,2,0.04,0.09,0.87
OAS30384,0,0,0.68,0.27,0.05,0,0.5,0.46,0.04
OAS30386,0,0,0.64,0.32,0.04,0,0.59,0.37,0.04
OAS30386,0,0,0.84,0.15,0.01,0,0.62,0.31,0.07
OAS30388,2,1,0.31,0.67,0.02,1,0.27,0.65,0.08
OAS30388,2,1,0.04,0.67,0.29,1,0.08,0.5,0.42
OAS30388,2,2,0.03,0.27,0.7,2,0.04,0.3,0.66
OAS30393,0,0,0.59,0.37,0.04,0,0.59,0.33,0.08
OAS30393,0,0,0.82,0.15,0.03,0,0.64,0.26,0.1
OAS30393,0,0,0.56,0.35,0.09,0,0.45,0.44,0.11
OAS30393,0,0,0.57,0.34,0.09,0,0.56,0.37,0.07
OAS30393,0,0,0.72,0.22,0.06,0,0.75,0.22,0.03
OAS30393,0,0,0.66,0.32,0.02,0,0.69,0.25,0.06
OAS30393,0,0,0.77,0.23,0.0,0,0.82,0.16,0.02
OAS30393,0,0,0.6,0.31,0.09,0,0.69,0.27,0.04
OAS30393,0,0,0.64,0.27,0.09,0,0.65,0.28,0.07
OAS30393,0,0,0.79,0.2,0.01,0,0.75,0.25,0.0
OAS30393,0,0,0.71,0.26,0.03,0,0.68,0.26,0.06
OAS30393,0,0,0.76,0.22,0.02,0,0.7,0.27,0.03
OAS30393,0,0,0.81,0.17,0.02,0,0.64,0.32,0.04
OAS30393,0,0,0.75,0.23,0.02,0,0.69,0.28,0.03
OAS30393,0,0,0.86,0.14,0.0,0,0.74,0.26,0.0
OAS30393,0,0,0.62,0.34,0.04,0,0.53,0.44,0.03
OAS30393,0,0,0.76,0.24,0.0,0,0.75,0.24,0.01
OAS30393,0,0,0.85,0.14,0.01,0,0.78,0.19,0.03
OAS30393,0,0,0.87,0.13,0.0,0,0.81,0.18,0.01
OAS30393,0,0,0.86,0.14,0.0,0,0.83,0.14,0.03
OAS30393,0,0,0.84,0.16,0.0,0,0.79,0.19,0.02
OAS30393,0,0,0.77,0.21,0.02,0,0.76,0.19,0.05
OAS30393,0,0,0.87,0.13,0.0,0,0.84,0.12,0.04
OAS30393,0,0,0.83,0.17,0.0,0,0.78,0.21,0.01
OAS30393,0,0,0.86,0.13,0.01,0,0.71,0.28,0.01
OAS30393,0,0,0.73,0.26,0.01,0,0.55,0.37,0.08
OAS30393,1,0,0.65,0.32,0.03,0,0.49,0.45,0.06
OAS30393,1,0,0.66,0.3,0.04,0,0.6,0.37,0.03
OAS30394,1,1,0.32,0.46,0.22,1,0.14,0.53,0.33
OAS30395,0,0,0.96,0.04,0.0,0,0.92,0.07,0.01
OAS30395,0,0,0.92,0.08,0.0,0,0.92,0.08,0.0
OAS30395,0,0,0.98,0.02,0.0,0,0.89,0.11,0.0
OAS30401,1,0,0.81,0.18,0.01,0,0.58,0.36,0.06
OAS30401,2,1,0.33,0.56,0.11,1,0.2,0.58,0.22
OAS30401,2,2,0.07,0.3,0.63,2,0.03,0.27,0.7
OAS30404,1,2,0.16,0.4,0.44,2,0.16,0.3,0.54
OAS30404,1,1,0.06,0.61,0.33,2,0.09,0.39,0.52
OAS30404,2,2,0.06,0.25,0.69,2,0.04,0.23,0.73
OAS30404,1,2,0.27,0.28,0.45,2,0.19,0.35,0.46
OAS30404,2,2,0.05,0.33,0.62,2,0.06,0.42,0.52
OAS30406,0,0,0.61,0.37,0.02,1,0.47,0.49,0.04
OAS30406,0,0,0.75,0.24,0.01,0,0.55,0.41,0.04
OAS30406,0,1,0.41230769230769226,0.5776923076923077,0.01,1,0.38,0.55,0.07
OAS30406,0,0,0.59,0.39,0.02,0,0.6,0.36,0.04
OAS30406,0,0,0.72,0.27,0.01,0,0.73,0.26,0.01
OAS30408,1,1,0.27,0.58,0.15,1,0.24,0.46,0.3
OAS30408,1,2,0.08,0.45,0.47,2,0.06,0.43,0.51
OAS30415,1,0,0.95,0.04,0.01,0,0.85,0.12,0.03
OAS30415,0,0,0.93,0.07,0.0,0,0.84,0.14,0.02
OAS30415,1,1,0.39,0.44,0.17,1,0.36,0.52,0.12
OAS30418,1,0,0.59,0.37,0.04,0,0.5,0.47,0.03
OAS30418,0,0,0.63,0.33,0.04,0,0.56,0.36,0.08
OAS30418,0,1,0.37,0.5,0.13,1,0.32,0.52,0.16
OAS30418,0,1,0.36,0.57,0.07,1,0.23,0.5,0.27
OAS30418,0,1,0.15,0.72,0.13,1,0.11,0.51,0.38
OAS30445,1,0,0.92,0.08,0.0,0,0.92,0.08,0.0
OAS30445,0,0,0.97,0.03,0.0,0,0.9,0.1,0.0
OAS30445,0,0,0.92,0.08,0.0,0,0.97,0.03,0.0
OAS30445,0,0,0.92,0.08,0.0,0,0.91,0.09,0.0
OAS30445,0,0,0.95,0.05,0.0,0,0.91,0.09,0.0
OAS30449,0,0,0.79,0.2,0.01,0,0.68,0.3,0.02
OAS30449,0,0,0.74,0.24,0.02,0,0.65,0.32,0.03
OAS30449,0,0,0.75,0.2,0.05,0,0.59,0.25,0.16
OAS30449,0,0,0.84,0.15,0.01,0,0.84,0.16,0.0
OAS30449,0,0,0.77,0.22,0.01,0,0.74,0.25,0.01
OAS30449,0,0,0.66,0.29,0.05,0,0.65,0.29,0.06
OAS30449,0,0,0.8,0.19,0.01,0,0.68,0.27,0.05
OAS30456,0,0,0.5,0.38,0.12,1,0.27,0.52,0.21
OAS30456,0,0,0.57,0.37,0.06,1,0.36,0.51,0.13
OAS30456,0,0,0.59,0.34,0.07,1,0.32,0.43,0.25
OAS30460,2,2,0.02,0.1,0.88,2,0.0,0.11,0.89
OAS30462,0,0,0.96,0.04,0.0,0,0.9,0.09,0.01
OAS30466,1,1,0.44,0.53,0.03,1,0.44,0.51,0.05
OAS30466,0,1,0.48,0.51,0.01,0,0.53,0.43,0.04
OAS30466,0,1,0.47,0.5,0.03,0,0.5,0.38,0.12
OAS30466,0,0,0.62,0.34,0.04,0,0.56,0.4,0.04
OAS30466,0,0,0.69,0.26,0.05,0,0.68,0.29,0.03
OAS30466,0,1,0.43,0.48,0.09,1,0.29,0.64,0.07
OAS30466,0,0,0.58,0.39,0.03,0,0.57,0.37,0.06
OAS30473,0,0,0.63,0.34,0.03,0,0.5,0.45,0.05
OAS30473,0,0,0.76,0.21,0.03,0,0.68,0.3,0.02
OAS30473,1,0,0.6,0.32,0.08,0,0.47,0.43,0.1
OAS30480,0,0,0.75,0.21,0.04,0,0.67,0.32,0.01
OAS30480,0,0,0.7,0.29,0.01,0,0.49,0.44,0.07
OAS30485,0,0,0.93,0.07,0.0,0,0.88,0.11,0.01
OAS30485,0,0,0.73,0.25,0.02,0,0.62,0.36,0.02
OAS30485,0,0,0.75,0.24,0.01,0,0.62,0.32,0.06
OAS30485,0,1,0.45,0.54,0.01,0,0.57,0.42,0.01
OAS30491,0,0,0.9,0.1,0.0,0,0.78,0.16,0.06
OAS30491,0,0,0.59,0.4,0.01,0,0.46,0.44,0.1
OAS30491,0,0,0.96,0.02,0.02,0,0.94,0.06,0.0
OAS30491,0,1,0.3,0.62,0.08,1,0.29,0.58,0.13
OAS30491,0,0,0.75,0.25,0.0,0,0.76,0.24,0.0
OAS30505,1,0,0.56,0.39,0.05,1,0.48,0.5,0.02
OAS30505,1,0,0.75,0.22,0.03,0,0.67,0.31,0.02
OAS30505,1,1,0.45,0.5,0.05,1,0.43,0.5,0.07
OAS30505,0,1,0.37,0.6,0.03,0,0.53,0.43,0.04
OAS30505,0,0,0.69,0.28,0.03,0,0.63,0.34,0.03
OAS30505,0,0,0.78,0.22,0.0,0,0.62,0.35,0.03
OAS30505,0,0,0.59,0.36,0.05,0,0.57,0.39,0.04
OAS30505,0,0,0.58,0.41,0.01,0,0.54,0.43,0.03
OAS30505,0,0,0.73,0.26,0.01,0,0.61,0.39,0.0
OAS30505,0,0,0.67,0.27,0.06,0,0.54,0.4,0.06
OAS30505,0,0,0.44,0.34,0.22,1,0.36,0.43,0.21
OAS30505,0,0,0.49,0.43,0.08,0,0.5,0.37,0.13
OAS30505,0,1,0.28,0.53,0.19,1,0.28,0.54,0.18
OAS30505,1,1,0.26,0.56,0.18,1,0.21,0.54,0.25
OAS30507,0,0,0.95,0.05,0.0,0,0.88,0.12,0.0
OAS30507,0,0,0.95,0.05,0.0,0,0.92,0.08,0.0
OAS30507,0,0,0.97,0.03,0.0,0,0.9,0.1,0.0
OAS30513,0,0,0.76,0.24,0.0,0,0.68,0.31,0.01
OAS30516,0,0,0.95,0.05,0.0,0,0.91,0.09,0.0
OAS30516,0,0,0.94,0.06,0.0,0,0.95,0.05,0.0
OAS30516,0,0,0.85,0.15,0.0,0,0.82,0.18,0.0
OAS30516,0,0,0.99,0.01,0.0,0,0.95,0.05,0.0
OAS30516,0,0,0.95,0.05,0.0,0,0.89,0.1,0.01
OAS30516,0,0,0.73,0.27,0.0,0,0.82,0.17,0.01
OAS30516,0,0,0.97,0.03,0.0,0,0.85,0.15,0.0
OAS30516,0,0,1.0,0.0,0.0,0,0.96,0.04,0.0
OAS30516,0,0,0.92,0.08,0.0,0,0.86,0.13,0.01
OAS30516,0,0,0.97,0.03,0.0,0,0.9,0.1,0.0
OAS30516,0,0,0.94,0.06,0.0,0,0.81,0.19,0.0
OAS30516,0,0,0.82,0.16,0.02,0,0.67,0.31,0.02
OAS30516,0,0,0.91,0.09,0.0,0,0.85,0.15,0.0
OAS30517,0,0,0.48,0.48,0.04,0,0.47,0.46,0.07
OAS30517,0,0,0.71,0.24,0.05,0,0.73,0.24,0.03
OAS30517,0,0,0.64,0.31,0.05,0,0.59,0.3,0.11
OAS30517,0,0,0.74,0.24,0.02,0,0.65,0.34,0.01
OAS30517,0,0,0.69,0.26,0.05,0,0.63,0.3,0.07
OAS30517,0,0,0.65,0.32,0.03,0,0.52,0.45,0.03
OAS30517,0,0,0.78,0.2,0.02,0,0.59,0.39,0.02
OAS30517,0,1,0.3723076923076923,0.5776923076923077,0.05,1,0.33,0.65,0.02
OAS30517,0,0,0.54,0.43,0.03,1,0.35,0.55,0.1
OAS30521,1,1,0.17,0.6,0.23,1,0.15,0.65,0.2
OAS30521,1,1,0.13,0.45,0.42,1,0.14,0.45,0.41
OAS30521,1,2,0.06,0.18,0.76,2,0.02,0.18,0.8
OAS30521,2,2,0.01,0.03,0.96,2,0.01,0.02,0.97
OAS30537,0,0,0.91,0.09,0.0,0,0.91,0.09,0.0
OAS30537,0,0,0.9,0.1,0.0,0,0.88,0.12,0.0
OAS30537,0,0,0.89,0.1,0.01,0,0.86,0.12,0.02
OAS30537,0,0,0.9,0.1,0.0,0,0.92,0.08,0.0
OAS30537,0,0,0.92,0.08,0.0,0,0.92,0.08,0.0
OAS30537,0,0,0.92,0.08,0.0,0,0.89,0.11,0.0
OAS30537,0,0,0.98,0.02,0.0,0,0.93,0.07,0.0
OAS30537,0,0,0.92,0.08,0.0,0,0.91,0.09,0.0
OAS30537,0,0,0.94,0.06,0.0,0,0.93,0.07,0.0
OAS30537,0,0,0.94,0.06,0.0,0,0.91,0.09,0.0
OAS30537,0,0,0.89,0.11,0.0,0,0.84,0.16,0.0
OAS30539,1,1,0.43,0.48,0.09,1,0.37,0.53,0.1
OAS30539,1,1,0.31,0.54,0.15,1,0.37,0.53,0.1
OAS30539,1,1,0.08,0.73,0.19,1,0.1,0.71,0.19
OAS30539,1,1,0.06,0.6,0.34,1,0.02,0.56,0.42
OAS30541,1,1,0.12,0.6,0.28,1,0.18,0.54,0.28
OAS30541,1,2,0.1,0.43,0.47,2,0.06,0.33,0.61
OAS30541,2,2,0.0,0.24,0.76,2,0.01,0.15,0.84
OAS30541,2,2,0.04,0.13,0.83,2,0.02,0.2,0.78
OAS30541,2,2,0.09,0.16,0.75,2,0.07,0.27,0.66
OAS30541,2,2,0.12,0.19,0.69,2,0.06,0.19,0.75
OAS30544,2,2,0.07,0.4,0.53,2,0.05,0.29,0.66
OAS30546,0,0,0.84,0.14,0.02,0,0.83,0.16,0.01
OAS30546,0,0,0.86,0.11,0.03,0,0.81,0.18,0.01
OAS30546,0,0,0.9,0.1,0.0,0,0.86,0.13,0.01
OAS30546,0,0,0.84,0.16,0.0,0,0.77,0.23,0.0
OAS30546,0,0,0.85,0.15,0.0,0,0.8,0.2,0.0
OAS30546,0,0,0.86,0.13,0.01,0,0.8,0.18,0.02
OAS30550,0,0,0.53,0.4,0.07,0,0.51,0.41,0.08
OAS30553,1,1,0.395,0.465,0.14,1,0.28,0.6,0.12
OAS30553,0,1,0.3103333333333333,0.4796666666666667,0.21,1,0.23,0.51,0.26
OAS30553,1,1,0.42,0.45,0.13,1,0.39,0.46,0.15
OAS30553,1,1,0.09,0.7,0.21,1,0.1,0.55,0.35
OAS30553,0,1,0.27,0.59,0.14,1,0.2,0.59,0.21
OAS30553,1,1,0.24,0.53,0.23,1,0.24,0.52,0.24
OAS30553,1,1,0.45,0.47,0.08,1,0.39,0.47,0.14
OAS30553,1,0,0.55,0.43,0.02,1,0.44,0.51,0.05
OAS30553,1,1,0.45,0.48,0.07,1,0.34,0.5,0.16
OAS30553,1,1,0.19,0.57,0.24,1,0.11,0.54,0.35
OAS30553,1,1,0.24,0.58,0.18,1,0.12,0.54,0.34
OAS30553,0,1,0.28,0.53,0.19,1,0.1,0.59,0.31
OAS30553,0,2,0.13,0.28,0.59,2,0.08,0.33,0.59
OAS30553,0,2,0.13,0.27,0.6,2,0.07,0.34,0.59
OAS30554,1,0,0.86,0.14,0.0,0,0.8,0.19,0.01
OAS30554,1,1,0.38,0.54,0.08,1,0.32,0.6,0.08
OAS30554,2,1,0.31,0.54,0.15,1,0.27,0.53,0.2
OAS30554,2,1,0.15,0.5,0.35,1,0.13,0.46,0.41
OAS30563,2,2,0.05,0.22,0.73,2,0.01,0.22,0.77
OAS30563,1,1,0.18,0.62,0.2,1,0.19,0.52,0.29
OAS30563,1,2,0.13,0.38,0.49,2,0.14,0.29,0.57
OAS30566,0,0,0.68,0.3,0.02,0,0.68,0.3,0.02
OAS30566,0,1,0.41,0.58,0.01,1,0.4,0.58,0.02
OAS30566,0,0,0.77,0.22,0.01,0,0.64,0.36,0.0
OAS30573,1,0,0.57,0.42,0.01,1,0.4,0.59,0.01
OAS30573,1,0,0.66,0.34,0.0,0,0.58,0.41,0.01
OAS30573,1,0,0.73,0.23,0.04,0,0.49,0.46,0.05
OAS30573,1,0,0.72,0.27,0.01,0,0.63,0.33,0.04
OAS30583,1,1,0.14,0.46,0.4,2,0.13,0.41,0.46
OAS30583,2,2,0.04,0.21,0.75,2,0.01,0.16,0.83
OAS30584,0,0,0.8,0.2,0.0,0,0.72,0.26,0.02
OAS30584,0,0,0.72,0.28,0.0,0,0.67,0.3,0.03
OAS30584,0,0,0.74,0.26,0.0,0,0.71,0.28,0.01
OAS30584,0,0,0.67,0.33,0.0,0,0.7,0.28,0.02
OAS30588,0,0,0.8,0.18,0.02,0,0.71,0.29,0.0
OAS30588,0,0,0.82,0.17,0.01,0,0.71,0.27,0.02
OAS30588,0,0,0.88,0.12,0.0,0,0.81,0.18,0.01
OAS30588,0,0,0.81,0.19,0.0,0,0.81,0.19,0.0
OAS30589,0,0,0.42,0.38,0.2,1,0.26,0.56,0.18
OAS30589,0,0,0.78,0.2,0.02,0,0.49,0.39,0.12
OAS30589,0,0,0.6,0.36,0.04,0,0.55,0.33,0.12
OAS30589,0,0,0.79,0.2,0.01,0,0.6,0.29,0.11
OAS30589,0,1,0.41,0.55,0.04,1,0.38,0.53,0.09
OAS30589,0,0,0.88,0.11,0.01,0,0.69,0.25,0.06
OAS30589,0,0,0.66,0.33,0.01,0,0.62,0.27,0.11
OAS30594,0,0,0.91,0.08,0.01,0,0.78,0.17,0.05
OAS30594,0,0,0.93,0.07,0.0,0,0.86,0.14,0.0
OAS30596,0,0,0.57,0.42,0.01,1,0.39,0.6,0.01
OAS30596,1,0,0.76,0.22,0.02,0,0.71,0.26,0.03
OAS30596,0,0,0.63,0.34,0.03,0,0.48,0.46,0.06
OAS30596,1,1,0.38,0.6,0.02,1,0.32,0.6,0.08
OAS30598,0,1,0.13,0.54,0.33,1,0.17,0.48,0.35
OAS30598,0,1,0.19016949152542373,0.6596610169491526,0.15016949152542375,1,0.19,0.57,0.24
OAS30598,0,2,0.09,0.43,0.48,1,0.14,0.45,0.41
OAS30601,0,0,0.74,0.26,0.0,0,0.74,0.25,0.01
OAS30601,0,0,0.82,0.16,0.02,0,0.57,0.39,0.04
OAS30601,0,0,0.8,0.18,0.02,0,0.78,0.18,0.04
OAS30601,0,0,0.88,0.12,0.0,0,0.78,0.19,0.03
OAS30601,0,0,0.87,0.13,0.0,0,0.72,0.23,0.05
OAS30601,0,0,0.91,0.09,0.0,0,0.88,0.11,0.01
OAS30601,0,0,0.94,0.06,0.0,0,0.86,0.12,0.02
OAS30601,0,0,0.89,0.1,0.01,0,0.7,0.2,0.1
OAS30601,0,0,0.83,0.17,0.0,0,0.83,0.17,0.0
OAS30610,2,2,0.02,0.1,0.88,2,0.02,0.14,0.84
OAS30610,2,2,0.0,0.18,0.82,2,0.03,0.12,0.85
OAS30610,2,2,0.04,0.2,0.76,2,0.02,0.22,0.76
OAS30614,0,1,0.44,0.54,0.02,1,0.4,0.56,0.04
OAS30614,0,0,0.52,0.45,0.03,1,0.43,0.52,0.05
OAS30614,0,1,0.39,0.57,0.04,1,0.47,0.49,0.04
OAS30614,0,0,0.49,0.47,0.04,0,0.56,0.41,0.03
OAS30614,0,1,0.33,0.61,0.06,1,0.39,0.55,0.06
OAS30614,0,1,0.36,0.59,0.05,1,0.29,0.49,0.22
OAS30614,0,1,0.26,0.47,0.27,1,0.18,0.44,0.38
OAS30614,1,1,0.24,0.61,0.15,1,0.19,0.54,0.27
OAS30615,0,0,0.64,0.34,0.02,0,0.57,0.39,0.04
OAS30615,0,0,0.83,0.16,0.01,0,0.76,0.19,0.05
OAS30615,0,0,0.85,0.14,0.01,0,0.74,0.26,0.0
OAS30615,0,0,0.9,0.1,0.0,0,0.82,0.16,0.02
OAS30615,0,0,0.93,0.07,0.0,0,0.89,0.11,0.0
OAS30615,0,0,0.79,0.21,0.0,0,0.88,0.11,0.01
OAS30615,0,0,0.87,0.13,0.0,0,0.88,0.1,0.02
OAS30615,0,0,0.72,0.25,0.03,0,0.66,0.31,0.03
OAS30615,0,0,0.9,0.1,0.0,0,0.88,0.08,0.04
OAS30615,0,0,0.74,0.26,0.0,0,0.78,0.18,0.04
OAS30615,0,0,0.71,0.24,0.05,0,0.56,0.36,0.08
OAS30620,0,0,0.99,0.01,0.0,0,0.92,0.08,0.0
OAS30620,0,0,0.94,0.06,0.0,0,0.92,0.08,0.0
OAS30620,0,0,0.93,0.07,0.0,0,0.91,0.08,0.01
OAS30620,0,0,1.0,0.0,0.0,0,0.94,0.06,0.0
OAS30620,0,0,1.0,0.0,0.0,0,0.97,0.03,0.0
OAS30627,1,1,0.45,0.5,0.05,1,0.34,0.5,0.16
OAS30627,1,1,0.2,0.52,0.28,1,0.1,0.46,0.44
OAS30627,2,1,0.15,0.55,0.3,1,0.14,0.52,0.34
OAS30637,0,0,0.83,0.17,0.0,0,0.79,0.18,0.03
OAS30637,0,0,0.86,0.13,0.01,0,0.71,0.27,0.02
OAS30637,0,0,0.78,0.22,0.0,0,0.66,0.28,0.06
OAS30637,0,0,0.5,0.47,0.03,1,0.4,0.56,0.04
OAS30637,0,0,0.61,0.39,0.0,0,0.59,0.38,0.03
OAS30644,0,0,0.59,0.38,0.03,0,0.53,0.39,0.08
OAS30644,0,0,0.8,0.2,0.0,0,0.74,0.23,0.03
OAS30649,1,1,0.42,0.48,0.1,1,0.33,0.59,0.08
OAS30649,1,1,0.22,0.48,0.3,1,0.14,0.49,0.37
OAS30660,0,0,0.65,0.33,0.02,0,0.64,0.35,0.01
OAS30660,0,0,0.95,0.05,0.0,0,0.91,0.09,0.0
OAS30660,0,0,0.98,0.02,0.0,0,0.94,0.06,0.0
OAS30660,0,0,0.99,0.01,0.0,0,0.94,0.06,0.0
OAS30660,0,0,0.99,0.01,0.0,0,0.94,0.06,0.0
OAS30660,0,0,0.95,0.05,0.0,0,0.93,0.07,0.0
OAS30660,0,0,0.95,0.05,0.0,0,0.91,0.09,0.0
OAS30660,0,0,0.96,0.04,0.0,0,0.92,0.08,0.0
OAS30660,0,0,0.82,0.18,0.0,0,0.8,0.2,0.0
OAS30665,0,0,0.76,0.24,0.0,0,0.73,0.26,0.01
OAS30665,0,1,0.19,0.41,0.4,2,0.24,0.37,0.39
OAS30665,0,0,0.81,0.19,0.0,0,0.69,0.25,0.06
OAS30665,1,1,0.36,0.5,0.14,1,0.24,0.52,0.24
OAS30665,1,1,0.38,0.56,0.06,1,0.32,0.55,0.13
OAS30670,0,0,0.64,0.34,0.02,0,0.65,0.31,0.04
OAS30670,0,0,0.65,0.3,0.05,0,0.51,0.41,0.08
OAS30670,0,0,0.72,0.28,0.0,0,0.7,0.23,0.07
OAS30670,1,1,0.12,0.49,0.39,1,0.08,0.56,0.36
OAS30670,1,1,0.14,0.58,0.28,1,0.09,0.61,0.3
OAS30672,1,0,0.63,0.37,0.0,0,0.52,0.46,0.02
OAS30672,1,1,0.22,0.74,0.04,1,0.18,0.77,0.05
OAS30672,1,1,0.21,0.77,0.02,1,0.19,0.75,0.06
OAS30672,1,0,0.49,0.49,0.02,1,0.46,0.47,0.07
OAS30672,1,1,0.21,0.68,0.11,1,0.17,0.65,0.18
OAS30672,1,1,0.29,0.64,0.07,1,0.25,0.56,0.19
OAS30672,2,1,0.26,0.45,0.29,1,0.16,0.5,0.34
OAS30672,2,2,0.02,0.28,0.7,2,0.03,0.15,0.82
OAS30672,2,2,0.01,0.1,0.89,2,0.0,0.13,0.87
OAS30673,0,0,0.96,0.04,0.0,0,0.94,0.06,0.0
OAS30673,0,0,0.93,0.07,0.0,0,0.92,0.08,0.0
OAS30673,0,0,0.91,0.08,0.01,0,0.83,0.16,0.01
OAS30674,0,0,0.95,0.05,0.0,0,0.9,0.1,0.0
OAS30674,0,0,0.77,0.23,0.0,0,0.69,0.3,0.01
OAS30674,0,0,0.85,0.15,0.0,0,0.75,0.25,0.0
OAS30674,0,0,0.59,0.34,0.07,0,0.48,0.48,0.04
OAS30674,0,0,0.63,0.32,0.05,0,0.52,0.41,0.07
OAS30674,0,0,0.5,0.5,0.0,0,0.57,0.42,0.01
OAS30674,0,0,0.92,0.08,0.0,0,0.84,0.15,0.01
OAS30675,0,0,0.83,0.15,0.02,0,0.57,0.39,0.04
OAS30675,0,0,0.95,0.05,0.0,0,0.92,0.08,0.0
OAS30675,0,0,0.9,0.1,0.0,0,0.87,0.13,0.0
OAS30675,0,0,0.81,0.19,0.0,0,0.73,0.27,0.0
OAS30675,1,0,0.82,0.17,0.01,0,0.81,0.19,0.0
OAS30675,0,0,0.89,0.11,0.0,0,0.88,0.11,0.01
OAS30675,0,0,0.93,0.07,0.0,0,0.72,0.28,0.0
OAS30675,0,0,0.83,0.16,0.01,0,0.86,0.14,0.0
OAS30675,0,0,0.91,0.09,0.0,0,0.86,0.13,0.01
OAS30675,1,0,0.8,0.2,0.0,0,0.82,0.17,0.01
OAS30675,0,0,0.94,0.06,0.0,0,0.89,0.1,0.01
OAS30675,0,0,0.97,0.03,0.0,0,0.89,0.11,0.0
OAS30675,0,0,0.95,0.05,0.0,0,0.83,0.17,0.0
OAS30675,0,0,0.86,0.13,0.01,0,0.85,0.13,0.02
OAS30675,0,0,0.75,0.23,0.02,0,0.68,0.3,0.02
OAS30675,1,0,0.72,0.17,0.11,0,0.71,0.24,0.05
OAS30675,0,0,0.79,0.21,0.0,0,0.86,0.14,0.0
OAS30675,0,0,0.85,0.15,0.0,0,0.79,0.2,0.01
OAS30675,0,0,0.87,0.13,0.0,0,0.83,0.16,0.01
OAS30675,1,0,0.62,0.31,0.07,0,0.43,0.43,0.14
OAS30675,1,0,0.52,0.41,0.07,1,0.4,0.45,0.15
OAS30675,1,0,0.72,0.27,0.01,0,0.56,0.29,0.15
OAS30692,1,0,0.5,0.48,0.02,0,0.6,0.36,0.04
OAS30692,1,0,0.81,0.19,0.0,0,0.74,0.26,0.0
OAS30692,1,0,0.8,0.2,0.0,0,0.78,0.22,0.0
OAS30692,1,0,0.77,0.23,0.0,0,0.75,0.25,0.0
OAS30692,0,0,0.53,0.47,0.0,0,0.53,0.46,0.01
OAS30692,0,0,0.53,0.46,0.01,1,0.43,0.52,0.05
OAS30692,1,1,0.311,0.619,0.07,1,0.28,0.6,0.12
OAS30692,1,0,0.52,0.44,0.04,1,0.43,0.45,0.12
OAS30692,1,0,0.54,0.43,0.03,0,0.46,0.44,0.1
OAS30692,1,1,0.45,0.53,0.02,1,0.31,0.67,0.02
OAS30692,1,1,0.26,0.65,0.09,1,0.27,0.67,0.06
OAS30692,1,1,0.37,0.57,0.06,1,0.37,0.58,0.05
OAS30692,1,1,0.32,0.56,0.12,1,0.22,0.62,0.16
OAS30692,1,1,0.22,0.73,0.05,1,0.19,0.7,0.11
OAS30699,0,0,0.77,0.13,0.1,0,0.8,0.17,0.03
OAS30699,0,0,0.79,0.2,0.01,0,0.69,0.28,0.03
OAS30699,0,0,0.87,0.13,0.0,0,0.77,0.2,0.03
OAS30699,0,0,0.96,0.04,0.0,0,0.81,0.18,0.01
OAS30699,0,0,0.86,0.14,0.0,0,0.79,0.19,0.02
OAS30700,0,0,0.491,0.469,0.04,1,0.46,0.49,0.05
OAS30700,0,1,0.23016949152542374,0.7196610169491525,0.05016949152542373,1,0.16,0.62,0.22
OAS30700,0,1,0.26,0.7,0.04,1,0.22,0.69,0.09
OAS30700,0,1,0.321,0.629,0.05,1,0.3,0.62,0.08
OAS30700,0,0,0.5,0.38,0.12,1,0.28,0.65,0.07
OAS30700,0,1,0.48,0.52,0.0,1,0.42,0.55,0.03
OAS30700,0,0,0.5601694915254237,0.3996610169491525,0.04016949152542373,1,0.48,0.52,0.0
OAS30700,1,1,0.27,0.67,0.06,1,0.26,0.66,0.08
OAS30700,0,0,0.58,0.4,0.02,1,0.4,0.51,0.09
OAS30700,1,1,0.21,0.55,0.24,1,0.16,0.56,0.28
OAS30709,0,0,0.82,0.18,0.0,0,0.74,0.23,0.03
OAS30722,0,0,0.69,0.29,0.02,0,0.81,0.18,0.01
OAS30722,0,0,0.93,0.07,0.0,0,0.91,0.08,0.01
OAS30722,0,0,0.87,0.13,0.0,0,0.84,0.16,0.0
OAS30748,1,0,0.7,0.24,0.06,0,0.64,0.29,0.07
OAS30748,0,0,0.8,0.2,0.0,0,0.85,0.15,0.0
OAS30748,0,0,0.87,0.12,0.01,0,0.84,0.12,0.04
OAS30748,0,0,0.92,0.08,0.0,0,0.86,0.13,0.01
OAS30748,0,0,0.67,0.31,0.02,0,0.61,0.34,0.05
OAS30749,0,0,0.53,0.38,0.09,0,0.49,0.44,0.07
OAS30749,0,0,0.73,0.27,0.0,0,0.55,0.43,0.02
OAS30749,0,0,0.67,0.32,0.01,0,0.51,0.43,0.06
OAS30749,0,1,0.4201694915254237,0.5096610169491526,0.07016949152542373,0,0.47,0.46,0.07
OAS30749,0,0,0.71,0.28,0.01,0,0.69,0.29,0.02
OAS30749,0,0,0.71,0.27,0.02,0,0.58,0.37,0.05
OAS30749,0,1,0.23,0.62,0.15,1,0.16,0.58,0.26
OAS30749,0,0,0.48,0.45,0.07,1,0.26,0.44,0.3
OAS30749,0,1,0.07,0.56,0.37,1,0.05,0.57,0.38
OAS30749,0,0,0.5,0.42,0.08,1,0.34,0.49,0.17
OAS30749,1,2,0.04,0.36,0.6,2,0.06,0.31,0.63
OAS30756,0,0,0.99,0.01,0.0,0,0.98,0.02,0.0
OAS30756,0,0,1.0,0.0,0.0,0,0.98,0.02,0.0
OAS30756,0,0,0.94,0.06,0.0,0,0.99,0.01,0.0
OAS30774,0,1,0.37,0.63,0.0,1,0.35,0.59,0.06
OAS30774,1,0,0.53,0.43,0.04,1,0.26,0.6,0.14
OAS30792,0,0,0.35,0.32,0.33,1,0.21,0.6,0.19
OAS30792,0,0,0.59,0.34,0.07,0,0.46,0.45,0.09
OAS30792,0,0,0.59,0.39,0.02,1,0.38,0.5,0.12
OAS30792,0,0,0.54,0.31,0.15,1,0.4,0.41,0.19
OAS30792,0,0,0.5,0.35,0.15,1,0.28,0.49,0.23
OAS30792,0,0,0.86,0.13,0.01,0,0.72,0.2,0.08
OAS30792,0,0,0.89,0.1,0.01,0,0.76,0.2,0.04
OAS30792,0,0,0.83,0.13,0.04,0,0.75,0.17,0.08
OAS30796,1,2,0.02,0.26,0.72,2,0.02,0.2,0.78
OAS30796,2,2,0.01,0.26,0.73,2,0.04,0.17,0.79
OAS30799,0,0,0.7,0.29,0.01,0,0.76,0.21,0.03
OAS30799,0,0,0.7,0.3,0.0,0,0.6,0.38,0.02
OAS30799,1,0,0.71,0.28,0.01,0,0.49,0.49,0.02
OAS30799,0,0,0.88,0.12,0.0,0,0.84,0.15,0.01
OAS30799,0,0,0.69,0.3,0.01,0,0.63,0.37,0.0
OAS30803,0,0,0.89,0.1,0.01,0,0.93,0.06,0.01
OAS30803,0,0,0.92,0.08,0.0,0,0.9,0.1,0.0
OAS30803,0,0,0.99,0.01,0.0,0,1.0,0.0,0.0
OAS30803,0,0,0.95,0.05,0.0,0,0.98,0.02,0.0
OAS30803,0,0,0.83,0.17,0.0,0,0.94,0.06,0.0
OAS30803,0,0,0.92,0.08,0.0,0,0.85,0.15,0.0
OAS30803,0,0,0.96,0.03,0.01,0,0.93,0.07,0.0
OAS30804,2,2,0.0,0.12,0.88,2,0.01,0.06,0.93
OAS30807,0,0,0.7,0.29,0.01,0,0.64,0.34,0.02
OAS30807,0,0,0.81,0.18,0.01,0,0.71,0.23,0.06
OAS30807,0,0,0.64,0.34,0.02,0,0.6,0.38,0.02
OAS30807,0,0,0.86,0.14,0.0,0,0.85,0.13,0.02
OAS30807,0,0,0.83,0.16,0.01,0,0.74,0.26,0.0
OAS30807,0,0,0.69,0.24,0.07,0,0.63,0.26,0.11
OAS30812,1,1,0.16,0.44,0.4,1,0.14,0.45,0.41
OAS30812,2,0,0.46,0.35,0.19,0,0.39,0.32,0.29
OAS30812,2,2,0.06,0.14,0.8,2,0.02,0.18,0.8
OAS30813,0,0,0.94,0.06,0.0,0,0.88,0.12,0.0
OAS30813,0,0,0.9,0.08,0.02,0,0.75,0.22,0.03
OAS30813,0,0,0.97,0.03,0.0,0,0.86,0.13,0.01
OAS30813,0,0,0.98,0.02,0.0,0,0.83,0.13,0.04
OAS30813,0,0,0.84,0.14,0.02,0,0.72,0.28,0.0
OAS30815,1,1,0.17,0.46,0.37,1,0.1,0.48,0.42
OAS30815,1,2,0.07,0.46,0.47,2,0.0,0.35,0.65
OAS30815,1,2,0.08,0.32,0.6,2,0.07,0.24,0.69
OAS30815,1,2,0.0,0.0,1.0,2,0.0,0.03,0.97
OAS30815,2,2,0.0,0.0,1.0,2,0.0,0.02,0.98
OAS30816,0,0,0.98,0.02,0.0,0,0.91,0.09,0.0
OAS30816,0,0,0.99,0.01,0.0,0,0.92,0.08,0.0
OAS30816,0,0,0.96,0.04,0.0,0,0.96,0.04,0.0
OAS30816,0,0,0.91,0.09,0.0,0,0.86,0.14,0.0
OAS30816,0,0,0.94,0.06,0.0,0,0.94,0.06,0.0
OAS30816,0,0,0.98,0.02,0.0,0,0.98,0.02,0.0
OAS30816,0,0,1.0,0.0,0.0,0,0.93,0.07,0.0
OAS30816,0,0,0.98,0.02,0.0,0,0.95,0.04,0.01
OAS30822,0,0,0.84,0.16,0.0,0,0.8,0.19,0.01
OAS30822,0,0,0.78,0.21,0.01,0,0.76,0.24,0.0
OAS30822,0,0,0.86,0.14,0.0,0,0.9,0.1,0.0
OAS30822,0,0,0.83,0.16,0.01,0,0.77,0.23,0.0
OAS30822,0,0,0.86,0.13,0.01,0,0.74,0.25,0.01
OAS30822,0,0,0.89,0.11,0.0,0,0.9,0.1,0.0
OAS30822,0,0,0.56,0.43,0.01,0,0.62,0.36,0.02
OAS30822,0,0,0.84,0.15,0.01,0,0.81,0.18,0.01
OAS30822,0,0,0.8,0.2,0.0,0,0.79,0.2,0.01
OAS30823,0,0,0.65,0.3,0.05,0,0.55,0.42,0.03
OAS30823,0,0,0.79,0.21,0.0,0,0.64,0.35,0.01
OAS30823,0,0,0.6,0.4,0.0,0,0.53,0.44,0.03
OAS30823,0,0,0.83,0.17,0.0,0,0.69,0.29,0.02
OAS30823,0,0,0.93,0.07,0.0,0,0.84,0.15,0.01
OAS30823,0,0,0.79,0.21,0.0,0,0.69,0.29,0.02
OAS30823,0,0,0.75,0.25,0.0,0,0.64,0.33,0.03
OAS30823,0,0,0.85,0.13,0.02,0,0.7,0.25,0.05
OAS30823,0,0,0.81,0.13,0.06,0,0.71,0.22,0.07
OAS30828,0,0,0.48,0.41,0.11,1,0.37,0.42,0.21
OAS30828,0,0,0.58,0.38,0.04,0,0.51,0.4,0.09
OAS30828,0,0,0.67,0.3,0.03,0,0.62,0.3,0.08
OAS30829,0,0,0.74,0.24,0.02,0,0.64,0.34,0.02
OAS30829,0,0,0.67,0.3,0.03,0,0.62,0.36,0.02
OAS30829,0,0,0.7,0.29,0.01,0,0.62,0.34,0.04
OAS30829,0,0,0.89,0.11,0.0,0,0.82,0.18,0.0
OAS30829,0,0,0.89,0.11,0.0,0,0.84,0.16,0.0
OAS30829,0,0,0.94,0.06,0.0,0,0.92,0.08,0.0
OAS30829,0,0,0.89,0.11,0.0,0,0.93,0.07,0.0
OAS30829,0,0,0.92,0.08,0.0,0,0.91,0.09,0.0
OAS30829,0,0,0.71,0.29,0.0,0,0.77,0.23,0.0
OAS30829,0,0,0.86,0.13,0.01,0,0.65,0.31,0.04
OAS30829,0,1,0.38,0.54,0.08,1,0.31,0.63,0.06
OAS30829,0,0,0.74,0.26,0.0,0,0.7,0.27,0.03
OAS30829,0,0,0.58,0.39,0.03,0,0.49,0.43,0.08
OAS30829,0,0,0.53,0.39,0.08,1,0.4,0.5,0.1
OAS30829,0,0,0.68,0.32,0.0,0,0.63,0.34,0.03
OAS30829,0,0,0.57,0.37,0.06,0,0.64,0.35,0.01
OAS30829,0,1,0.39,0.53,0.08,1,0.27,0.55,0.18
OAS30829,0,1,0.32,0.48,0.2,1,0.29,0.46,0.25
OAS30835,0,0,0.82,0.16,0.02,0,0.72,0.25,0.03
OAS30835,0,0,0.69,0.29,0.02,0,0.61,0.38,0.01
OAS30835,0,0,0.64,0.32,0.04,0,0.56,0.4,0.04
OAS30835,0,0,0.74,0.25,0.01,0,0.63,0.35,0.02
OAS30835,0,0,0.78,0.22,0.0,0,0.76,0.21,0.03
OAS30835,0,0,0.78,0.22,0.0,0,0.7,0.28,0.02
OAS30835,0,0,0.78,0.22,0.0,0,0.6,0.39,0.01
OAS30835,0,0,0.64,0.36,0.0,0,0.59,0.37,0.04
OAS30837,1,1,0.15,0.69,0.16,1,0.1,0.57,0.33
OAS30837,1,2,0.05,0.41,0.54,2,0.06,0.36,0.58
OAS30837,1,1,0.23,0.55,0.22,1,0.21,0.58,0.21
OAS30837,1,1,0.16,0.56,0.28,1,0.13,0.58,0.29
OAS30837,1,2,0.01,0.35,0.64,2,0.03,0.23,0.74
OAS30837,2,2,0.02,0.27,0.71,2,0.02,0.22,0.76
OAS30846,0,0,0.9,0.1,0.0,0,0.93,0.07,0.0
OAS30872,0,0,0.78,0.22,0.0,0,0.75,0.23,0.02
OAS30872,0,0,0.55,0.44,0.01,0,0.56,0.42,0.02
OAS30872,0,0,0.7,0.3,0.0,0,0.73,0.26,0.01
OAS30872,0,0,0.81,0.19,0.0,0,0.67,0.33,0.0
OAS30872,0,0,0.85,0.14,0.01,0,0.71,0.28,0.01
OAS30872,0,0,0.69,0.3,0.01,0,0.57,0.36,0.07
OAS30877,0,0,0.77,0.22,0.01,0,0.64,0.32,0.04
OAS30877,0,0,0.78,0.19,0.03,0,0.72,0.28,0.0
OAS30877,1,0,0.8,0.18,0.02,0,0.69,0.27,0.04
OAS30877,0,0,0.73,0.24,0.03,0,0.65,0.28,0.07
OAS30882,1,2,0.01,0.17,0.82,2,0.02,0.2,0.78
OAS30897,1,0,0.66,0.33,0.01,0,0.6,0.38,0.02
OAS30897,0,0,0.57,0.36,0.07,0,0.47,0.42,0.11
OAS30897,0,0,0.83,0.12,0.05,0,0.73,0.25,0.02
OAS30897,0,0,0.61,0.39,0.0,0,0.66,0.31,0.03
OAS30897,0,0,0.61,0.38,0.01,0,0.63,0.35,0.02
OAS30897,0,0,0.68,0.3,0.02,0,0.58,0.41,0.01
OAS30903,0,0,0.76,0.24,0.0,0,0.6,0.38,0.02
OAS30903,0,0,0.62,0.37,0.01,1,0.46,0.52,0.02
OAS30903,1,1,0.41,0.53,0.06,1,0.27,0.67,0.06
OAS30903,0,0,0.57,0.37,0.06,1,0.35,0.54,0.11
OAS30904,0,0,0.95,0.05,0.0,0,0.92,0.07,0.01
OAS30904,0,0,0.9,0.1,0.0,0,0.87,0.12,0.01
OAS30904,0,0,0.94,0.06,0.0,0,0.83,0.13,0.04
OAS30904,0,0,0.98,0.02,0.0,0,0.86,0.14,0.0
OAS30904,0,0,0.98,0.02,0.0,0,0.92,0.08,0.0
OAS30904,0,0,0.85,0.15,0.0,0,0.94,0.06,0.0
OAS30907,0,0,0.6,0.38,0.02,0,0.5,0.46,0.04
OAS30907,0,0,0.77,0.2,0.03,0,0.57,0.4,0.03
OAS30907,0,0,0.84,0.16,0.0,0,0.72,0.27,0.01
OAS30907,0,0,0.7,0.28,0.02,1,0.48,0.49,0.03
OAS30907,0,0,0.73,0.26,0.01,0,0.62,0.38,0.0
OAS30907,0,0,0.73,0.24,0.03,0,0.51,0.46,0.03
OAS30907,0,0,0.83,0.17,0.0,0,0.66,0.33,0.01
OAS30907,0,1,0.4,0.57,0.03,1,0.3,0.65,0.05
OAS30907,0,0,0.63,0.37,0.0,0,0.66,0.32,0.02
OAS30907,0,0,0.63,0.37,0.0,1,0.43,0.51,0.06
OAS30916,0,0,0.95,0.05,0.0,0,0.93,0.07,0.0
OAS30916,0,0,0.88,0.12,0.0,0,0.89,0.11,0.0
OAS30916,0,0,1.0,0.0,0.0,0,0.95,0.05,0.0
OAS30916,0,0,0.98,0.02,0.0,0,0.93,0.07,0.0
OAS30929,0,0,0.62,0.34,0.04,1,0.42,0.52,0.06
OAS30929,0,1,0.4,0.52,0.08,1,0.32,0.47,0.21
OAS30929,1,1,0.36,0.5,0.14,1,0.27,0.59,0.14
OAS30929,1,1,0.12,0.54,0.34,1,0.1,0.54,0.36
OAS30932,0,0,0.78,0.21,0.01,0,0.7,0.27,0.03
OAS30932,0,0,0.73,0.22,0.05,0,0.53,0.31,0.16
OAS30932,1,0,0.86,0.11,0.03,0,0.75,0.21,0.04
OAS30932,0,0,0.7,0.18,0.12,0,0.64,0.26,0.1
OAS30932,0,0,0.8,0.11,0.09,0,0.68,0.25,0.07
OAS30932,1,1,0.08,0.59,0.33,1,0.1,0.65,0.25
OAS30932,1,1,0.23,0.45,0.32,1,0.13,0.58,0.29
OAS30932,1,0,0.41,0.39,0.2,1,0.35,0.4,0.25
OAS30936,0,0,0.73,0.26,0.01,0,0.66,0.33,0.01
OAS30936,0,0,0.85,0.15,0.0,0,0.83,0.16,0.01
OAS30936,0,0,0.76,0.23,0.01,0,0.77,0.23,0.0
OAS30936,0,0,0.94,0.05,0.01,0,0.91,0.09,0.0
OAS30936,0,0,0.87,0.13,0.0,0,0.91,0.09,0.0
OAS30936,0,0,0.88,0.1,0.02,0,0.74,0.22,0.04
OAS30936,0,0,0.97,0.03,0.0,0,0.93,0.07,0.0
OAS30936,0,0,0.86,0.14,0.0,0,0.84,0.16,0.0
OAS30936,0,0,0.86,0.14,0.0,0,0.86,0.14,0.0
OAS30936,0,0,0.99,0.01,0.0,0,0.93,0.07,0.0
OAS30936,0,0,0.92,0.08,0.0,0,0.9,0.1,0.0
OAS30936,0,0,0.92,0.08,0.0,0,0.91,0.09,0.0
OAS30936,0,0,0.75,0.24,0.01,0,0.76,0.22,0.02
OAS30936,0,0,0.94,0.06,0.0,0,0.93,0.07,0.0
OAS30936,0,0,0.8,0.2,0.0,0,0.83,0.17,0.0
OAS30936,0,0,0.95,0.05,0.0,0,0.9,0.1,0.0
OAS30936,0,0,0.97,0.03,0.0,0,0.93,0.07,0.0
OAS30936,0,0,0.92,0.08,0.0,0,0.91,0.09,0.0
OAS30936,0,0,0.93,0.07,0.0,0,0.9,0.1,0.0
OAS30943,0,0,0.84,0.15,0.01,0,0.86,0.11,0.03
OAS30943,0,0,0.94,0.06,0.0,0,0.87,0.12,0.01
OAS30943,0,0,0.79,0.19,0.02,0,0.67,0.31,0.02
OAS30943,0,0,0.84,0.16,0.0,0,0.75,0.21,0.04
OAS30943,0,0,0.85,0.15,0.0,0,0.78,0.19,0.03
OAS30944,0,0,0.81,0.18,0.01,0,0.61,0.34,0.05
OAS30944,0,0,0.82,0.17,0.01,0,0.65,0.33,0.02
OAS30944,0,0,0.58,0.39,0.03,0,0.53,0.45,0.02
OAS30944,0,0,0.78,0.22,0.0,0,0.79,0.19,0.02
OAS30944,0,0,0.64,0.34,0.02,1,0.44,0.53,0.03
OAS30944,0,0,0.94,0.06,0.0,0,0.83,0.17,0.0
OAS30944,0,0,0.7,0.3,0.0,0,0.57,0.38,0.05
OAS30944,0,0,0.87,0.13,0.0,0,0.62,0.35,0.03
OAS30944,0,1,0.45,0.5,0.05,1,0.42,0.47,0.11
OAS30944,0,1,0.49,0.51,0.0,0,0.56,0.43,0.01
OAS30944,1,0,0.54,0.44,0.02,1,0.43,0.56,0.01
OAS30944,2,1,0.19,0.57,0.24,1,0.16,0.48,0.36
OAS30948,2,2,0.0,0.02,0.98,2,0.02,0.17,0.81
OAS30949,0,0,0.79,0.21,0.0,0,0.72,0.26,0.02
OAS30949,0,0,0.62,0.35,0.03,0,0.67,0.28,0.05
OAS30949,0,0,0.77,0.22,0.01,0,0.75,0.21,0.04
OAS30949,0,0,0.73,0.26,0.01,0,0.68,0.28,0.04
OAS30949,0,0,0.68,0.32,0.0,0,0.58,0.35,0.07
OAS30949,0,0,0.72,0.25,0.03,0,0.58,0.35,0.07
OAS30949,0,0,0.78,0.21,0.01,0,0.67,0.29,0.04
OAS30949,0,0,0.77,0.22,0.01,0,0.6,0.33,0.07
OAS30949,1,0,0.7,0.29,0.01,0,0.65,0.27,0.08
OAS30952,1,2,0.05,0.05,0.9,2,0.06,0.19,0.75
OAS30952,2,2,0.02,0.15,0.83,2,0.08,0.21,0.71
OAS30953,1,1,0.33,0.45,0.22,1,0.37,0.39,0.24
OAS30953,1,1,0.17,0.47,0.36,1,0.1,0.57,0.33
OAS30953,2,2,0.03,0.35,0.62,2,0.07,0.32,0.61
OAS30970,0,0,0.85,0.15,0.0,0,0.76,0.23,0.01
OAS30970,0,0,0.71,0.29,0.0,0,0.71,0.27,0.02
OAS30970,0,0,0.86,0.14,0.0,0,0.85,0.15,0.0
OAS30970,0,0,0.84,0.16,0.0,0,0.83,0.15,0.02
OAS30972,1,1,0.36,0.55,0.09,1,0.45,0.47,0.08
OAS30972,1,0,0.57,0.39,0.04,0,0.47,0.46,0.07
OAS30972,1,1,0.41,0.53,0.06,1,0.41,0.54,0.05
OAS30972,0,1,0.47,0.49,0.04,1,0.38,0.56,0.06
OAS30972,1,0,0.54,0.43,0.03,1,0.32,0.61,0.07
OAS30972,0,1,0.35,0.51,0.14,1,0.25,0.61,0.14
OAS30972,0,1,0.37,0.48,0.15,1,0.25,0.51,0.24
OAS30972,1,1,0.37,0.52,0.11,1,0.27,0.54,0.19
OAS30972,1,1,0.27,0.55,0.18,1,0.16,0.58,0.26
OAS30979,0,0,0.72,0.28,0.0,0,0.73,0.25,0.02
OAS30979,0,0,0.91,0.09,0.0,0,0.92,0.07,0.01
OAS30979,0,0,0.89,0.11,0.0,0,0.82,0.18,0.0
OAS30979,0,0,0.87,0.12,0.01,0,0.86,0.14,0.0
OAS30979,0,0,0.8,0.16,0.04,0,0.73,0.24,0.03
OAS30989,0,0,0.89,0.11,0.0,0,0.88,0.12,0.0
OAS30989,0,0,0.96,0.04,0.0,0,0.93,0.07,0.0
OAS30996,0,0,0.74,0.14,0.12,0,0.58,0.32,0.1
OAS30996,0,0,0.75,0.19,0.06,0,0.48,0.41,0.11
OAS30996,0,0,0.49,0.36,0.15,1,0.35,0.49,0.16
OAS30996,0,0,0.62,0.33,0.05,0,0.57,0.37,0.06
OAS30996,0,0,0.74,0.22,0.04,0,0.75,0.2,0.05
OAS30996,0,0,0.78,0.13,0.09,0,0.62,0.26,0.12
OAS30997,0,0,0.97,0.03,0.0,0,0.96,0.03,0.01
OAS30997,0,0,0.85,0.15,0.0,0,0.83,0.17,0.0
OAS30997,0,0,0.94,0.05,0.01,0,0.88,0.09,0.03
OAS31000,0,0,0.72,0.28,0.0,0,0.85,0.14,0.01
OAS31000,0,0,0.68,0.27,0.05,0,0.71,0.28,0.01
OAS31000,1,0,0.69,0.3,0.01,0,0.72,0.26,0.02
OAS31000,0,0,0.68,0.31,0.01,0,0.67,0.31,0.02
OAS31006,0,1,0.42,0.55,0.03,0,0.49,0.48,0.03
OAS31017,0,1,0.31,0.48,0.21,1,0.14,0.59,0.27
OAS31017,0,0,0.83,0.16,0.01,0,0.8,0.19,0.01
OAS31023,0,0,0.94,0.06,0.0,0,0.92,0.08,0.0
OAS31023,0,0,0.98,0.02,0.0,0,0.97,0.03,0.0
OAS31023,0,0,0.93,0.07,0.0,0,0.83,0.15,0.02
OAS31026,0,0,0.9,0.1,0.0,0,0.77,0.22,0.01
OAS31026,0,0,0.92,0.08,0.0,0,0.89,0.11,0.0
OAS31026,1,0,0.85,0.15,0.0,0,0.8,0.2,0.0
OAS31026,1,1,0.41016949152542376,0.5896610169491525,0.00016949152542372882,1,0.28,0.64,0.08
OAS31026,1,1,0.28,0.65,0.07,1,0.34,0.55,0.11
OAS31030,1,2,0.07,0.43,0.5,2,0.05,0.43,0.52
OAS31030,2,2,0.0,0.02,0.98,2,0.01,0.03,0.96
OAS31031,0,0,0.92,0.08,0.0,0,0.87,0.13,0.0
OAS31031,0,0,0.99,0.01,0.0,0,0.97,0.03,0.0
OAS31031,0,0,0.98,0.01,0.01,0,0.97,0.03,0.0
OAS31031,0,0,0.97,0.03,0.0,0,0.98,0.02,0.0
OAS31031,0,0,0.97,0.03,0.0,0,0.93,0.07,0.0
OAS31031,0,0,0.98,0.02,0.0,0,0.93,0.07,0.0
OAS31031,0,0,0.96,0.04,0.0,0,0.9,0.09,0.01
OAS31031,0,0,0.97,0.02,0.01,0,0.93,0.07,0.0
OAS31031,0,0,0.96,0.04,0.0,0,0.97,0.03,0.0
OAS31031,0,0,0.97,0.02,0.01,0,0.95,0.05,0.0
OAS31031,0,0,0.93,0.07,0.0,0,0.91,0.08,0.01
OAS31034,0,0,0.79,0.21,0.0,0,0.64,0.36,0.0
OAS31034,0,0,0.82,0.18,0.0,0,0.65,0.34,0.01
OAS31045,0,0,0.82,0.18,0.0,0,0.81,0.19,0.0
OAS31045,0,0,0.77,0.22,0.01,0,0.64,0.32,0.04
OAS31045,0,0,0.99,0.01,0.0,0,0.92,0.08,0.0
OAS31045,0,0,0.77,0.2,0.03,0,0.66,0.3,0.04
OAS31045,0,0,0.95,0.04,0.01,0,0.83,0.13,0.04
OAS31045,1,0,0.86,0.14,0.0,0,0.67,0.32,0.01
OAS31045,1,1,0.27,0.69,0.04,1,0.15,0.73,0.12
OAS31045,2,1,0.19,0.45,0.36,1,0.12,0.53,0.35
OAS31045,2,2,0.14,0.29,0.57,2,0.14,0.37,0.49
OAS31053,1,1,0.3,0.49,0.21,1,0.16,0.47,0.37
OAS31053,2,2,0.03,0.25,0.72,2,0.05,0.19,0.76
OAS31054,1,0,0.6,0.36,0.04,1,0.4,0.46,0.14
OAS31054,2,1,0.09,0.73,0.18,1,0.16,0.71,0.13
OAS31054,1,1,0.1,0.68,0.22,1,0.18,0.62,0.2
OAS31054,2,1,0.21,0.43,0.36,1,0.16,0.48,0.36
OAS31054,2,1,0.16,0.42,0.42,2,0.15,0.36,0.49
OAS31054,2,2,0.03,0.05,0.92,2,0.03,0.12,0.85
OAS31054,2,2,0.02,0.03,0.95,2,0.01,0.07,0.92
OAS31054,2,2,0.02,0.09,0.89,2,0.0,0.13,0.87
OAS31061,0,1,0.21,0.7,0.09,1,0.24,0.56,0.2
OAS31061,0,1,0.23,0.62,0.15,1,0.2,0.47,0.33
OAS31067,2,2,0.0,0.13,0.87,2,0.01,0.1,0.89
OAS31067,2,2,0.0,0.06,0.94,2,0.01,0.14,0.85
OAS31074,1,0,0.66,0.29,0.05,0,0.68,0.3,0.02
OAS31074,0,0,0.5501694915254237,0.4096610169491525,0.04016949152542373,0,0.58,0.38,0.04
OAS31074,0,0,0.67,0.29,0.04,0,0.61,0.36,0.03
OAS31074,1,0,0.7,0.3,0.0,0,0.65,0.33,0.02
OAS31074,1,0,0.53,0.43,0.04,0,0.54,0.41,0.05
OAS31074,0,1,0.31,0.52,0.17,1,0.37,0.57,0.06
OAS31074,1,0,0.71,0.25,0.04,0,0.55,0.36,0.09
OAS31074,1,1,0.11,0.46,0.43,2,0.1,0.38,0.52
OAS31074,1,2,0.16,0.34,0.5,2,0.13,0.32,0.55
OAS31074,1,1,0.11,0.47,0.42,1,0.1,0.47,0.43
OAS31074,1,1,0.21,0.48,0.31,2,0.13,0.42,0.45
OAS31074,1,2,0.06,0.25,0.69,2,0.02,0.34,0.64
OAS31092,0,1,0.48,0.49,0.03,1,0.41,0.5,0.09
OAS31092,0,0,0.7,0.3,0.0,0,0.75,0.24,0.01
OAS31092,1,0,0.94,0.06,0.0,0,0.88,0.12,0.0
OAS31092,0,0,0.67,0.32,0.01,0,0.55,0.41,0.04
OAS31092,1,0,0.77,0.23,0.0,0,0.69,0.31,0.0
OAS31092,0,0,0.69,0.31,0.0,0,0.65,0.33,0.02
OAS31092,0,0,0.68,0.32,0.0,0,0.71,0.28,0.01
OAS31092,0,0,0.9,0.1,0.0,0,0.85,0.15,0.0
OAS31092,1,0,0.72,0.25,0.03,0,0.74,0.23,0.03
OAS31092,1,0,0.55,0.42,0.03,0,0.57,0.39,0.04
OAS31092,2,1,0.34,0.39,0.27,1,0.19,0.43,0.38
OAS31092,2,2,0.19,0.3,0.51,2,0.19,0.3,0.51
OAS31092,2,1,0.3,0.62,0.08,1,0.27,0.63,0.1
OAS31106,0,0,0.76,0.19,0.05,0,0.63,0.33,0.04
OAS31114,0,0,0.82,0.18,0.0,0,0.71,0.29,0.0
OAS31114,0,0,0.75,0.23,0.02,0,0.53,0.42,0.05
OAS31114,0,0,0.8,0.2,0.0,0,0.7,0.3,0.0
OAS31114,0,0,0.77,0.23,0.0,0,0.58,0.39,0.03
OAS31114,0,0,0.84,0.16,0.0,0,0.77,0.22,0.01
OAS31114,0,0,0.75,0.24,0.01,0,0.7,0.28,0.02
OAS31114,0,0,0.61,0.32,0.07,0,0.53,0.42,0.05
OAS31117,0,0,0.79,0.21,0.0,0,0.81,0.19,0.0
OAS31117,0,0,0.88,0.12,0.0,0,0.76,0.24,0.0
OAS31117,0,0,0.9,0.1,0.0,0,0.85,0.14,0.01
OAS31117,0,0,0.93,0.07,0.0,0,0.9,0.1,0.0
OAS31117,0,0,0.93,0.07,0.0,0,0.94,0.06,0.0
OAS31117,0,0,0.97,0.03,0.0,0,0.93,0.07,0.0
OAS31123,2,1,0.12,0.56,0.32,2,0.08,0.43,0.49
OAS31123,2,1,0.08,0.55,0.37,2,0.04,0.27,0.69
OAS31127,1,0,0.55,0.4,0.05,0,0.52,0.42,0.06
OAS31127,1,1,0.46,0.48,0.06,1,0.42,0.51,0.07
OAS31127,0,0,0.72,0.28,0.0,1,0.43,0.54,0.03
OAS31127,0,0,0.7,0.26,0.04,0,0.61,0.38,0.01
OAS31127,0,0,0.65,0.29,0.06,0,0.5,0.42,0.08
OAS31127,0,0,0.59,0.38,0.03,1,0.38,0.5,0.12
OAS31137,0,0,0.94,0.06,0.0,0,0.81,0.18,0.01
OAS31137,0,0,0.92,0.08,0.0,0,0.87,0.13,0.0
OAS31137,0,0,0.93,0.07,0.0,0,0.86,0.14,0.0
OAS31137,0,0,0.95,0.05,0.0,0,0.84,0.16,0.0
OAS31147,0,0,0.79,0.18,0.03,0,0.77,0.16,0.07
OAS31148,0,0,0.53,0.38,0.09,0,0.52,0.42,0.06
OAS31148,0,0,0.51,0.33,0.16,1,0.35,0.43,0.22
OAS31151,0,0,0.52,0.39,0.09,0,0.39,0.36,0.25
OAS31151,0,1,0.29,0.57,0.14,1,0.19,0.54,0.27
OAS31151,0,1,0.22,0.52,0.26,1,0.15,0.49,0.36
OAS31154,1,0,0.69,0.31,0.0,0,0.53,0.4,0.07
OAS31154,0,0,0.67,0.29,0.04,0,0.56,0.4,0.04
OAS31159,0,0,0.97,0.03,0.0,0,0.93,0.07,0.0
OAS31159,0,0,0.85,0.14,0.01,0,0.83,0.17,0.0
OAS31159,0,0,0.99,0.01,0.0,0,0.94,0.06,0.0
OAS31159,0,0,0.96,0.04,0.0,0,0.9,0.1,0.0
OAS31159,0,0,0.92,0.08,0.0,0,0.87,0.13,0.0
OAS31159,0,0,0.9,0.1,0.0,0,0.83,0.16,0.01
OAS31159,0,0,0.96,0.04,0.0,0,0.93,0.07,0.0
OAS31160,0,0,0.95,0.05,0.0,0,0.94,0.04,0.02
OAS31160,0,0,0.96,0.04,0.0,0,0.91,0.08,0.01
OAS31160,0,0,0.96,0.04,0.0,0,0.91,0.08,0.01
OAS31160,0,0,0.98,0.02,0.0,0,0.94,0.06,0.0
OAS31160,0,0,0.97,0.03,0.0,0,0.98,0.02,0.0
OAS31160,0,0,0.98,0.02,0.0,0,0.96,0.04,0.0
OAS31160,0,0,0.97,0.03,0.0,0,0.96,0.04,0.0
OAS31160,0,0,0.96,0.04,0.0,0,0.94,0.06,0.0
OAS31160,0,0,1.0,0.0,0.0,0,0.94,0.06,0.0
OAS31160,0,0,0.98,0.02,0.0,0,0.94,0.05,0.01
OAS31160,0,0,0.99,0.01,0.0,0,0.99,0.01,0.0
OAS31160,0,0,0.98,0.02,0.0,0,0.94,0.06,0.0
OAS31160,0,0,0.97,0.03,0.0,0,0.98,0.02,0.0
OAS31160,0,0,0.98,0.02,0.0,0,0.93,0.07,0.0
OAS31164,0,0,0.82,0.18,0.0,0,0.63,0.33,0.04
OAS31164,0,0,0.65,0.32,0.03,1,0.42,0.52,0.06
OAS31164,0,0,0.61,0.39,0.0,1,0.44,0.51,0.05
OAS31164,0,0,0.66,0.29,0.05,0,0.61,0.33,0.06
OAS31164,0,0,0.49,0.41,0.1,1,0.37,0.58,0.05
OAS31164,0,1,0.33,0.62,0.05,1,0.29,0.62,0.09
OAS31164,0,0,0.65,0.27,0.08,1,0.34,0.52,0.14
OAS31164,0,1,0.2403846153846154,0.7192307692307692,0.04038461538461538,1,0.25,0.7,0.05
OAS31167,0,0,1.0,0.0,0.0,0,0.88,0.12,0.0
OAS31167,0,0,0.95,0.05,0.0,0,0.93,0.07,0.0
OAS31169,0,0,1.0,0.0,0.0,0,0.89,0.11,0.0
OAS31169,1,1,0.41,0.44,0.15,1,0.27,0.5,0.23
OAS31185,1,1,0.15,0.62,0.23,1,0.22,0.44,0.34
OAS31186,0,0,0.99,0.01,0.0,0,0.93,0.07,0.0
OAS31186,0,0,0.9,0.1,0.0,0,0.84,0.16,0.0
OAS31195,0,1,0.3,0.37,0.33,1,0.29,0.43,0.28
OAS31195,0,1,0.37,0.48,0.15,1,0.39,0.47,0.14
OAS31206,1,1,0.45,0.53,0.02,1,0.45,0.48,0.07
OAS31206,1,1,0.31,0.55,0.14,1,0.18,0.58,0.24
OAS31207,0,0,0.96,0.04,0.0,0,0.82,0.18,0.0
OAS31213,0,0,0.85,0.15,0.0,0,0.8,0.2,0.0
OAS31220,0,0,0.6,0.4,0.0,0,0.56,0.36,0.08
OAS31220,0,0,0.87,0.13,0.0,0,0.78,0.21,0.01
OAS31220,0,0,0.88,0.12,0.0,0,0.79,0.18,0.03
OAS31220,0,0,0.74,0.26,0.0,0,0.71,0.27,0.02
OAS31225,1,0,0.63,0.37,0.0,0,0.63,0.34,0.03
OAS31225,1,0,0.69,0.29,0.02,0,0.72,0.25,0.03
OAS31225,2,1,0.23,0.43,0.34,1,0.2,0.56,0.24
OAS31228,0,0,0.59,0.4,0.01,0,0.61,0.36,0.03
OAS31228,0,0,0.58,0.42,0.0,0,0.51,0.46,0.03
OAS31231,0,0,0.77,0.23,0.0,0,0.76,0.23,0.01
OAS31231,0,0,0.78,0.22,0.0,0,0.66,0.33,0.01
OAS31231,0,0,0.66,0.34,0.0,0,0.55,0.44,0.01
OAS31231,0,0,0.69,0.31,0.0,0,0.7,0.28,0.02
OAS31233,0,0,0.78,0.22,0.0,0,0.59,0.38,0.03
OAS31233,0,0,0.72,0.28,0.0,0,0.64,0.36,0.0
OAS31233,0,0,0.73,0.26,0.01,0,0.62,0.32,0.06
OAS31233,0,2,0.03,0.35,0.62,2,0.03,0.29,0.68
OAS31240,0,0,0.87,0.11,0.02,0,0.71,0.24,0.05
OAS31242,0,0,0.97,0.03,0.0,0,0.91,0.07,0.02
OAS31242,0,0,0.86,0.13,0.01,0,0.84,0.14,0.02
OAS31242,0,0,0.61,0.22,0.17,0,0.47,0.38,0.15
OAS31250,0,0,0.94,0.06,0.0,0,0.94,0.04,0.02
OAS31264,1,1,0.22,0.43,0.35,2,0.12,0.34,0.54
OAS31264,1,2,0.06,0.31,0.63,2,0.05,0.32,0.63
OAS31272,0,0,0.85,0.15,0.0,0,0.82,0.18,0.0
OAS31272,0,0,0.9,0.1,0.0,0,0.79,0.21,0.0
OAS31290,1,1,0.19,0.5,0.31,1,0.17,0.55,0.28
OAS31294,0,0,0.86,0.14,0.0,0,0.69,0.3,0.01
OAS31294,0,0,0.5203846153846154,0.4492307692307692,0.030384615384615385,1,0.46,0.51,0.03
OAS31294,0,1,0.19,0.71,0.1,1,0.22,0.71,0.07
OAS31295,0,0,0.76,0.21,0.03,0,0.65,0.29,0.06
OAS31299,0,0,0.64,0.26,0.1,0,0.61,0.25,0.14
OAS31308,0,0,0.52,0.39,0.09,1,0.42,0.46,0.12
OAS31308,0,1,0.2223076923076923,0.7376923076923078,0.04,1,0.31,0.64,0.05
OAS31331,0,0,0.8,0.2,0.0,0,0.74,0.25,0.01
OAS31331,0,0,0.55,0.4,0.05,0,0.45,0.43,0.12
OAS31342,0,0,0.72,0.25,0.03,0,0.63,0.35,0.02
OAS31344,0,0,0.74,0.24,0.02,0,0.69,0.31,0.0
OAS31344,0,1,0.35,0.55,0.1,1,0.34,0.59,0.07
OAS31352,0,0,0.94,0.06,0.0,0,0.92,0.08,0.0
OAS31352,0,0,0.9,0.1,0.0,0,0.85,0.15,0.0
OAS31352,0,0,0.67,0.32,0.01,0,0.66,0.31,0.03
OAS31353,1,1,0.08,0.55,0.37,2,0.11,0.44,0.45
OAS31353,1,2,0.02,0.2,0.78,2,0.03,0.16,0.81
OAS31353,2,2,0.01,0.03,0.96,2,0.04,0.05,0.91
OAS31354,0,0,0.85,0.14,0.01,0,0.85,0.15,0.0
OAS31354,0,0,0.91,0.09,0.0,0,0.85,0.14,0.01
OAS31354,0,0,0.9,0.1,0.0,0,0.89,0.11,0.0
OAS31354,0,0,0.87,0.13,0.0,0,0.84,0.16,0.0
OAS31360,0,0,0.62,0.36,0.02,0,0.47,0.44,0.09
OAS31360,0,0,0.92,0.08,0.0,0,0.83,0.16,0.01
OAS31366,0,0,0.64,0.36,0.0,0,0.56,0.41,0.03
OAS31369,0,0,0.84,0.14,0.02,0,0.73,0.27,0.0
OAS31369,0,0,0.79,0.21,0.0,0,0.79,0.19,0.02
OAS31385,0,0,0.86,0.14,0.0,0,0.7,0.28,0.02
OAS31390,0,0,0.69,0.29,0.02,0,0.56,0.35,0.09
OAS31401,0,0,0.83,0.17,0.0,0,0.79,0.21,0.0
OAS31401,0,0,0.92,0.08,0.0,0,0.88,0.12,0.0
OAS31401,0,0,0.71,0.28,0.01,0,0.52,0.41,0.07
OAS31405,0,1,0.31,0.5,0.19,1,0.28,0.56,0.16
OAS31405,1,0,0.59,0.18,0.23,0,0.48,0.2,0.32
OAS31416,1,1,0.33,0.57,0.1,1,0.26,0.62,0.12
OAS31416,2,1,0.2,0.52,0.28,2,0.21,0.39,0.4
OAS31419,1,1,0.31,0.49,0.2,1,0.26,0.47,0.27
OAS31421,0,0,0.73,0.27,0.0,0,0.78,0.19,0.03
OAS31421,0,1,0.29,0.68,0.03,1,0.24,0.71,0.05
OAS31423,0,0,0.94,0.06,0.0,0,0.88,0.11,0.01
OAS31427,0,0,0.78,0.21,0.01,0,0.58,0.39,0.03
OAS31427,0,0,0.86,0.14,0.0,0,0.86,0.14,0.0
OAS31427,0,0,0.8,0.2,0.0,0,0.78,0.21,0.01
OAS31428,0,0,0.76,0.24,0.0,0,0.67,0.31,0.02
OAS31441,0,0,0.91,0.09,0.0,0,0.89,0.1,0.01
OAS31444,1,1,0.11,0.47,0.42,1,0.18,0.42,0.4
OAS31444,1,2,0.05,0.37,0.58,2,0.05,0.31,0.64
OAS31456,0,0,0.98,0.02,0.0,0,0.91,0.09,0.0
OAS31456,0,0,0.89,0.11,0.0,0,0.89,0.11,0.0
OAS31458,0,0,0.48,0.42,0.1,1,0.44,0.5,0.06
OAS31458,0,0,0.65,0.33,0.02,0,0.63,0.36,0.01
OAS31463,0,0,0.79,0.2,0.01,0,0.87,0.12,0.01
