,overall,AD,CN,Non-AD,Others,Uncertain
CDRSUM,0.07123114900689335,0.06849179789311315,0.10188478432720416,0.043976535511596054,0.060201455371720024,0.08160117193083337
memory,0.05794477096182623,0.030468497567792057,0.13365410861823024,0.0242344193339305,0.032627341912675425,0.06873948737650293
judgment,0.040655719045540564,0.0409058208249034,0.027959742328771277,0.040292556533777044,0.0546429667588785,0.03947750878137261
orient,0.029420790885793423,0.0474714138222527,0.02018177761537966,0.026026696948293668,0.030235494859795632,0.023188571183245466
SubCortGrayVol,0.02383210856377134,0.012856702194887876,0.032062076263408915,0.019421510080577166,0.03926266754632642,0.015557586733656332
homehobb,0.021462780401743445,0.028792792238773915,0.017510148757923883,0.018434550075298164,0.02367341923955238,0.018902991697168886
LOGIMEM,0.01871392307257249,0.005093937686085992,0.030906025517953496,0.008690294533522864,0.039350378826696064,0.009528978798604041
commun,0.01723611165604355,0.027015890043366023,0.01613533900519979,0.01680125294109985,0.008730126524137953,0.017497949766414146
MMSE,0.01359396677694607,0.013419922877256043,0.017315051865946448,0.01199516745885751,0.013087216237619234,0.01215247544505111
VEG,0.011434173005018863,0.006222042789378521,0.007884800850965084,0.018433674901990812,0.00776637716411092,0.016863969318648985
MEMUNITS,0.010304928180098823,0.021875159363757623,0.00228188467839027,0.015369106376717777,0.004448118981258051,0.007550371500370393
SupraTentorialVol,0.009521329489837796,0.014838338025674837,0.002505886991506426,0.01770954112660848,0.004571460055842274,0.007981421249556957
MEMTIME,0.008822668919149072,0.0030797842382851923,0.011116972855262476,0.008619255779122708,0.01398252845585892,0.007314803267216061
APOE,0.008387600525274938,0.015031765735361177,0.001355874429396012,0.014696103034661302,0.004174149497036461,0.006680109929919738
IntraCranialVol,0.007434973488583377,0.00995099778863889,0.0015914112488749274,0.0114025368176739,0.005829530137817537,0.008400391449911632
lhCortexVol,0.007133658373885102,0.009319002191424156,0.003431129673688248,0.011895954971177488,0.004718135919930625,0.006304069113204999
lhCorticalWhiteMatterVol,0.006625703909625406,0.007066547835567317,0.0014699313828197558,0.010758992712244762,0.005890176507402223,0.007942871110092974
TRAILA,0.0063207109985977325,0.0067744700925521165,0.0025612905373813637,0.011265605480610341,0.004071638430315565,0.00693055045212928
WAIS,0.004822859700646048,0.006465992872393362,0.0029933711459490847,0.00488946961379475,0.0043307232549843425,0.005434741616108698
AgeatEntry,0.004726346252085465,0.0057430406126633025,0.0022767503064789188,0.006076696335323941,0.004635308780980136,0.0048999352249810245
HEIGHT,0.004496748017724666,0.004463027248190081,0.0015601063175200852,0.006225208487115556,0.004405968509090964,0.0058294295267066485
ANIMALS,0.004446390063954054,0.003393270698666732,0.002012247052231998,0.004157138776950889,0.00565745018731648,0.0070118436046041665
DIGIF,0.0044059684431247545,0.0027420870127376857,0.002643992819211469,0.006098300705580327,0.004053930644543673,0.006491531033550619
TRAILB,0.004308311710137805,0.006275405833534423,0.0016359798458203333,0.004446236002016393,0.0033911586762461494,0.005792778193071722
WEIGHT,0.004064430248951432,0.003953955083530655,0.0025571263021549745,0.005154817660195949,0.004720487260664762,0.003935764938210822
DIGIB,0.0035317306899364117,0.0034716196806526636,0.0023697187546461375,0.0038869540871777643,0.0029518378299610514,0.004978523097244443
BOSTON,0.0032588082242996667,0.0029353408967681396,0.0009586044347000331,0.004320353416392616,0.002830703381488448,0.0052490389921490965
perscare,0.002911780135532159,0.0023399997656101644,0.0014647790697761938,0.005064345490441832,0.0017146150450547467,0.003975161306777858
DIGIFLEN,0.0025874417311024475,0.002168359338173232,0.0010653944207921302,0.003149662951488018,0.0028515544271904922,0.0037022375178683647
