,centralized_importance,federated_importance,centralized_rank,federated_rank
CDRSUM,0.07123114900689335,0.06757149330670842,1,1
memory,0.05794477096182623,0.05070073882018563,2,2
judgment,0.040655719045540564,0.0413166327158503,3,3
orient,0.029420790885793423,0.028573021936404604,4,4
SubCortGrayVol,0.02383210856377134,0.0221060159787882,5,6
homehobb,0.021462780401743445,0.022621236616179444,6,5
LOGIMEM,0.01871392307257249,0.017182057478359474,7,8
commun,0.01723611165604355,0.017271902315801578,8,7
MMSE,0.01359396677694607,0.010664517177096901,9,10
VEG,0.011434173005018863,0.00946605822322059,10,12
MEMUNITS,0.010304928180098823,0.011002517665763354,11,9
SupraTentorialVol,0.009521329489837796,0.006773463170600966,12,13
MEMTIME,0.008822668919149072,0.009659091480014134,13,11
APOE,0.008387600525274938,0.006180627628609913,14,14
IntraCranialVol,0.007434973488583377,0.005244560718199945,15,16
lhCortexVol,0.007133658373885102,0.004959259999696228,16,18
lhCorticalWhiteMatterVol,0.006625703909625406,0.0050276061107203136,17,17
TRAILA,0.0063207109985977325,0.00561196865711217,18,15
WAIS,0.004822859700646048,0.0034977790490086104,19,23
AgeatEntry,0.004726346252085465,0.0034780574855764316,20,24
HEIGHT,0.004496748017724666,0.0028340386104709044,21,27
ANIMALS,0.004446390063954054,0.0037309366724911884,22,21
DIGIF,0.0044059684431247545,0.003750469299874261,23,20
TRAILB,0.004308311710137805,0.004308529720952671,24,19
WEIGHT,0.004064430248951432,0.0032019441541523723,25,25
DIGIB,0.0035317306899364117,0.003506855398271691,26,22
BOSTON,0.0032588082242996667,0.0029611096831880174,27,26
perscare,0.002911780135532159,0.0021724846116715677,28,28
DIGIFLEN,0.0025874417311024475,0.0017619923818294602,29,29
