,centralized_mean_abs_shap,federated_mean_abs_shap,centralized_rank,federated_rank
Sumbox,0.06369498442636065,0.06577858965262437,1.0,1.0
Memory,0.05912911883905055,0.04970965907300047,2.0,2.0
Homehobb,0.04173054372588851,0.03155294292618791,3.0,4.0
Judgment,0.03686985141328836,0.040270691630543975,4.0,3.0
Orient,0.030117440304012238,0.027185090831551455,5.0,5.0
Commun,0.01965534074143133,0.017755155817970956,6.0,7.0
MMSE,0.018713582759944423,0.018555657039759525,7.0,6.0
LOGIMEM,0.015072234897974388,0.017516454864681934,8.0,8.0
APOE,0.013332241018857927,0.01056331593659864,9.0,10.0
MEMUNITS,0.010843293072772603,0.012046201015335154,10.0,9.0
TRAILA,0.008482317235115423,0.00831016783987496,11.0,12.0
Height,0.007872947408837056,0.010455253360520111,12.0,11.0
IntraCranialVol,0.007152980057504206,0.005422659706538215,13.0,13.0
SupraTentorialVol,0.0059878765229128585,0.0037768774693553568,14.0,22.0
AgeAtEntry,0.005952928067478719,0.004535246930897454,15.0,16.0
TRAILB,0.005470189830738997,0.004466815250021959,16.0,17.0
LhCorticalWhiteMatterVol,0.005333473459983885,0.0037141875298833406,17.0,24.0
VEG,0.005230261579546448,0.0038611872685664606,18.0,21.0
DIGIF,0.004980149756907656,0.004572725151609647,19.0,15.0
Perscare,0.004782681569555246,0.004069413296121903,20.0,19.0
lhCortexVol,0.004775768356481128,0.0035938545656135704,21.0,25.0
ANIMALS,0.004643089360462166,0.004871572654787154,22.0,14.0
Weight,0.004519443797930256,0.004404847241625475,23.0,18.0
DIGIFLEN,0.004474554748012435,0.0039291700695369665,24.0,20.0
DIGIBLEN,0.004122085269095103,0.0031156335983405586,25.0,28.0
SubCortGrayVol,0.004091989040265562,0.00323265051648403,26.0,27.0
WAIS,0.004060906294149312,0.00374316421037854,27.0,23.0
BOSTON,0.003973364762688147,0.003012964206480245,28.0,29.0
DIGIB,0.003123516359609046,0.0034523233230178544,29.0,26.0
