,overall_mean_abs_shap,AD,CN,Non-AD,Others,Uncertain
Sumbox,0.06569583421253192,0.05240223720769037,0.11542657215117781,0.03985067183076697,0.04386255971704387,0.07693713015598058
Memory,0.05909289834673093,0.02643369363090433,0.14078423417791272,0.017570734598731933,0.03642058341434828,0.07425524591175735
Judgment,0.03921905900451866,0.04261637991600335,0.03320745940241499,0.02976143295851136,0.05946515346226919,0.031044869283394404
Orient,0.03132057277245492,0.05034456749167382,0.024603191921296497,0.02522574138097214,0.029558389090183552,0.026870973978148575
Homehobb,0.027473365536502897,0.0375510403706813,0.024857453485277455,0.022657007813859823,0.03378765212553512,0.018513673887160794
Commun,0.02094816338482558,0.02818545021731897,0.017957598325268366,0.02410552974346052,0.008916802116684584,0.025575436521395465
MEMUNITS,0.013058359255330564,0.02537377702296394,0.009595410852904137,0.014224435912745755,0.008530747535606868,0.007567424952432126
MMSE,0.012849927840719427,0.012838126938003366,0.01757225630511256,0.008357699032343771,0.0137507215072046,0.011730835420932841
LOGIMEM,0.011908742063408709,0.01807757675201596,0.011056385296343087,0.00787455508288534,0.014909427555696712,0.007625765630102442
APOE,0.010683305261449465,0.015461337855037411,0.008593814358383465,0.015645795478667922,0.009206536829050498,0.004509041786108034
TRAILA,0.007742613645837578,0.0041224840605932535,0.007028216571667203,0.013233390581576366,0.0060622781901276766,0.008266698825223392
Height,0.007609213796956014,0.004462761147391544,0.008277545863986045,0.004767912998137383,0.013915347705325229,0.00662250126993987
Weight,0.006114833840135274,0.008857912539410633,0.0009531998390325255,0.013516664917830917,0.0019704631597070267,0.005275928744695266
TRAILB,0.005507877651028402,0.007280646027558614,0.0032000042874420114,0.004562979973370891,0.004432072734450072,0.008063685232320423
VEG,0.005504012722781775,0.004578121406291822,0.003891372073738083,0.00880417097147706,0.004159905322280567,0.0060864938401213415
AgeAtEntry,0.005295878430927974,0.005581385350157008,0.004044212342328977,0.006942724374479945,0.00619259856504691,0.003718471522627034
ANIMALS,0.0050965584696944875,0.008124675655208732,0.0027161755759330173,0.0032922569183269556,0.004711157594457818,0.0066385266045459156
WAIS,0.004844620238100548,0.005610537334955256,0.0038039450720898623,0.0034466306068234942,0.006172295000322878,0.005189693176311248
IntraCranialVol,0.004636153280093415,0.0031528258908664667,0.002627146686085666,0.004678095331662776,0.006350369015287604,0.006372329476564563
Perscare,0.00437467051048431,0.00385478859095845,0.00047061090643813635,0.008333434230695798,0.0025547038935753268,0.006659814930753836
lhCortexVol,0.004089475994912818,0.004260211252894349,0.0014798287590138519,0.005657266317340361,0.003793198074074198,0.005256875571241331
SupraTentorialVol,0.0037370687731852134,0.004130868479069471,0.002779898182010041,0.004521856510051378,0.003797126539148144,0.003455594155647031
DIGIFLEN,0.003718588743055855,0.0036219660749365256,0.003943198030117119,0.0038681661643788427,0.0042912642886178435,0.002868349157228946
BOSTON,0.0034435209384756846,0.0033638635814886076,0.002572320078074452,0.0032190750290532135,0.003969815559070939,0.004092530444691212
DIGIBLEN,0.0034199592905889476,0.0038956032023083416,0.002365251024443327,0.003164333109194765,0.00365293579914753,0.004021673317850772
DIGIB,0.003345046718752842,0.0040938569549330475,0.0021554921857301827,0.002811272637279335,0.003110463908972585,0.004554147906849058
SubCortGrayVol,0.0032820622022638594,0.0030714856988311736,0.0017020167778477868,0.003231809689051492,0.004600936027275489,0.0038040628183133554
LhCorticalWhiteMatterVol,0.003151722936331353,0.003146406754102934,0.0015717235457998544,0.004020231022064329,0.003488826029998327,0.0035314273296913226
DIGIF,0.002787629150256046,0.002132601200260267,0.0032196651489308907,0.0024088413090868435,0.0038105612988929187,0.0023664767941093115
